# Force and moment coefficients
# dragDir     : (1.000000e+00 0.000000e+00 0.000000e+00)
# sideDir     : (0.000000e+00 1.000000e+00 0.000000e+00)
# liftDir     : (0.000000e+00 0.000000e+00 1.000000e+00)
# rollAxis    : (1.000000e+00 0.000000e+00 0.000000e+00)
# pitchAxis   : (0.000000e+00 1.000000e+00 0.000000e+00)
# yawAxis     : (0.000000e+00 0.000000e+00 1.000000e+00)
# magUInf     : 1.667000e+01
# lRef        : 2.765000e+00
# Aref        : 2.162000e+00
# CofR        : (2.765000e+00 0.000000e+00 5.000000e-01)
#
# Time        	Cd            	Cd(f)         	Cd(r)         	Cl            	Cl(f)         	Cl(r)         	CmPitch       	CmRoll        	CmYaw         	Cs            	Cs(f)         	Cs(r)         
1             	1.437363e+01	7.176857e+00	7.196775e+00	-1.629626e-01	2.190614e+00	-2.353576e+00	2.272095e+00	-9.958870e-03	1.537977e-03	4.128119e-02	2.217857e-02	1.910262e-02
2             	5.965096e+00	2.977582e+00	2.987514e+00	1.692412e-01	1.082558e+00	-9.133172e-01	9.979378e-01	-4.965810e-03	-2.713895e-04	6.219571e-03	2.838396e-03	3.381175e-03
3             	3.284934e+00	1.631385e+00	1.653549e+00	3.375032e-01	6.849755e-01	-3.474723e-01	5.162239e-01	-1.108233e-02	-3.440772e-03	1.967439e-02	6.396425e-03	1.327797e-02
4             	1.354918e+00	6.711221e-01	6.837961e-01	3.012966e-01	4.197285e-01	-1.184319e-01	2.690802e-01	-6.337018e-03	-3.378790e-03	1.173424e-02	2.488330e-03	9.245910e-03
5             	8.038397e-01	3.972740e-01	4.065657e-01	2.423372e-01	3.139568e-01	-7.161956e-02	1.927882e-01	-4.645881e-03	-5.489963e-03	1.115724e-02	8.865939e-05	1.106859e-02
6             	6.274732e-01	3.096442e-01	3.178290e-01	2.510496e-01	3.147940e-01	-6.374445e-02	1.892692e-01	-4.092379e-03	-5.876820e-03	1.018281e-02	-7.854156e-04	1.096822e-02
7             	5.780488e-01	2.854508e-01	2.925980e-01	3.042911e-01	3.586161e-01	-5.432502e-02	2.064706e-01	-3.573579e-03	-5.654463e-03	9.605509e-03	-8.517085e-04	1.045722e-02
8             	5.754670e-01	2.840268e-01	2.914402e-01	3.711729e-01	4.133440e-01	-4.217112e-02	2.277576e-01	-3.706673e-03	-5.018732e-03	1.094232e-02	4.524262e-04	1.048989e-02
9             	5.878752e-01	2.902916e-01	2.975836e-01	4.460599e-01	4.710393e-01	-2.497936e-02	2.480093e-01	-3.645982e-03	-2.805255e-03	9.552477e-03	1.970983e-03	7.581494e-03
10            	5.973340e-01	2.952039e-01	3.021301e-01	5.078806e-01	5.151750e-01	-7.294482e-03	2.612348e-01	-3.463113e-03	-5.285662e-04	8.085808e-03	3.514338e-03	4.571470e-03
11            	5.999089e-01	2.967663e-01	3.031426e-01	5.452079e-01	5.374968e-01	7.711126e-03	2.648928e-01	-3.188173e-03	8.499680e-04	7.606049e-03	4.652993e-03	2.953057e-03
12            	5.975392e-01	2.956108e-01	3.019285e-01	5.581946e-01	5.395483e-01	1.864631e-02	2.604510e-01	-3.158853e-03	1.141143e-03	1.015030e-02	6.216295e-03	3.934009e-03
13            	5.898782e-01	2.915630e-01	2.983151e-01	5.482781e-01	5.230490e-01	2.522905e-02	2.489100e-01	-3.376057e-03	4.269796e-04	1.549499e-02	8.174474e-03	7.320515e-03
14            	5.786613e-01	2.857477e-01	2.929136e-01	5.222476e-01	4.943792e-01	2.786838e-02	2.332554e-01	-3.582930e-03	-7.619025e-04	2.089076e-02	9.683479e-03	1.120728e-02
15            	5.680338e-01	2.800913e-01	2.879425e-01	4.866353e-01	4.596652e-01	2.697007e-02	2.163476e-01	-3.925615e-03	-2.262586e-03	2.513557e-02	1.030520e-02	1.483037e-02
16            	5.596310e-01	2.754059e-01	2.842251e-01	4.478954e-01	4.242583e-01	2.363715e-02	2.003106e-01	-4.409608e-03	-3.992450e-03	2.874564e-02	1.038037e-02	1.836527e-02
17            	5.507927e-01	2.706674e-01	2.801253e-01	4.103459e-01	3.907131e-01	1.963280e-02	1.855402e-01	-4.728939e-03	-5.978263e-03	3.244209e-02	1.024278e-02	2.219931e-02
18            	5.427279e-01	2.661385e-01	2.765894e-01	3.750150e-01	3.597708e-01	1.524421e-02	1.722633e-01	-5.225483e-03	-8.285027e-03	3.653111e-02	9.980529e-03	2.655058e-02
19            	5.352706e-01	2.617469e-01	2.735237e-01	3.459427e-01	3.348361e-01	1.110653e-02	1.618648e-01	-5.888432e-03	-1.034986e-02	3.978611e-02	9.543192e-03	3.024292e-02
20            	5.276788e-01	2.574563e-01	2.702225e-01	3.249822e-01	3.171713e-01	7.810885e-03	1.546802e-01	-6.383098e-03	-1.147106e-02	3.997211e-02	8.514994e-03	3.145712e-02
21            	5.182281e-01	2.527296e-01	2.654985e-01	3.092083e-01	3.040648e-01	5.143497e-03	1.494606e-01	-6.384421e-03	-1.131857e-02	3.626940e-02	6.816126e-03	2.945327e-02
22            	5.078515e-01	2.480150e-01	2.598364e-01	2.961329e-01	2.934095e-01	2.723464e-03	1.453430e-01	-5.910708e-03	-1.023467e-02	3.020895e-02	4.869804e-03	2.533915e-02
23            	4.978493e-01	2.436397e-01	2.542095e-01	2.860811e-01	2.853708e-01	7.102772e-04	1.423303e-01	-5.284884e-03	-8.718060e-03	2.415235e-02	3.358113e-03	2.079423e-02
24            	4.902953e-01	2.404346e-01	2.498607e-01	2.810900e-01	2.815421e-01	-4.520323e-04	1.409970e-01	-4.713087e-03	-7.151963e-03	1.916497e-02	2.430522e-03	1.673445e-02
25            	4.857501e-01	2.385938e-01	2.471563e-01	2.822134e-01	2.826202e-01	-4.068261e-04	1.415135e-01	-4.281280e-03	-5.953532e-03	1.659541e-02	2.344175e-03	1.425124e-02
26            	4.850738e-01	2.383536e-01	2.467202e-01	2.878657e-01	2.872529e-01	6.128870e-04	1.433200e-01	-4.183317e-03	-5.385643e-03	1.718516e-02	3.206936e-03	1.397822e-02
27            	4.889470e-01	2.400792e-01	2.488678e-01	2.960617e-01	2.939889e-01	2.072861e-03	1.459580e-01	-4.394296e-03	-5.268890e-03	1.980367e-02	4.632944e-03	1.517072e-02
28            	4.961661e-01	2.434003e-01	2.527658e-01	3.035737e-01	3.002466e-01	3.327156e-03	1.484597e-01	-4.682766e-03	-5.321457e-03	2.310107e-02	6.229078e-03	1.687199e-02
29            	5.038984e-01	2.469644e-01	2.569340e-01	3.074831e-01	3.035771e-01	3.906002e-03	1.498355e-01	-4.984795e-03	-5.266353e-03	2.593787e-02	7.702581e-03	1.823529e-02
30            	5.089906e-01	2.492693e-01	2.597213e-01	3.071721e-01	3.032982e-01	3.873909e-03	1.497121e-01	-5.226001e-03	-5.027854e-03	2.749817e-02	8.721232e-03	1.877694e-02
31            	5.103020e-01	2.497773e-01	2.605247e-01	3.041663e-01	3.006388e-01	3.527508e-03	1.485556e-01	-5.373678e-03	-4.766435e-03	2.785219e-02	9.159661e-03	1.869253e-02
32            	5.094143e-01	2.492341e-01	2.601801e-01	3.006098e-01	2.974579e-01	3.151883e-03	1.471530e-01	-5.472989e-03	-4.704357e-03	2.776719e-02	9.179239e-03	1.858795e-02
33            	5.086056e-01	2.487259e-01	2.598797e-01	2.978310e-01	2.952309e-01	2.600033e-03	1.463154e-01	-5.576888e-03	-4.972714e-03	2.789786e-02	8.976217e-03	1.892164e-02
34            	5.079356e-01	2.482952e-01	2.596404e-01	2.959959e-01	2.940821e-01	1.913784e-03	1.460841e-01	-5.672563e-03	-5.459088e-03	2.819566e-02	8.638743e-03	1.955692e-02
35            	5.069025e-01	2.477479e-01	2.591547e-01	2.941938e-01	2.930958e-01	1.098039e-03	1.459989e-01	-5.703408e-03	-6.158090e-03	2.857264e-02	8.128233e-03	2.044441e-02
36            	5.055437e-01	2.472096e-01	2.583340e-01	2.924570e-01	2.922901e-01	1.668897e-04	1.460616e-01	-5.562197e-03	-6.995164e-03	2.877906e-02	7.394366e-03	2.138469e-02
37            	5.036456e-01	2.466925e-01	2.569531e-01	2.909916e-01	2.915978e-01	-6.062783e-04	1.461021e-01	-5.130343e-03	-7.747590e-03	2.820159e-02	6.353205e-03	2.184839e-02
38            	5.012782e-01	2.462222e-01	2.550561e-01	2.901531e-01	2.912434e-01	-1.090236e-03	1.461668e-01	-4.416971e-03	-8.295197e-03	2.652911e-02	4.969360e-03	2.155975e-02
39            	4.985431e-01	2.458755e-01	2.526676e-01	2.903431e-01	2.915320e-01	-1.188888e-03	1.463605e-01	-3.396038e-03	-8.398903e-03	2.331457e-02	3.258380e-03	2.005619e-02
40            	4.948817e-01	2.453631e-01	2.495186e-01	2.917908e-01	2.924205e-01	-6.296825e-04	1.465251e-01	-2.077743e-03	-7.932736e-03	1.853162e-02	1.333075e-03	1.719855e-02
41            	4.895945e-01	2.440998e-01	2.454947e-01	2.932800e-01	2.926572e-01	6.227992e-04	1.460172e-01	-6.974230e-04	-6.996557e-03	1.293901e-02	-5.270537e-04	1.346606e-02
42            	4.844961e-01	2.427321e-01	2.417640e-01	2.936412e-01	2.918048e-01	1.836348e-03	1.449843e-01	4.840511e-04	-5.740405e-03	7.361117e-03	-2.059847e-03	9.420964e-03
43            	4.803009e-01	2.413845e-01	2.389164e-01	2.930455e-01	2.902658e-01	2.779666e-03	1.437431e-01	1.234016e-03	-4.410067e-03	2.721780e-03	-3.049177e-03	5.770957e-03
44            	4.772273e-01	2.400656e-01	2.371617e-01	2.917405e-01	2.883051e-01	3.435333e-03	1.424349e-01	1.451981e-03	-3.304388e-03	-1.919142e-04	-3.400345e-03	3.208431e-03
45            	4.750333e-01	2.385897e-01	2.364436e-01	2.902106e-01	2.863943e-01	3.816253e-03	1.412890e-01	1.073061e-03	-2.631566e-03	-1.238650e-03	-3.250891e-03	2.012241e-03
46            	4.732957e-01	2.367621e-01	2.365336e-01	2.889500e-01	2.848867e-01	4.063290e-03	1.404117e-01	1.142921e-04	-2.497208e-03	-4.594635e-04	-2.726940e-03	2.267476e-03
47            	4.714537e-01	2.344596e-01	2.369941e-01	2.879898e-01	2.836058e-01	4.384004e-03	1.396109e-01	-1.267230e-03	-2.920420e-03	1.980542e-03	-1.930149e-03	3.910692e-03
48            	4.696970e-01	2.320179e-01	2.376791e-01	2.877440e-01	2.828589e-01	4.885031e-03	1.389869e-01	-2.830631e-03	-3.772192e-03	5.576409e-03	-9.839880e-04	6.560397e-03
49            	4.685867e-01	2.299537e-01	2.386330e-01	2.881762e-01	2.828066e-01	5.369607e-03	1.387185e-01	-4.339613e-03	-4.902754e-03	9.717964e-03	-4.377231e-05	9.761736e-03
50            	4.676722e-01	2.282257e-01	2.394466e-01	2.885765e-01	2.827963e-01	5.780174e-03	1.385081e-01	-5.610448e-03	-6.092905e-03	1.367304e-02	7.436157e-04	1.292943e-02
51            	4.666920e-01	2.268665e-01	2.398255e-01	2.883468e-01	2.823153e-01	6.031473e-03	1.381419e-01	-6.479464e-03	-7.102117e-03	1.672733e-02	1.261548e-03	1.546578e-02
52            	4.657840e-01	2.260558e-01	2.397282e-01	2.871532e-01	2.811577e-01	5.995538e-03	1.375811e-01	-6.836217e-03	-7.722517e-03	1.836559e-02	1.460280e-03	1.690531e-02
53            	4.651330e-01	2.258972e-01	2.392357e-01	2.849941e-01	2.793802e-01	5.613959e-03	1.368831e-01	-6.669269e-03	-7.785466e-03	1.828942e-02	1.359243e-03	1.693017e-02
54            	4.647924e-01	2.263928e-01	2.383996e-01	2.823390e-01	2.773415e-01	4.997460e-03	1.361720e-01	-6.003380e-03	-7.267676e-03	1.659807e-02	1.031362e-03	1.556671e-02
55            	4.647520e-01	2.274064e-01	2.373455e-01	2.798985e-01	2.755384e-01	4.360081e-03	1.355891e-01	-4.969557e-03	-6.243233e-03	1.352407e-02	5.188003e-04	1.300527e-02
56            	4.647121e-01	2.286196e-01	2.360925e-01	2.780378e-01	2.741333e-01	3.904441e-03	1.351144e-01	-3.736473e-03	-4.870417e-03	9.660409e-03	-4.021212e-05	9.700621e-03
57            	4.642570e-01	2.296473e-01	2.346097e-01	2.768333e-01	2.730992e-01	3.734098e-03	1.346825e-01	-2.481159e-03	-3.344893e-03	5.775139e-03	-4.573235e-04	6.232462e-03
58            	4.634834e-01	2.303677e-01	2.331157e-01	2.761140e-01	2.723842e-01	3.729861e-03	1.343271e-01	-1.374030e-03	-1.885385e-03	2.617450e-03	-5.766605e-04	3.194110e-03
59            	4.626785e-01	2.308011e-01	2.318773e-01	2.756527e-01	2.719452e-01	3.707571e-03	1.341188e-01	-5.381034e-04	-6.330476e-04	6.357141e-04	-3.151906e-04	9.509047e-04
60            	4.618929e-01	2.308727e-01	2.310202e-01	2.754640e-01	2.719011e-01	3.562947e-03	1.341691e-01	-7.372927e-05	3.278152e-04	8.989255e-05	3.727615e-04	-2.828689e-04
61            	4.608266e-01	2.303851e-01	2.304415e-01	2.755486e-01	2.721970e-01	3.351680e-03	1.344226e-01	-2.822101e-05	9.452455e-04	1.051571e-03	1.471031e-03	-4.194600e-04
62            	4.595924e-01	2.294228e-01	2.301696e-01	2.759681e-01	2.728303e-01	3.137816e-03	1.348462e-01	-3.733778e-04	1.217201e-03	3.308068e-03	2.871235e-03	4.368329e-04
63            	4.582060e-01	2.280486e-01	2.301574e-01	2.764808e-01	2.735223e-01	2.958507e-03	1.352819e-01	-1.054413e-03	1.131727e-03	6.591907e-03	4.427680e-03	2.164227e-03
64            	4.567069e-01	2.264445e-01	2.302624e-01	2.767696e-01	2.739429e-01	2.826729e-03	1.355581e-01	-1.908946e-03	7.900627e-04	1.032689e-02	5.953508e-03	4.373382e-03
65            	4.551214e-01	2.247671e-01	2.303543e-01	2.766846e-01	2.739487e-01	2.735838e-03	1.356064e-01	-2.793591e-03	2.876271e-04	1.392997e-02	7.252614e-03	6.677360e-03
66            	4.535680e-01	2.231797e-01	2.303883e-01	2.762120e-01	2.735528e-01	2.659253e-03	1.354468e-01	-3.604280e-03	-2.886346e-04	1.685957e-02	8.141153e-03	8.718422e-03
67            	4.521706e-01	2.217949e-01	2.303757e-01	2.755486e-01	2.729118e-01	2.636760e-03	1.351375e-01	-4.290382e-03	-8.515538e-04	1.877331e-02	8.535103e-03	1.023821e-02
68            	4.509559e-01	2.206600e-01	2.302959e-01	2.750007e-01	2.722691e-01	2.731615e-03	1.347688e-01	-4.817916e-03	-1.328830e-03	1.953090e-02	8.436619e-03	1.109428e-02
69            	4.499027e-01	2.197619e-01	2.301408e-01	2.747722e-01	2.717781e-01	2.994116e-03	1.343920e-01	-5.189441e-03	-1.679152e-03	1.922958e-02	7.935636e-03	1.129394e-02
70            	4.489519e-01	2.190579e-01	2.298941e-01	2.751922e-01	2.717048e-01	3.487391e-03	1.341087e-01	-5.418083e-03	-1.848279e-03	1.806583e-02	7.184637e-03	1.088119e-02
71            	4.480441e-01	2.185017e-01	2.295425e-01	2.764151e-01	2.721965e-01	4.218592e-03	1.339890e-01	-5.520386e-03	-1.817425e-03	1.636954e-02	6.367347e-03	1.000220e-02
72            	4.471232e-01	2.180541e-01	2.290691e-01	2.784168e-01	2.732382e-01	5.178596e-03	1.340298e-01	-5.507485e-03	-1.593063e-03	1.445927e-02	5.636570e-03	8.822696e-03
73            	4.462517e-01	2.177590e-01	2.284927e-01	2.809780e-01	2.746841e-01	6.293925e-03	1.341951e-01	-5.366873e-03	-1.176611e-03	1.245730e-02	5.052037e-03	7.405258e-03
74            	4.455507e-01	2.176773e-01	2.278734e-01	2.836587e-01	2.762350e-01	7.423686e-03	1.344057e-01	-5.098007e-03	-6.018970e-04	1.042764e-02	4.611922e-03	5.815716e-03
75            	4.450878e-01	2.178273e-01	2.272605e-01	2.860092e-01	2.775698e-01	8.439438e-03	1.345652e-01	-4.716584e-03	1.085677e-04	8.366272e-03	4.291704e-03	4.074568e-03
76            	4.448887e-01	2.181990e-01	2.266897e-01	2.877465e-01	2.784891e-01	9.257369e-03	1.346159e-01	-4.245347e-03	8.982663e-04	6.366594e-03	4.081563e-03	2.285030e-03
77            	4.448932e-01	2.187185e-01	2.261748e-01	2.886777e-01	2.788456e-01	9.832103e-03	1.345067e-01	-3.728154e-03	1.691207e-03	4.569744e-03	3.976079e-03	5.936653e-04
78            	4.449634e-01	2.192817e-01	2.256816e-01	2.888669e-01	2.786737e-01	1.019325e-02	1.342402e-01	-3.199959e-03	2.433557e-03	3.071511e-03	3.969313e-03	-8.978018e-04
79            	4.450399e-01	2.198081e-01	2.252318e-01	2.884116e-01	2.780274e-01	1.038424e-02	1.338216e-01	-2.711814e-03	3.086531e-03	1.938255e-03	4.055658e-03	-2.117403e-03
80            	4.450734e-01	2.202127e-01	2.248607e-01	2.872861e-01	2.768707e-01	1.041545e-02	1.332276e-01	-2.324021e-03	3.605645e-03	1.251229e-03	4.231259e-03	-2.980030e-03
81            	4.450362e-01	2.204378e-01	2.245984e-01	2.855290e-01	2.752368e-01	1.029221e-02	1.324723e-01	-2.080292e-03	3.970256e-03	1.048572e-03	4.494542e-03	-3.445970e-03
82            	4.449346e-01	2.204767e-01	2.244579e-01	2.834400e-01	2.733919e-01	1.004807e-02	1.316719e-01	-1.990641e-03	4.164921e-03	1.363655e-03	4.846748e-03	-3.483093e-03
83            	4.448305e-01	2.203909e-01	2.244396e-01	2.813701e-01	2.716867e-01	9.683384e-03	1.310017e-01	-2.024373e-03	4.183976e-03	2.142739e-03	5.255346e-03	-3.112607e-03
84            	4.448098e-01	2.202982e-01	2.245116e-01	2.794615e-01	2.702758e-01	9.185632e-03	1.305451e-01	-2.106687e-03	4.091522e-03	3.105006e-03	5.644025e-03	-2.539019e-03
85            	4.449149e-01	2.202665e-01	2.246484e-01	2.775941e-01	2.690511e-01	8.542971e-03	1.302541e-01	-2.190983e-03	3.935345e-03	4.013942e-03	5.942316e-03	-1.928374e-03
86            	4.452131e-01	2.203285e-01	2.248846e-01	2.757975e-01	2.680084e-01	7.789070e-03	1.301097e-01	-2.278061e-03	3.733536e-03	4.768617e-03	6.117844e-03	-1.349228e-03
87            	4.457244e-01	2.204869e-01	2.252374e-01	2.742633e-01	2.672487e-01	7.014570e-03	1.301171e-01	-2.375254e-03	3.519840e-03	5.256281e-03	6.147980e-03	-8.916996e-04
88            	4.463444e-01	2.206723e-01	2.256721e-01	2.732839e-01	2.669329e-01	6.351005e-03	1.302909e-01	-2.499862e-03	3.326124e-03	5.411774e-03	6.032011e-03	-6.202371e-04
89            	4.469719e-01	2.208154e-01	2.261565e-01	2.730694e-01	2.671805e-01	5.888880e-03	1.306458e-01	-2.670581e-03	3.164507e-03	5.273218e-03	5.801116e-03	-5.278986e-04
90            	4.475381e-01	2.208898e-01	2.266483e-01	2.736604e-01	2.679837e-01	5.676766e-03	1.311535e-01	-2.879251e-03	3.037022e-03	4.953885e-03	5.513964e-03	-5.600798e-04
91            	4.479836e-01	2.208933e-01	2.270904e-01	2.748929e-01	2.691828e-01	5.710143e-03	1.317363e-01	-3.098555e-03	2.941140e-03	4.580124e-03	5.231202e-03	-6.510782e-04
92            	4.483469e-01	2.208735e-01	2.274734e-01	2.764558e-01	2.705302e-01	5.925598e-03	1.323023e-01	-3.299935e-03	2.884994e-03	4.178446e-03	4.974217e-03	-7.957710e-04
93            	4.486597e-01	2.208649e-01	2.277948e-01	2.780336e-01	2.717894e-01	6.244275e-03	1.327725e-01	-3.464936e-03	2.875850e-03	3.768472e-03	4.760086e-03	-9.916144e-04
94            	4.489526e-01	2.209037e-01	2.280488e-01	2.792388e-01	2.726626e-01	6.576157e-03	1.330432e-01	-3.572548e-03	2.919107e-03	3.340970e-03	4.589592e-03	-1.248622e-03
95            	4.492119e-01	2.209893e-01	2.282227e-01	2.797289e-01	2.728923e-01	6.836608e-03	1.330278e-01	-3.616689e-03	3.006292e-03	2.879451e-03	4.446017e-03	-1.566567e-03
96            	4.494057e-01	2.211153e-01	2.282904e-01	2.792072e-01	2.722569e-01	6.950321e-03	1.326533e-01	-3.587515e-03	3.123773e-03	2.471831e-03	4.359688e-03	-1.887857e-03
97            	4.494828e-01	2.212527e-01	2.282301e-01	2.775130e-01	2.706201e-01	6.892895e-03	1.318636e-01	-3.488672e-03	3.247620e-03	2.207411e-03	4.351326e-03	-2.143914e-03
98            	4.493875e-01	2.213503e-01	2.280372e-01	2.748622e-01	2.681441e-01	6.718128e-03	1.307130e-01	-3.343485e-03	3.364616e-03	2.136419e-03	4.432826e-03	-2.296407e-03
99            	4.491070e-01	2.213745e-01	2.277326e-01	2.717235e-01	2.652189e-01	6.504584e-03	1.293572e-01	-3.179054e-03	3.476878e-03	2.243888e-03	4.598823e-03	-2.354934e-03
100           	4.486441e-01	2.212958e-01	2.273484e-01	2.685978e-01	2.622589e-01	6.338882e-03	1.279600e-01	-3.026316e-03	3.572154e-03	2.515124e-03	4.829716e-03	-2.314591e-03
101           	4.480234e-01	2.210997e-01	2.269236e-01	2.659736e-01	2.596812e-01	6.292404e-03	1.266944e-01	-2.911943e-03	3.639727e-03	2.924755e-03	5.102104e-03	-2.177349e-03
102           	4.472915e-01	2.208075e-01	2.264840e-01	2.641855e-01	2.577739e-01	6.411652e-03	1.256811e-01	-2.838277e-03	3.697886e-03	3.408658e-03	5.402216e-03	-1.993557e-03
103           	4.465352e-01	2.204660e-01	2.260692e-01	2.634237e-01	2.567035e-01	6.720178e-03	1.249917e-01	-2.801603e-03	3.749966e-03	3.919052e-03	5.709492e-03	-1.790439e-03
104           	4.458232e-01	2.201165e-01	2.257066e-01	2.638504e-01	2.566225e-01	7.227863e-03	1.246973e-01	-2.795048e-03	3.787724e-03	4.414127e-03	5.994787e-03	-1.580660e-03
105           	4.452745e-01	2.198349e-01	2.254396e-01	2.654770e-01	2.575922e-01	7.884742e-03	1.248537e-01	-2.802337e-03	3.814678e-03	4.832615e-03	6.230985e-03	-1.398370e-03
106           	4.449783e-01	2.196794e-01	2.252989e-01	2.679858e-01	2.594051e-01	8.580688e-03	1.254122e-01	-2.809717e-03	3.832752e-03	5.138589e-03	6.402047e-03	-1.263457e-03
107           	4.450103e-01	2.197017e-01	2.253086e-01	2.709361e-01	2.617475e-01	9.188595e-03	1.262795e-01	-2.803467e-03	3.839615e-03	5.287585e-03	6.483407e-03	-1.195822e-03
108           	4.453532e-01	2.199070e-01	2.254462e-01	2.738702e-01	2.642550e-01	9.615226e-03	1.273199e-01	-2.769588e-03	3.840379e-03	5.256318e-03	6.468538e-03	-1.212219e-03
109           	4.458040e-01	2.201911e-01	2.256130e-01	2.763936e-01	2.665413e-01	9.852295e-03	1.283445e-01	-2.710959e-03	3.839084e-03	5.048687e-03	6.363427e-03	-1.314740e-03
110           	4.462743e-01	2.204873e-01	2.257870e-01	2.783185e-01	2.684120e-01	9.906439e-03	1.292528e-01	-2.649832e-03	3.827654e-03	4.694265e-03	6.174786e-03	-1.480521e-03
111           	4.467758e-01	2.207753e-01	2.260004e-01	2.795544e-01	2.697733e-01	9.781012e-03	1.299962e-01	-2.612535e-03	3.802142e-03	4.215797e-03	5.910040e-03	-1.694243e-03
112           	4.472597e-01	2.210094e-01	2.262502e-01	2.800399e-01	2.705363e-01	9.503581e-03	1.305164e-01	-2.620392e-03	3.762405e-03	3.651400e-03	5.588105e-03	-1.936705e-03
113           	4.476406e-01	2.211252e-01	2.265154e-01	2.796499e-01	2.705384e-01	9.111442e-03	1.307135e-01	-2.695103e-03	3.692623e-03	3.115879e-03	5.250563e-03	-2.134683e-03
114           	4.478570e-01	2.210954e-01	2.267617e-01	2.784229e-01	2.697647e-01	8.658180e-03	1.305533e-01	-2.833141e-03	3.589941e-03	2.718559e-03	4.949221e-03	-2.230662e-03
115           	4.479270e-01	2.209487e-01	2.269782e-01	2.765473e-01	2.683440e-01	8.203250e-03	1.300704e-01	-3.014741e-03	3.470843e-03	2.469461e-03	4.705573e-03	-2.236112e-03
116           	4.479098e-01	2.207423e-01	2.271675e-01	2.743463e-01	2.665654e-01	7.780836e-03	1.293923e-01	-3.212643e-03	3.343507e-03	2.394794e-03	4.540904e-03	-2.146111e-03
117           	4.477620e-01	2.204881e-01	2.272739e-01	2.720540e-01	2.646466e-01	7.407380e-03	1.286196e-01	-3.392941e-03	3.226505e-03	2.444628e-03	4.448819e-03	-2.004191e-03
118           	4.476425e-01	2.202693e-01	2.273732e-01	2.699693e-01	2.628470e-01	7.122343e-03	1.278623e-01	-3.551975e-03	3.103409e-03	2.701129e-03	4.453973e-03	-1.752844e-03
119           	4.475269e-01	2.201061e-01	2.274208e-01	2.680963e-01	2.611946e-01	6.901735e-03	1.271464e-01	-3.657348e-03	2.994382e-03	3.064986e-03	4.526875e-03	-1.461889e-03
120           	4.474780e-01	2.200440e-01	2.274340e-01	2.664634e-01	2.597477e-01	6.715681e-03	1.265160e-01	-3.695026e-03	2.913737e-03	3.497020e-03	4.662247e-03	-1.165227e-03
121           	4.474336e-01	2.200613e-01	2.273723e-01	2.651465e-01	2.585815e-01	6.564935e-03	1.260083e-01	-3.655476e-03	2.864932e-03	4.002216e-03	4.866039e-03	-8.638237e-04
122           	4.474018e-01	2.201426e-01	2.272592e-01	2.641515e-01	2.577193e-01	6.432232e-03	1.256435e-01	-3.558307e-03	2.874467e-03	4.436753e-03	5.092843e-03	-6.560900e-04
123           	4.472260e-01	2.201973e-01	2.270286e-01	2.634723e-01	2.571133e-01	6.359007e-03	1.253771e-01	-3.415647e-03	2.973866e-03	4.709494e-03	5.328613e-03	-6.191188e-04
124           	4.468682e-01	2.201860e-01	2.266822e-01	2.631972e-01	2.568315e-01	6.365695e-03	1.252329e-01	-3.248118e-03	3.168941e-03	4.830817e-03	5.584350e-03	-7.535329e-04
125           	4.463368e-01	2.200861e-01	2.262507e-01	2.634596e-01	2.569898e-01	6.469870e-03	1.252600e-01	-3.082289e-03	3.439409e-03	4.840818e-03	5.859818e-03	-1.019000e-03
126           	4.456817e-01	2.199129e-01	2.257688e-01	2.643241e-01	2.576589e-01	6.665200e-03	1.254968e-01	-2.927922e-03	3.783410e-03	4.706013e-03	6.136417e-03	-1.430404e-03
127           	4.450052e-01	2.197002e-01	2.253050e-01	2.657568e-01	2.588176e-01	6.939198e-03	1.259392e-01	-2.802395e-03	4.157634e-03	4.520052e-03	6.417660e-03	-1.897608e-03
128           	4.444196e-01	2.194962e-01	2.249234e-01	2.675720e-01	2.603352e-01	7.236781e-03	1.265492e-01	-2.713578e-03	4.525733e-03	4.275413e-03	6.663440e-03	-2.388026e-03
129           	4.440326e-01	2.193423e-01	2.246903e-01	2.695497e-01	2.620565e-01	7.493261e-03	1.272816e-01	-2.674034e-03	4.832992e-03	4.017060e-03	6.841522e-03	-2.824462e-03
130           	4.439063e-01	2.192484e-01	2.246578e-01	2.714149e-01	2.637661e-01	7.648860e-03	1.280586e-01	-2.704713e-03	5.001643e-03	3.878410e-03	6.940848e-03	-3.062438e-03
131           	4.439043e-01	2.191295e-01	2.247748e-01	2.728780e-01	2.651658e-01	7.712152e-03	1.287268e-01	-2.822661e-03	4.967609e-03	3.961241e-03	6.948229e-03	-2.986988e-03
132           	4.438944e-01	2.189407e-01	2.249537e-01	2.739033e-01	2.661806e-01	7.722710e-03	1.292290e-01	-3.006524e-03	4.738241e-03	4.262211e-03	6.869347e-03	-2.607136e-03
133           	4.438194e-01	2.186657e-01	2.251537e-01	2.744029e-01	2.667387e-01	7.664182e-03	1.295373e-01	-3.244020e-03	4.362636e-03	4.704090e-03	6.714681e-03	-2.010592e-03
134           	4.436950e-01	2.183152e-01	2.253798e-01	2.743507e-01	2.668210e-01	7.529708e-03	1.296456e-01	-3.532296e-03	3.874372e-03	5.362514e-03	6.555629e-03	-1.193115e-03
135           	4.435810e-01	2.179293e-01	2.256517e-01	2.737591e-01	2.664506e-01	7.308480e-03	1.295711e-01	-3.861198e-03	3.333836e-03	6.175871e-03	6.421772e-03	-2.459010e-04
136           	4.435328e-01	2.175638e-01	2.259690e-01	2.726757e-01	2.656615e-01	7.014277e-03	1.293236e-01	-4.202567e-03	2.799736e-03	7.083653e-03	6.341562e-03	7.420902e-04
137           	4.435817e-01	2.172610e-01	2.263207e-01	2.712032e-01	2.645250e-01	6.678237e-03	1.289234e-01	-4.529872e-03	2.309090e-03	7.986212e-03	6.302196e-03	1.684015e-03
138           	4.437076e-01	2.170479e-01	2.266598e-01	2.695531e-01	2.632053e-01	6.347797e-03	1.284288e-01	-4.805958e-03	1.901079e-03	8.773291e-03	6.287725e-03	2.485566e-03
139           	4.437322e-01	2.168890e-01	2.268432e-01	2.678479e-01	2.617831e-01	6.064821e-03	1.278591e-01	-4.977100e-03	1.619430e-03	9.275419e-03	6.257140e-03	3.018279e-03
140           	4.435450e-01	2.167499e-01	2.267951e-01	2.662510e-01	2.603886e-01	5.862397e-03	1.272631e-01	-5.022569e-03	1.491319e-03	9.440998e-03	6.211818e-03	3.229180e-03
141           	4.427235e-01	2.164335e-01	2.262900e-01	2.650975e-01	2.591603e-01	5.937184e-03	1.266116e-01	-4.928237e-03	1.564204e-03	9.169896e-03	6.149152e-03	3.020744e-03
142           	4.426113e-01	2.165465e-01	2.260648e-01	2.638405e-01	2.581170e-01	5.723483e-03	1.261968e-01	-4.759177e-03	1.752392e-03	8.813650e-03	6.159217e-03	2.654433e-03
143           	4.424169e-01	2.166983e-01	2.257186e-01	2.627731e-01	2.571939e-01	5.579188e-03	1.258074e-01	-4.510189e-03	2.093784e-03	8.219132e-03	6.203350e-03	2.015782e-03
144           	4.422217e-01	2.168682e-01	2.253535e-01	2.619348e-01	2.564310e-01	5.503800e-03	1.254636e-01	-4.242675e-03	2.531207e-03	7.594018e-03	6.328216e-03	1.265802e-03
145           	4.420762e-01	2.170576e-01	2.250186e-01	2.613436e-01	2.558446e-01	5.498979e-03	1.251728e-01	-3.980520e-03	3.021613e-03	6.923410e-03	6.483318e-03	4.400922e-04
146           	4.419966e-01	2.172342e-01	2.247624e-01	2.609990e-01	2.554432e-01	5.555806e-03	1.249437e-01	-3.764107e-03	3.467503e-03	6.372146e-03	6.653576e-03	-2.814302e-04
147           	4.419467e-01	2.173644e-01	2.245823e-01	2.608634e-01	2.552006e-01	5.662783e-03	1.247689e-01	-3.608916e-03	3.830911e-03	5.983272e-03	6.822548e-03	-8.392752e-04
148           	4.418338e-01	2.174230e-01	2.244107e-01	2.609339e-01	2.551192e-01	5.814766e-03	1.246522e-01	-3.493850e-03	4.104571e-03	5.745241e-03	6.977191e-03	-1.231950e-03
149           	4.416594e-01	2.174012e-01	2.242581e-01	2.612284e-01	2.552343e-01	5.994086e-03	1.246201e-01	-3.428431e-03	4.281708e-03	5.686094e-03	7.124755e-03	-1.438661e-03
150           	4.414128e-01	2.173073e-01	2.241055e-01	2.617277e-01	2.555426e-01	6.185102e-03	1.246788e-01	-3.399070e-03	4.363728e-03	5.808716e-03	7.268086e-03	-1.459370e-03
151           	4.411121e-01	2.171395e-01	2.239726e-01	2.623321e-01	2.559651e-01	6.366998e-03	1.247990e-01	-3.416572e-03	4.331536e-03	6.121414e-03	7.392243e-03	-1.270829e-03
152           	4.408787e-01	2.169498e-01	2.239289e-01	2.628980e-01	2.564090e-01	6.489071e-03	1.249599e-01	-3.489509e-03	4.152622e-03	6.657800e-03	7.481522e-03	-8.237218e-04
153           	4.408195e-01	2.167924e-01	2.240271e-01	2.632571e-01	2.567420e-01	6.515025e-03	1.251135e-01	-3.617356e-03	3.826686e-03	7.353979e-03	7.503676e-03	-1.496965e-04
154           	4.408263e-01	2.166304e-01	2.241958e-01	2.633787e-01	2.569130e-01	6.465664e-03	1.252237e-01	-3.782708e-03	3.389132e-03	8.147150e-03	7.462707e-03	6.844430e-04
155           	4.407738e-01	2.164068e-01	2.243670e-01	2.632730e-01	2.569149e-01	6.358119e-03	1.252784e-01	-3.980122e-03	2.873506e-03	9.012391e-03	7.379701e-03	1.632690e-03
156           	4.406094e-01	2.161063e-01	2.245031e-01	2.630199e-01	2.568097e-01	6.210165e-03	1.252998e-01	-4.198420e-03	2.324520e-03	9.957972e-03	7.303505e-03	2.654466e-03
157           	4.403672e-01	2.157537e-01	2.246135e-01	2.626911e-01	2.566467e-01	6.044375e-03	1.253012e-01	-4.429859e-03	1.780524e-03	1.095799e-02	7.259517e-03	3.698469e-03
158           	4.401722e-01	2.154267e-01	2.247455e-01	2.623381e-01	2.564705e-01	5.867606e-03	1.253015e-01	-4.659404e-03	1.271248e-03	1.195874e-02	7.250617e-03	4.708122e-03
159           	4.401938e-01	2.152299e-01	2.249639e-01	2.618862e-01	2.562273e-01	5.658900e-03	1.252842e-01	-4.866984e-03	8.262750e-04	1.282795e-02	7.240249e-03	5.587699e-03
160           	4.403429e-01	2.151509e-01	2.251920e-01	2.613075e-01	2.558621e-01	5.445472e-03	1.252083e-01	-5.020572e-03	4.791577e-04	1.341056e-02	7.184439e-03	6.226123e-03
161           	4.403799e-01	2.150823e-01	2.252976e-01	2.606423e-01	2.553709e-01	5.271356e-03	1.250498e-01	-5.107663e-03	2.396086e-04	1.362431e-02	7.051762e-03	6.572545e-03
162           	4.402473e-01	2.150139e-01	2.252334e-01	2.599795e-01	2.548372e-01	5.142321e-03	1.248474e-01	-5.109774e-03	1.295881e-04	1.344455e-02	6.851864e-03	6.592688e-03
163           	4.399962e-01	2.149743e-01	2.250219e-01	2.593902e-01	2.543413e-01	5.048870e-03	1.246462e-01	-5.023836e-03	1.550280e-04	1.290174e-02	6.605897e-03	6.295841e-03
164           	4.397495e-01	2.150122e-01	2.247373e-01	2.588954e-01	2.539229e-01	4.972471e-03	1.244752e-01	-4.862582e-03	2.985790e-04	1.208649e-02	6.341822e-03	5.744664e-03
165           	4.395753e-01	2.151401e-01	2.244352e-01	2.584600e-01	2.535654e-01	4.894538e-03	1.243354e-01	-4.647582e-03	5.410729e-04	1.106387e-02	6.073006e-03	4.990861e-03
166           	4.394767e-01	2.153360e-01	2.241407e-01	2.580460e-01	2.532318e-01	4.814259e-03	1.242088e-01	-4.402329e-03	8.495838e-04	9.917745e-03	5.808456e-03	4.109289e-03
167           	4.393906e-01	2.155396e-01	2.238510e-01	2.577407e-01	2.529823e-01	4.758460e-03	1.241119e-01	-4.155705e-03	1.170517e-03	8.766594e-03	5.553814e-03	3.212780e-03
168           	4.393299e-01	2.157512e-01	2.235787e-01	2.575822e-01	2.528631e-01	4.719054e-03	1.240720e-01	-3.913735e-03	1.483015e-03	7.678206e-03	5.322118e-03	2.356088e-03
169           	4.392169e-01	2.158894e-01	2.233275e-01	2.577064e-01	2.529809e-01	4.725496e-03	1.241277e-01	-3.719051e-03	1.717175e-03	6.875706e-03	5.155028e-03	1.720678e-03
170           	4.390198e-01	2.159287e-01	2.230912e-01	2.580593e-01	2.532925e-01	4.766856e-03	1.242628e-01	-3.581244e-03	1.838028e-03	6.428816e-03	5.052436e-03	1.376380e-03
171           	4.387284e-01	2.158272e-01	2.229012e-01	2.586345e-01	2.537853e-01	4.849210e-03	1.244680e-01	-3.536998e-03	1.792730e-03	6.481887e-03	5.033673e-03	1.448214e-03
172           	4.383911e-01	2.155910e-01	2.228001e-01	2.593176e-01	2.543676e-01	4.950037e-03	1.247088e-01	-3.604590e-03	1.551963e-03	7.087219e-03	5.095572e-03	1.991647e-03
173           	4.380708e-01	2.152433e-01	2.228276e-01	2.599549e-01	2.549130e-01	5.041912e-03	1.249355e-01	-3.792154e-03	1.113835e-03	8.190072e-03	5.208871e-03	2.981202e-03
174           	4.378076e-01	2.148263e-01	2.229813e-01	2.604213e-01	2.553075e-01	5.113776e-03	1.250969e-01	-4.077463e-03	5.153346e-04	9.664292e-03	5.347481e-03	4.316811e-03
175           	4.376301e-01	2.143978e-01	2.232323e-01	2.606640e-01	2.555036e-01	5.160441e-03	1.251716e-01	-4.417264e-03	-1.854173e-04	1.132309e-02	5.476126e-03	5.846961e-03
176           	4.375375e-01	2.140066e-01	2.235309e-01	2.606661e-01	2.554912e-01	5.174827e-03	1.251582e-01	-4.762152e-03	-9.152189e-04	1.297411e-02	5.571835e-03	7.402273e-03
177           	4.375096e-01	2.136885e-01	2.238211e-01	2.604580e-01	2.552990e-01	5.158936e-03	1.250701e-01	-5.066283e-03	-1.592429e-03	1.442817e-02	5.621655e-03	8.806514e-03
178           	4.374492e-01	2.134266e-01	2.240226e-01	2.600720e-01	2.549410e-01	5.131002e-03	1.249050e-01	-5.298011e-03	-2.158007e-03	1.556985e-02	5.626920e-03	9.942934e-03
179           	4.373650e-01	2.132235e-01	2.241415e-01	2.595742e-01	2.544779e-01	5.096294e-03	1.246908e-01	-5.458996e-03	-2.585240e-03	1.639232e-02	5.610918e-03	1.078140e-02
180           	4.373285e-01	2.131207e-01	2.242078e-01	2.589845e-01	2.539496e-01	5.034924e-03	1.244573e-01	-5.543596e-03	-2.856596e-03	1.687289e-02	5.579850e-03	1.129304e-02
181           	4.374188e-01	2.131570e-01	2.242619e-01	2.582543e-01	2.533218e-01	4.932520e-03	1.241946e-01	-5.552446e-03	-2.969792e-03	1.698118e-02	5.520796e-03	1.146038e-02
182           	4.376263e-01	2.133151e-01	2.243112e-01	2.573786e-01	2.525858e-01	4.792755e-03	1.238965e-01	-5.498089e-03	-2.944288e-03	1.674924e-02	5.430333e-03	1.131891e-02
183           	4.378813e-01	2.135454e-01	2.243358e-01	2.564678e-01	2.518244e-01	4.643391e-03	1.235905e-01	-5.395194e-03	-2.802906e-03	1.623788e-02	5.316032e-03	1.092184e-02
184           	4.380692e-01	2.137760e-01	2.242932e-01	2.556706e-01	2.511406e-01	4.529974e-03	1.233053e-01	-5.258593e-03	-2.574862e-03	1.556728e-02	5.208780e-03	1.035850e-02
185           	4.381156e-01	2.139481e-01	2.241675e-01	2.551241e-01	2.506396e-01	4.484493e-03	1.230776e-01	-5.109705e-03	-2.287853e-03	1.485950e-02	5.141895e-03	9.717601e-03
186           	4.380676e-01	2.140726e-01	2.239949e-01	2.549047e-01	2.504107e-01	4.494017e-03	1.229583e-01	-4.961166e-03	-1.963462e-03	1.422629e-02	5.149685e-03	9.076609e-03
187           	4.380395e-01	2.141938e-01	2.238457e-01	2.549522e-01	2.504324e-01	4.519863e-03	1.229562e-01	-4.825947e-03	-1.631859e-03	1.372757e-02	5.231924e-03	8.495642e-03
188           	4.380082e-01	2.142815e-01	2.237267e-01	2.551593e-01	2.505998e-01	4.559436e-03	1.230202e-01	-4.722594e-03	-1.340529e-03	1.342145e-02	5.370197e-03	8.051256e-03
189           	4.379643e-01	2.143246e-01	2.236396e-01	2.554722e-01	2.508536e-01	4.618639e-03	1.231175e-01	-4.657497e-03	-1.118084e-03	1.329825e-02	5.531040e-03	7.767207e-03
190           	4.378630e-01	2.142975e-01	2.235654e-01	2.558876e-01	2.511899e-01	4.697668e-03	1.232461e-01	-4.633958e-03	-1.005821e-03	1.338226e-02	5.685311e-03	7.696953e-03
191           	4.376949e-01	2.141880e-01	2.235069e-01	2.563855e-01	2.515965e-01	4.788981e-03	1.234037e-01	-4.659405e-03	-1.041547e-03	1.369182e-02	5.804365e-03	7.887459e-03
192           	4.374537e-01	2.139950e-01	2.234588e-01	2.569194e-01	2.520378e-01	4.881633e-03	1.235781e-01	-4.731897e-03	-1.229034e-03	1.422737e-02	5.884652e-03	8.342721e-03
193           	4.371589e-01	2.137223e-01	2.234367e-01	2.574479e-01	2.524839e-01	4.963931e-03	1.237600e-01	-4.857197e-03	-1.567173e-03	1.498917e-02	5.927412e-03	9.061757e-03
194           	4.368144e-01	2.133648e-01	2.234496e-01	2.578869e-01	2.528612e-01	5.025646e-03	1.239178e-01	-5.042427e-03	-2.035975e-03	1.596920e-02	5.948626e-03	1.002058e-02
195           	4.364568e-01	2.129484e-01	2.235084e-01	2.581726e-01	2.531044e-01	5.068178e-03	1.240181e-01	-5.279996e-03	-2.591124e-03	1.711812e-02	5.967936e-03	1.115018e-02
196           	4.361317e-01	2.125250e-01	2.236067e-01	2.582418e-01	2.531565e-01	5.085381e-03	1.240355e-01	-5.540828e-03	-3.176588e-03	1.834140e-02	5.994113e-03	1.234729e-02
197           	4.358754e-01	2.121420e-01	2.237334e-01	2.580720e-01	2.529937e-01	5.078265e-03	1.239577e-01	-5.795712e-03	-3.741748e-03	1.949353e-02	6.005015e-03	1.348851e-02
198           	4.356656e-01	2.118249e-01	2.238407e-01	2.577083e-01	2.526496e-01	5.058631e-03	1.237955e-01	-6.007910e-03	-4.229550e-03	2.041104e-02	5.975968e-03	1.443507e-02
199           	4.354685e-01	2.115868e-01	2.238817e-01	2.572255e-01	2.521875e-01	5.037994e-03	1.235748e-01	-6.147464e-03	-4.583427e-03	2.092911e-02	5.881129e-03	1.504798e-02
200           	4.352171e-01	2.114090e-01	2.238080e-01	2.567111e-01	2.516779e-01	5.033157e-03	1.233224e-01	-6.199501e-03	-4.764991e-03	2.098357e-02	5.726794e-03	1.525678e-02
201           	4.349354e-01	2.113100e-01	2.236254e-01	2.561965e-01	2.511517e-01	5.044815e-03	1.230534e-01	-6.157660e-03	-4.755087e-03	2.058195e-02	5.535889e-03	1.504606e-02
202           	4.346501e-01	2.112970e-01	2.233531e-01	2.556656e-01	2.505952e-01	5.070461e-03	1.227624e-01	-6.028045e-03	-4.561063e-03	1.979410e-02	5.335984e-03	1.445811e-02
203           	4.344213e-01	2.113680e-01	2.230534e-01	2.551694e-01	2.500702e-01	5.099170e-03	1.224855e-01	-5.842710e-03	-4.224742e-03	1.876872e-02	5.159619e-03	1.360910e-02
204           	4.343459e-01	2.115502e-01	2.227957e-01	2.547579e-01	2.496494e-01	5.108432e-03	1.222705e-01	-5.622735e-03	-3.783884e-03	1.763932e-02	5.035775e-03	1.260354e-02
205           	4.344059e-01	2.118233e-01	2.225825e-01	2.544675e-01	2.493586e-01	5.108974e-03	1.221248e-01	-5.379589e-03	-3.271630e-03	1.646218e-02	4.959462e-03	1.150272e-02
206           	4.345285e-01	2.121283e-01	2.224002e-01	2.543284e-01	2.492128e-01	5.115560e-03	1.220486e-01	-5.135964e-03	-2.738194e-03	1.533118e-02	4.927396e-03	1.040378e-02
207           	4.346509e-01	2.124194e-01	2.222315e-01	2.543600e-01	2.492189e-01	5.141113e-03	1.220389e-01	-4.906012e-03	-2.209849e-03	1.429308e-02	4.936691e-03	9.356389e-03
208           	4.347080e-01	2.126490e-01	2.220590e-01	2.545632e-01	2.493734e-01	5.189758e-03	1.220918e-01	-4.705022e-03	-1.723149e-03	1.342298e-02	4.988343e-03	8.434641e-03
209           	4.346867e-01	2.127907e-01	2.218961e-01	2.549358e-01	2.496829e-01	5.252871e-03	1.222150e-01	-4.552710e-03	-1.321690e-03	1.279049e-02	5.073558e-03	7.716937e-03
210           	4.345983e-01	2.128338e-01	2.217645e-01	2.554397e-01	2.501308e-01	5.308924e-03	1.224109e-01	-4.465365e-03	-1.045567e-03	1.246754e-02	5.188203e-03	7.279337e-03
211           	4.344951e-01	2.127947e-01	2.217004e-01	2.559994e-01	2.506637e-01	5.335639e-03	1.226640e-01	-4.452864e-03	-9.237883e-04	1.247550e-02	5.313963e-03	7.161539e-03
212           	4.344059e-01	2.126744e-01	2.217315e-01	2.565395e-01	2.512165e-01	5.322980e-03	1.229468e-01	-4.528554e-03	-1.001120e-03	1.287382e-02	5.435791e-03	7.438030e-03
213           	4.343395e-01	2.124805e-01	2.218590e-01	2.570063e-01	2.517384e-01	5.267994e-03	1.232352e-01	-4.689284e-03	-1.283543e-03	1.364543e-02	5.539171e-03	8.106258e-03
214           	4.342849e-01	2.122208e-01	2.220642e-01	2.573522e-01	2.521674e-01	5.184835e-03	1.234913e-01	-4.921705e-03	-1.749644e-03	1.473488e-02	5.617797e-03	9.117084e-03
215           	4.342240e-01	2.118970e-01	2.223269e-01	2.574745e-01	2.523935e-01	5.081025e-03	1.236562e-01	-5.214959e-03	-2.354536e-03	1.604748e-02	5.669204e-03	1.037828e-02
216           	4.341561e-01	2.115312e-01	2.226249e-01	2.573274e-01	2.523591e-01	4.968351e-03	1.236954e-01	-5.546876e-03	-3.036498e-03	1.748414e-02	5.705571e-03	1.177857e-02
217           	4.340998e-01	2.111572e-01	2.229426e-01	2.569012e-01	2.520497e-01	4.851513e-03	1.235991e-01	-5.892664e-03	-3.716083e-03	1.891300e-02	5.740419e-03	1.317258e-02
218           	4.340823e-01	2.108131e-01	2.232692e-01	2.562687e-01	2.515323e-01	4.736447e-03	1.233979e-01	-6.228070e-03	-4.329953e-03	2.022281e-02	5.781452e-03	1.444136e-02
219           	4.341211e-01	2.105416e-01	2.235795e-01	2.555164e-01	2.508857e-01	4.630651e-03	1.231275e-01	-6.518939e-03	-4.813968e-03	2.127203e-02	5.822046e-03	1.544998e-02
220           	4.341775e-01	2.103594e-01	2.238180e-01	2.547554e-01	2.501999e-01	4.555527e-03	1.228222e-01	-6.729317e-03	-5.126369e-03	2.194921e-02	5.848236e-03	1.610097e-02
221           	4.342549e-01	2.102878e-01	2.239671e-01	2.540334e-01	2.495235e-01	4.509897e-03	1.225068e-01	-6.839659e-03	-5.249023e-03	2.218504e-02	5.843499e-03	1.634154e-02
222           	4.343721e-01	2.103491e-01	2.240230e-01	2.533575e-01	2.488711e-01	4.486459e-03	1.221923e-01	-6.836951e-03	-5.178677e-03	2.196436e-02	5.803502e-03	1.616086e-02
223           	4.345153e-01	2.105316e-01	2.239837e-01	2.527346e-01	2.482495e-01	4.485059e-03	1.218822e-01	-6.726033e-03	-4.924409e-03	2.130851e-02	5.729848e-03	1.557867e-02
224           	4.346029e-01	2.107704e-01	2.238325e-01	2.521763e-01	2.476496e-01	4.526677e-03	1.215615e-01	-6.531062e-03	-4.523668e-03	2.032938e-02	5.641020e-03	1.468836e-02
225           	4.346589e-01	2.110409e-01	2.236180e-01	2.517577e-01	2.471554e-01	4.602271e-03	1.212766e-01	-6.288577e-03	-4.018706e-03	1.918205e-02	5.572316e-03	1.360973e-02
226           	4.347781e-01	2.113648e-01	2.234133e-01	2.515337e-01	2.468538e-01	4.679960e-03	1.210869e-01	-6.024227e-03	-3.459365e-03	1.799114e-02	5.536207e-03	1.245494e-02
227           	4.348958e-01	2.116944e-01	2.232014e-01	2.514839e-01	2.467293e-01	4.754533e-03	1.209874e-01	-5.753510e-03	-2.877569e-03	1.678905e-02	5.516956e-03	1.127209e-02
228           	4.349666e-01	2.119900e-01	2.229766e-01	2.516318e-01	2.467961e-01	4.835725e-03	1.209802e-01	-5.493294e-03	-2.295556e-03	1.565439e-02	5.531638e-03	1.012275e-02
229           	4.349482e-01	2.122272e-01	2.227210e-01	2.519270e-01	2.470054e-01	4.921569e-03	1.210419e-01	-5.246898e-03	-1.734879e-03	1.459591e-02	5.563075e-03	9.032834e-03
230           	4.348235e-01	2.123822e-01	2.224413e-01	2.523622e-01	2.473558e-01	5.006383e-03	1.211747e-01	-5.029579e-03	-1.240896e-03	1.368285e-02	5.600531e-03	8.082324e-03
231           	4.346271e-01	2.124551e-01	2.221720e-01	2.528953e-01	2.478270e-01	5.068329e-03	1.213793e-01	-4.858430e-03	-8.489431e-04	1.297250e-02	5.637308e-03	7.335194e-03
232           	4.343950e-01	2.124528e-01	2.219422e-01	2.534785e-01	2.483851e-01	5.093426e-03	1.216458e-01	-4.744690e-03	-5.990959e-04	1.253467e-02	5.668240e-03	6.866431e-03
233           	4.341711e-01	2.123746e-01	2.217965e-01	2.540098e-01	2.489432e-01	5.066583e-03	1.219383e-01	-4.710931e-03	-5.316033e-04	1.243202e-02	5.684407e-03	6.747614e-03
234           	4.340128e-01	2.122413e-01	2.217715e-01	2.544450e-01	2.494648e-01	4.980223e-03	1.222423e-01	-4.765074e-03	-6.508209e-04	1.268372e-02	5.691041e-03	6.992683e-03
235           	4.339543e-01	2.120772e-01	2.218771e-01	2.547288e-01	2.498978e-01	4.831018e-03	1.225334e-01	-4.899970e-03	-9.268565e-04	1.322755e-02	5.686920e-03	7.540633e-03
236           	4.339068e-01	2.118561e-01	2.220507e-01	2.548527e-01	2.501846e-01	4.668107e-03	1.227583e-01	-5.097270e-03	-1.323098e-03	1.400363e-02	5.678718e-03	8.324914e-03
237           	4.338814e-01	2.116169e-01	2.222645e-01	2.547595e-01	2.502585e-01	4.500922e-03	1.228788e-01	-5.323830e-03	-1.767106e-03	1.488573e-02	5.675759e-03	9.209972e-03
238           	4.339005e-01	2.114067e-01	2.224938e-01	2.544569e-01	2.501174e-01	4.339497e-03	1.228889e-01	-5.543541e-03	-2.186674e-03	1.574548e-02	5.686066e-03	1.005941e-02
239           	4.339767e-01	2.112502e-01	2.227266e-01	2.540024e-01	2.498061e-01	4.196364e-03	1.228048e-01	-5.738204e-03	-2.540042e-03	1.649092e-02	5.705419e-03	1.078550e-02
240           	4.341181e-01	2.111733e-01	2.229448e-01	2.534862e-01	2.494055e-01	4.080720e-03	1.226624e-01	-5.885728e-03	-2.795992e-03	1.705537e-02	5.731691e-03	1.132368e-02
241           	4.343290e-01	2.111969e-01	2.231321e-01	2.529767e-01	2.489885e-01	3.988145e-03	1.225002e-01	-5.967594e-03	-2.936838e-03	1.737192e-02	5.749122e-03	1.162280e-02
242           	4.346168e-01	2.113325e-01	2.232843e-01	2.525171e-01	2.486077e-01	3.909369e-03	1.223492e-01	-5.975912e-03	-2.966543e-03	1.742600e-02	5.746459e-03	1.167954e-02
243           	4.350031e-01	2.115914e-01	2.234117e-01	2.521006e-01	2.482696e-01	3.831005e-03	1.222193e-01	-5.910160e-03	-2.882586e-03	1.720579e-02	5.720311e-03	1.148548e-02
244           	4.354600e-01	2.119508e-01	2.235092e-01	2.517208e-01	2.479548e-01	3.765964e-03	1.220944e-01	-5.779170e-03	-2.703257e-03	1.676931e-02	5.681397e-03	1.108791e-02
245           	4.359484e-01	2.123657e-01	2.235827e-01	2.513546e-01	2.476306e-01	3.724032e-03	1.219533e-01	-5.608514e-03	-2.449858e-03	1.618325e-02	5.641764e-03	1.054148e-02
246           	4.364352e-01	2.127982e-01	2.236370e-01	2.510363e-01	2.473228e-01	3.713489e-03	1.218046e-01	-5.419396e-03	-2.143037e-03	1.552807e-02	5.620997e-03	9.907071e-03
247           	4.369035e-01	2.132146e-01	2.236889e-01	2.508039e-01	2.470672e-01	3.736685e-03	1.216652e-01	-5.237144e-03	-1.817255e-03	1.488983e-02	5.627662e-03	9.262172e-03
248           	4.373100e-01	2.135757e-01	2.237343e-01	2.507175e-01	2.469131e-01	3.804467e-03	1.215543e-01	-5.079318e-03	-1.510644e-03	1.434985e-02	5.664283e-03	8.685571e-03
249           	4.375953e-01	2.138426e-01	2.237527e-01	2.507659e-01	2.468510e-01	3.914966e-03	1.214680e-01	-4.955043e-03	-1.236809e-03	1.393003e-02	5.728208e-03	8.201826e-03
250           	4.377313e-01	2.140024e-01	2.237289e-01	2.509641e-01	2.469010e-01	4.063143e-03	1.214189e-01	-4.863229e-03	-1.013031e-03	1.365014e-02	5.812040e-03	7.838102e-03
251           	4.377261e-01	2.140520e-01	2.236741e-01	2.512821e-01	2.470601e-01	4.221966e-03	1.214191e-01	-4.811043e-03	-8.603900e-04	1.351445e-02	5.896837e-03	7.617617e-03
252           	4.375786e-01	2.139943e-01	2.235843e-01	2.516687e-01	2.472899e-01	4.378801e-03	1.214556e-01	-4.794994e-03	-7.820191e-04	1.351384e-02	5.974903e-03	7.538941e-03
253           	4.373266e-01	2.138461e-01	2.234806e-01	2.520605e-01	2.475470e-01	4.513446e-03	1.215168e-01	-4.817233e-03	-7.829154e-04	1.364168e-02	6.037926e-03	7.603756e-03
254           	4.369995e-01	2.136190e-01	2.233805e-01	2.524408e-01	2.478204e-01	4.620398e-03	1.216000e-01	-4.880736e-03	-8.792961e-04	1.391893e-02	6.080168e-03	7.838760e-03
255           	4.365920e-01	2.133221e-01	2.232699e-01	2.527426e-01	2.480472e-01	4.695353e-03	1.216759e-01	-4.973917e-03	-1.046459e-03	1.428246e-02	6.094769e-03	8.187687e-03
256           	4.361356e-01	2.129865e-01	2.231492e-01	2.529753e-01	2.482259e-01	4.749375e-03	1.217383e-01	-5.081332e-03	-1.261291e-03	1.468449e-02	6.080955e-03	8.603537e-03
257           	4.356387e-01	2.126318e-01	2.230069e-01	2.531113e-01	2.483277e-01	4.783676e-03	1.217720e-01	-5.187517e-03	-1.490201e-03	1.504097e-02	6.030283e-03	9.010685e-03
258           	4.351137e-01	2.122843e-01	2.228293e-01	2.531313e-01	2.483228e-01	4.808491e-03	1.217571e-01	-5.272515e-03	-1.697024e-03	1.529696e-02	5.951456e-03	9.345504e-03
259           	4.345806e-01	2.119697e-01	2.226109e-01	2.530067e-01	2.481779e-01	4.828780e-03	1.216745e-01	-5.320577e-03	-1.841636e-03	1.539297e-02	5.854847e-03	9.538119e-03
260           	4.341297e-01	2.117475e-01	2.223822e-01	2.527511e-01	2.479191e-01	4.831976e-03	1.215436e-01	-5.317327e-03	-1.908038e-03	1.531253e-02	5.748227e-03	9.564303e-03
261           	4.338822e-01	2.116920e-01	2.221902e-01	2.523865e-01	2.475980e-01	4.788484e-03	1.214048e-01	-5.249086e-03	-1.872642e-03	1.500601e-02	5.630363e-03	9.375647e-03
262           	4.338697e-01	2.118214e-01	2.220483e-01	2.519846e-01	2.472883e-01	4.696371e-03	1.212959e-01	-5.113422e-03	-1.726681e-03	1.447773e-02	5.512186e-03	8.965549e-03
263           	4.339666e-01	2.120598e-01	2.219068e-01	2.515384e-01	2.469519e-01	4.586560e-03	1.211827e-01	-4.923477e-03	-1.479923e-03	1.377001e-02	5.405083e-03	8.364929e-03
264           	4.341404e-01	2.123832e-01	2.217572e-01	2.510747e-01	2.466008e-01	4.473963e-03	1.210634e-01	-4.686994e-03	-1.139173e-03	1.292771e-02	5.324683e-03	7.603029e-03
265           	4.343835e-01	2.127696e-01	2.216139e-01	2.506190e-01	2.462434e-01	4.375555e-03	1.209339e-01	-4.422168e-03	-7.191004e-04	1.200370e-02	5.282752e-03	6.720952e-03
266           	4.346894e-01	2.131931e-01	2.214963e-01	2.502599e-01	2.459515e-01	4.308397e-03	1.208216e-01	-4.151574e-03	-2.491838e-04	1.108105e-02	5.291339e-03	5.789707e-03
267           	4.350263e-01	2.136165e-01	2.214098e-01	2.500447e-01	2.457626e-01	4.282176e-03	1.207402e-01	-3.896632e-03	2.461837e-04	1.022537e-02	5.358869e-03	4.866502e-03
268           	4.353740e-01	2.140152e-01	2.213588e-01	2.500056e-01	2.457002e-01	4.305448e-03	1.206974e-01	-3.671792e-03	7.261108e-04	9.510180e-03	5.481201e-03	4.028979e-03
269           	4.357317e-01	2.143684e-01	2.213633e-01	2.501131e-01	2.457502e-01	4.362901e-03	1.206936e-01	-3.497458e-03	1.145579e-03	8.987432e-03	5.639295e-03	3.348137e-03
270           	4.360797e-01	2.146561e-01	2.214236e-01	2.503550e-01	2.459164e-01	4.438512e-03	1.207390e-01	-3.383731e-03	1.471264e-03	8.702667e-03	5.822597e-03	2.880069e-03
271           	4.363728e-01	2.148430e-01	2.215298e-01	2.506940e-01	2.461780e-01	4.515972e-03	1.208310e-01	-3.343360e-03	1.662498e-03	8.703287e-03	6.014141e-03	2.689146e-03
272           	4.365737e-01	2.148968e-01	2.216769e-01	2.510810e-01	2.465023e-01	4.578633e-03	1.209619e-01	-3.390060e-03	1.670914e-03	9.060197e-03	6.201012e-03	2.859185e-03
273           	4.366733e-01	2.148081e-01	2.218651e-01	2.514269e-01	2.468206e-01	4.606287e-03	1.211071e-01	-3.528496e-03	1.485490e-03	9.771843e-03	6.371412e-03	3.400431e-03
274           	4.367303e-01	2.146113e-01	2.221191e-01	2.516900e-01	2.471137e-01	4.576270e-03	1.212687e-01	-3.753894e-03	1.108393e-03	1.081530e-02	6.516045e-03	4.299259e-03
275           	4.368084e-01	2.143469e-01	2.224615e-01	2.518002e-01	2.473288e-01	4.471429e-03	1.214287e-01	-4.057296e-03	5.669037e-04	1.211601e-02	6.624907e-03	5.491100e-03
276           	4.368973e-01	2.140384e-01	2.228590e-01	2.517109e-01	2.474073e-01	4.303595e-03	1.215519e-01	-4.410291e-03	-7.332434e-05	1.355497e-02	6.704163e-03	6.850811e-03
277           	4.369510e-01	2.136979e-01	2.232531e-01	2.513758e-01	2.472755e-01	4.100283e-03	1.215876e-01	-4.777617e-03	-7.380157e-04	1.498189e-02	6.752931e-03	8.228962e-03
278           	4.369470e-01	2.133476e-01	2.235993e-01	2.508149e-01	2.469242e-01	3.890658e-03	1.215168e-01	-5.125843e-03	-1.369231e-03	1.628693e-02	6.774232e-03	9.512693e-03
279           	4.368715e-01	2.130175e-01	2.238540e-01	2.500580e-01	2.463607e-01	3.697266e-03	1.213317e-01	-5.418222e-03	-1.907859e-03	1.733005e-02	6.757168e-03	1.057289e-02
280           	4.367286e-01	2.127460e-01	2.239826e-01	2.492007e-01	2.456646e-01	3.536106e-03	1.210642e-01	-5.618317e-03	-2.305477e-03	1.799712e-02	6.693081e-03	1.130403e-02
281           	4.365377e-01	2.125621e-01	2.239757e-01	2.483097e-01	2.449070e-01	3.402680e-03	1.207522e-01	-5.706810e-03	-2.530582e-03	1.819546e-02	6.567147e-03	1.162831e-02
282           	4.363242e-01	2.124952e-01	2.238290e-01	2.474534e-01	2.441620e-01	3.291398e-03	1.204353e-01	-5.666904e-03	-2.555136e-03	1.787346e-02	6.381593e-03	1.149187e-02
283           	4.360942e-01	2.125446e-01	2.235496e-01	2.466484e-01	2.434537e-01	3.194698e-03	1.201295e-01	-5.502542e-03	-2.378148e-03	1.703335e-02	6.138527e-03	1.089482e-02
284           	4.358466e-01	2.126851e-01	2.231615e-01	2.459312e-01	2.428163e-01	3.114904e-03	1.198507e-01	-5.238237e-03	-2.028736e-03	1.578277e-02	5.862647e-03	9.920118e-03
285           	4.355908e-01	2.128832e-01	2.227076e-01	2.453092e-01	2.422482e-01	3.061062e-03	1.195936e-01	-4.912174e-03	-1.552125e-03	1.428201e-02	5.588877e-03	8.693128e-03
286           	4.353606e-01	2.131190e-01	2.222416e-01	2.448289e-01	2.417873e-01	3.041615e-03	1.193729e-01	-4.561312e-03	-1.007460e-03	1.272958e-02	5.357333e-03	7.372252e-03
287           	4.351774e-01	2.133632e-01	2.218142e-01	2.445190e-01	2.414643e-01	3.054749e-03	1.192048e-01	-4.225484e-03	-4.612298e-04	1.129230e-02	5.184919e-03	6.107379e-03
288           	4.350314e-01	2.135897e-01	2.214417e-01	2.444291e-01	2.413225e-01	3.106558e-03	1.191080e-01	-3.925957e-03	4.683796e-05	1.008248e-02	5.088079e-03	4.994403e-03
289           	4.348974e-01	2.137633e-01	2.211341e-01	2.445348e-01	2.413341e-01	3.200676e-03	1.190667e-01	-3.685435e-03	4.702480e-04	9.185790e-03	5.063143e-03	4.122647e-03
290           	4.347786e-01	2.138648e-01	2.209138e-01	2.448338e-01	2.415054e-01	3.328355e-03	1.190885e-01	-3.524495e-03	7.622854e-04	8.693037e-03	5.108804e-03	3.584233e-03
291           	4.346736e-01	2.138797e-01	2.207938e-01	2.452985e-01	2.418233e-01	3.475201e-03	1.191741e-01	-3.457046e-03	8.871281e-04	8.648807e-03	5.211531e-03	3.437275e-03
292           	4.345849e-01	2.138101e-01	2.207749e-01	2.459034e-01	2.422773e-01	3.626119e-03	1.193256e-01	-3.482389e-03	8.231743e-04	9.061929e-03	5.354139e-03	3.707790e-03
293           	4.345221e-01	2.136565e-01	2.208657e-01	2.465739e-01	2.428163e-01	3.757676e-03	1.195293e-01	-3.604586e-03	5.531532e-04	9.906626e-03	5.506466e-03	4.400160e-03
294           	4.345048e-01	2.134459e-01	2.210590e-01	2.472555e-01	2.434007e-01	3.854855e-03	1.197729e-01	-3.806551e-03	1.114495e-04	1.107940e-02	5.651149e-03	5.428250e-03
295           	4.345569e-01	2.132099e-01	2.213470e-01	2.478589e-01	2.439592e-01	3.899660e-03	1.200298e-01	-4.068544e-03	-4.520044e-04	1.245078e-02	5.773387e-03	6.677396e-03
296           	4.347227e-01	2.129836e-01	2.217391e-01	2.483338e-01	2.444569e-01	3.876844e-03	1.202900e-01	-4.377765e-03	-1.102685e-03	1.395894e-02	5.876783e-03	8.082153e-03
297           	4.350278e-01	2.128027e-01	2.222251e-01	2.486504e-01	2.448686e-01	3.781804e-03	1.205434e-01	-4.711191e-03	-1.778732e-03	1.547521e-02	5.958874e-03	9.516339e-03
298           	4.353835e-01	2.126578e-01	2.227256e-01	2.487860e-01	2.451374e-01	3.648575e-03	1.207444e-01	-5.033898e-03	-2.410320e-03	1.686405e-02	6.021705e-03	1.084234e-02
299           	4.356653e-01	2.125075e-01	2.231577e-01	2.487005e-01	2.451853e-01	3.515229e-03	1.208350e-01	-5.325124e-03	-2.948888e-03	1.801403e-02	6.058125e-03	1.195590e-02
300           	4.358073e-01	2.123462e-01	2.234611e-01	2.484016e-01	2.449926e-01	3.409025e-03	1.207918e-01	-5.557445e-03	-3.358957e-03	1.884979e-02	6.065939e-03	1.278385e-02
301           	4.358271e-01	2.122007e-01	2.236264e-01	2.479304e-01	2.446065e-01	3.323989e-03	1.206412e-01	-5.712845e-03	-3.614897e-03	1.930466e-02	6.037434e-03	1.326723e-02
302           	4.357844e-01	2.121134e-01	2.236710e-01	2.473829e-01	2.441325e-01	3.250377e-03	1.204411e-01	-5.778781e-03	-3.706807e-03	1.936156e-02	5.973975e-03	1.338759e-02
303           	4.357168e-01	2.121073e-01	2.236095e-01	2.467979e-01	2.436174e-01	3.180431e-03	1.202185e-01	-5.751104e-03	-3.629329e-03	1.900566e-02	5.873500e-03	1.313216e-02
304           	4.355907e-01	2.121662e-01	2.234245e-01	2.462070e-01	2.430756e-01	3.131374e-03	1.199721e-01	-5.629113e-03	-3.384972e-03	1.825429e-02	5.742174e-03	1.251212e-02
305           	4.353566e-01	2.122412e-01	2.231154e-01	2.456183e-01	2.424932e-01	3.125033e-03	1.196841e-01	-5.437119e-03	-3.001424e-03	1.717314e-02	5.585144e-03	1.158799e-02
306           	4.350836e-01	2.123409e-01	2.227426e-01	2.450995e-01	2.419394e-01	3.160064e-03	1.193897e-01	-5.200859e-03	-2.516076e-03	1.590887e-02	5.438357e-03	1.047051e-02
307           	4.348627e-01	2.124790e-01	2.223837e-01	2.446983e-01	2.414863e-01	3.211956e-03	1.191372e-01	-4.952324e-03	-1.977480e-03	1.459802e-02	5.321529e-03	9.276488e-03
308           	4.346781e-01	2.126213e-01	2.220567e-01	2.444648e-01	2.411871e-01	3.277680e-03	1.189547e-01	-4.717682e-03	-1.424462e-03	1.334681e-02	5.248944e-03	8.097869e-03
309           	4.345077e-01	2.127333e-01	2.217744e-01	2.444057e-01	2.410558e-01	3.349948e-03	1.188529e-01	-4.520548e-03	-8.983112e-04	1.223739e-02	5.220386e-03	7.017008e-03
310           	4.343051e-01	2.127790e-01	2.215261e-01	2.445378e-01	2.411033e-01	3.434470e-03	1.188344e-01	-4.373578e-03	-4.409308e-04	1.135984e-02	5.238992e-03	6.120853e-03
311           	4.340360e-01	2.127211e-01	2.213149e-01	2.448419e-01	2.413117e-01	3.530165e-03	1.188908e-01	-4.296921e-03	-1.106871e-04	1.080847e-02	5.293549e-03	5.514923e-03
312           	4.337126e-01	2.125636e-01	2.211490e-01	2.452938e-01	2.416582e-01	3.635605e-03	1.190113e-01	-4.292678e-03	6.429190e-05	1.063656e-02	5.382572e-03	5.253988e-03
313           	4.333598e-01	2.123203e-01	2.210395e-01	2.458431e-01	2.420964e-01	3.746636e-03	1.191749e-01	-4.359630e-03	6.094641e-05	1.085132e-02	5.486609e-03	5.364716e-03
314           	4.330047e-01	2.120018e-01	2.210028e-01	2.464475e-01	2.425837e-01	3.863850e-03	1.193599e-01	-4.500490e-03	-1.432091e-04	1.147831e-02	5.595948e-03	5.882366e-03
315           	4.327210e-01	2.116583e-01	2.210627e-01	2.470536e-01	2.430873e-01	3.966303e-03	1.195605e-01	-4.702182e-03	-5.128077e-04	1.242317e-02	5.698778e-03	6.724393e-03
316           	4.325247e-01	2.113130e-01	2.212116e-01	2.476124e-01	2.435685e-01	4.043858e-03	1.197623e-01	-4.949301e-03	-1.007062e-03	1.361487e-02	5.800374e-03	7.814498e-03
317           	4.325413e-01	2.110367e-01	2.215046e-01	2.480159e-01	2.439746e-01	4.041312e-03	1.199666e-01	-5.233972e-03	-1.588790e-03	1.496235e-02	5.892384e-03	9.069964e-03
318           	4.327393e-01	2.108404e-01	2.218989e-01	2.481678e-01	2.442021e-01	3.965658e-03	1.201182e-01	-5.529246e-03	-2.187392e-03	1.633461e-02	5.979915e-03	1.035470e-02
319           	4.329909e-01	2.107013e-01	2.222896e-01	2.480224e-01	2.441661e-01	3.856284e-03	1.201549e-01	-5.794117e-03	-2.719253e-03	1.753746e-02	6.049475e-03	1.148798e-02
320           	4.332537e-01	2.106350e-01	2.226188e-01	2.476469e-01	2.439117e-01	3.735158e-03	1.200883e-01	-5.991907e-03	-3.127032e-03	1.842404e-02	6.084987e-03	1.233905e-02
321           	4.334918e-01	2.106528e-01	2.228391e-01	2.471172e-01	2.435040e-01	3.613237e-03	1.199454e-01	-6.093156e-03	-3.364016e-03	1.886995e-02	6.070959e-03	1.279899e-02
322           	4.336890e-01	2.107684e-01	2.229207e-01	2.465078e-01	2.430170e-01	3.490831e-03	1.197631e-01	-6.076152e-03	-3.404511e-03	1.882715e-02	6.009063e-03	1.281808e-02
323           	4.338716e-01	2.109919e-01	2.228797e-01	2.458685e-01	2.425162e-01	3.352239e-03	1.195820e-01	-5.943861e-03	-3.255487e-03	1.831554e-02	5.902282e-03	1.241326e-02
324           	4.340566e-01	2.113226e-01	2.227340e-01	2.452574e-01	2.420581e-01	3.199236e-03	1.194294e-01	-5.705699e-03	-2.929426e-03	1.739398e-02	5.767565e-03	1.162642e-02
325           	4.342338e-01	2.117285e-01	2.225054e-01	2.446992e-01	2.416507e-01	3.048449e-03	1.193011e-01	-5.388455e-03	-2.446524e-03	1.612617e-02	5.616563e-03	1.050961e-02
326           	4.342978e-01	2.121144e-01	2.221834e-01	2.442454e-01	2.413021e-01	2.943279e-03	1.191794e-01	-5.034495e-03	-1.855728e-03	1.467183e-02	5.480188e-03	9.191644e-03
327           	4.342818e-01	2.124650e-01	2.218169e-01	2.439309e-01	2.410434e-01	2.887513e-03	1.190779e-01	-4.675941e-03	-1.200303e-03	1.316158e-02	5.380487e-03	7.781094e-03
328           	4.342526e-01	2.127942e-01	2.214584e-01	2.437744e-01	2.408928e-01	2.881559e-03	1.190056e-01	-4.332132e-03	-5.225560e-04	1.169369e-02	5.324288e-03	6.369400e-03
329           	4.341857e-01	2.130550e-01	2.211307e-01	2.437965e-01	2.408587e-01	2.937719e-03	1.189605e-01	-4.037886e-03	1.172188e-04	1.041157e-02	5.323001e-03	5.088564e-03
330           	4.340770e-01	2.132348e-01	2.208422e-01	2.440081e-01	2.409533e-01	3.054874e-03	1.189492e-01	-3.803741e-03	6.889761e-04	9.392279e-03	5.385115e-03	4.007163e-03
331           	4.339169e-01	2.133254e-01	2.205915e-01	2.443720e-01	2.411468e-01	3.225198e-03	1.189608e-01	-3.633011e-03	1.160070e-03	8.662220e-03	5.491180e-03	3.171040e-03
332           	4.336990e-01	2.133170e-01	2.203819e-01	2.448261e-01	2.414005e-01	3.425628e-03	1.189874e-01	-3.532458e-03	1.495872e-03	8.259340e-03	5.625542e-03	2.633798e-03
333           	4.334347e-01	2.132098e-01	2.202249e-01	2.453089e-01	2.416835e-01	3.625382e-03	1.190290e-01	-3.507548e-03	1.677368e-03	8.193442e-03	5.774090e-03	2.419353e-03
334           	4.331384e-01	2.130101e-01	2.201283e-01	2.457556e-01	2.419612e-01	3.794411e-03	1.190834e-01	-3.559139e-03	1.686404e-03	8.469699e-03	5.921254e-03	2.548445e-03
335           	4.328867e-01	2.127498e-01	2.201369e-01	2.461696e-01	2.422638e-01	3.905769e-03	1.191790e-01	-3.693580e-03	1.517762e-03	9.070528e-03	6.053026e-03	3.017502e-03
336           	4.327466e-01	2.124661e-01	2.202805e-01	2.465240e-01	2.425775e-01	3.946476e-03	1.193155e-01	-3.907198e-03	1.203541e-03	9.962652e-03	6.184867e-03	3.777785e-03
337           	4.327217e-01	2.121692e-01	2.205525e-01	2.467909e-01	2.428624e-01	3.928487e-03	1.194670e-01	-4.191627e-03	7.825029e-04	1.108195e-02	6.323480e-03	4.758475e-03
338           	4.327764e-01	2.118521e-01	2.209244e-01	2.469460e-01	2.430675e-01	3.878481e-03	1.195945e-01	-4.536130e-03	2.834977e-04	1.239155e-02	6.479273e-03	5.912277e-03
339           	4.329254e-01	2.115541e-01	2.213713e-01	2.469355e-01	2.431366e-01	3.798883e-03	1.196689e-01	-4.908616e-03	-2.342044e-04	1.375942e-02	6.645505e-03	7.113914e-03
340           	4.331793e-01	2.113309e-01	2.218484e-01	2.467224e-01	2.430368e-01	3.685523e-03	1.196757e-01	-5.258772e-03	-7.026575e-04	1.501446e-02	6.804573e-03	8.209888e-03
341           	4.334846e-01	2.112020e-01	2.222826e-01	2.462999e-01	2.427542e-01	3.545721e-03	1.196042e-01	-5.540308e-03	-1.063817e-03	1.597697e-02	6.924670e-03	9.052304e-03
342           	4.337163e-01	2.111410e-01	2.225754e-01	2.457112e-01	2.423033e-01	3.407958e-03	1.194476e-01	-5.717185e-03	-1.271961e-03	1.652333e-02	6.989706e-03	9.533627e-03
343           	4.338471e-01	2.111527e-01	2.226944e-01	2.450424e-01	2.417637e-01	3.278686e-03	1.192425e-01	-5.770870e-03	-1.303616e-03	1.658354e-02	6.988152e-03	9.595383e-03
344           	4.338839e-01	2.112341e-01	2.226499e-01	2.443727e-01	2.412063e-01	3.166384e-03	1.190200e-01	-5.707892e-03	-1.170821e-03	1.619197e-02	6.925163e-03	9.266805e-03
345           	4.339294e-01	2.114234e-01	2.225060e-01	2.437114e-01	2.406600e-01	3.051411e-03	1.188043e-01	-5.541293e-03	-8.879573e-04	1.539349e-02	6.808787e-03	8.584702e-03
346           	4.339996e-01	2.117055e-01	2.222941e-01	2.430871e-01	2.401458e-01	2.941282e-03	1.186023e-01	-5.294316e-03	-4.849791e-04	1.428044e-02	6.655240e-03	7.625199e-03
347           	4.341217e-01	2.120558e-01	2.220659e-01	2.425155e-01	2.396746e-01	2.840935e-03	1.184168e-01	-5.005039e-03	-6.828787e-06	1.296897e-02	6.477655e-03	6.491313e-03
348           	4.342520e-01	2.124143e-01	2.218377e-01	2.420722e-01	2.393003e-01	2.771956e-03	1.182642e-01	-4.711716e-03	5.018247e-04	1.162792e-02	6.315783e-03	5.312134e-03
349           	4.343531e-01	2.127368e-01	2.216162e-01	2.418123e-01	2.390550e-01	2.757325e-03	1.181488e-01	-4.439717e-03	1.006138e-03	1.036074e-02	6.186511e-03	4.174234e-03
350           	4.344150e-01	2.129980e-01	2.214171e-01	2.417137e-01	2.389283e-01	2.785369e-03	1.180715e-01	-4.209562e-03	1.462517e-03	9.265733e-03	6.095383e-03	3.170349e-03
351           	4.344211e-01	2.131750e-01	2.212461e-01	2.417945e-01	2.389481e-01	2.846435e-03	1.180508e-01	-4.035528e-03	1.842746e-03	8.413724e-03	6.049608e-03	2.364116e-03
352           	4.343510e-01	2.132544e-01	2.210966e-01	2.420630e-01	2.391335e-01	2.929492e-03	1.181020e-01	-3.921119e-03	2.115747e-03	7.863803e-03	6.047648e-03	1.816154e-03
353           	4.342124e-01	2.132347e-01	2.209777e-01	2.425281e-01	2.395035e-01	3.024584e-03	1.182395e-01	-3.871464e-03	2.257120e-03	7.633049e-03	6.073644e-03	1.559405e-03
354           	4.340396e-01	2.131290e-01	2.209106e-01	2.431641e-01	2.400494e-01	3.114682e-03	1.184673e-01	-3.890800e-03	2.251801e-03	7.745558e-03	6.124579e-03	1.620978e-03
355           	4.338643e-01	2.129529e-01	2.209114e-01	2.438862e-01	2.406951e-01	3.191115e-03	1.187520e-01	-3.979237e-03	2.104499e-03	8.171259e-03	6.190129e-03	1.981130e-03
356           	4.337194e-01	2.127219e-01	2.209976e-01	2.446018e-01	2.413603e-01	3.241492e-03	1.190594e-01	-4.137846e-03	1.813143e-03	8.901477e-03	6.263882e-03	2.637595e-03
357           	4.336663e-01	2.124777e-01	2.211886e-01	2.452201e-01	2.419747e-01	3.245426e-03	1.193646e-01	-4.355455e-03	1.409375e-03	9.871184e-03	6.344967e-03	3.526217e-03
358           	4.337276e-01	2.122532e-01	2.214743e-01	2.456663e-01	2.424666e-01	3.199649e-03	1.196335e-01	-4.610556e-03	9.354616e-04	1.098625e-02	6.428587e-03	4.557663e-03
359           	4.338888e-01	2.120680e-01	2.218209e-01	2.459065e-01	2.427835e-01	3.123000e-03	1.198303e-01	-4.876456e-03	4.433345e-04	1.210871e-02	6.497690e-03	5.611021e-03
360           	4.340905e-01	2.119242e-01	2.221663e-01	2.459564e-01	2.429122e-01	3.044275e-03	1.199339e-01	-5.121013e-03	-1.198404e-05	1.312398e-02	6.550006e-03	6.573974e-03
361           	4.342823e-01	2.118273e-01	2.224550e-01	2.458248e-01	2.428399e-01	2.984892e-03	1.199275e-01	-5.313822e-03	-3.746581e-04	1.389735e-02	6.574015e-03	7.323331e-03
362           	4.344329e-01	2.117807e-01	2.226522e-01	2.455313e-01	2.425876e-01	2.943724e-03	1.198219e-01	-5.435725e-03	-6.206832e-04	1.436208e-02	6.560357e-03	7.801723e-03
363           	4.345812e-01	2.118161e-01	2.227650e-01	2.451177e-01	2.422095e-01	2.908241e-03	1.196506e-01	-5.474460e-03	-7.327155e-04	1.446958e-02	6.502075e-03	7.967506e-03
364           	4.347644e-01	2.119555e-01	2.228089e-01	2.446537e-01	2.417856e-01	2.868120e-03	1.194588e-01	-5.426697e-03	-7.087183e-04	1.422840e-02	6.405484e-03	7.822921e-03
365           	4.349914e-01	2.121921e-01	2.227993e-01	2.442139e-01	2.413854e-01	2.828527e-03	1.192784e-01	-5.303584e-03	-5.548117e-04	1.366061e-02	6.275493e-03	7.385117e-03
366           	4.352251e-01	2.124997e-01	2.227254e-01	2.438564e-01	2.410528e-01	2.803618e-03	1.191246e-01	-5.112819e-03	-2.761999e-04	1.280772e-02	6.127659e-03	6.680059e-03
367           	4.354390e-01	2.128521e-01	2.225869e-01	2.436125e-01	2.408081e-01	2.804468e-03	1.190018e-01	-4.867438e-03	1.118646e-04	1.171847e-02	5.971099e-03	5.747370e-03
368           	4.356237e-01	2.132205e-01	2.224032e-01	2.435049e-01	2.406759e-01	2.828918e-03	1.189235e-01	-4.591307e-03	5.664905e-04	1.051300e-02	5.822989e-03	4.690008e-03
369           	4.357951e-01	2.135925e-01	2.222026e-01	2.435615e-01	2.406859e-01	2.875618e-03	1.189052e-01	-4.305035e-03	1.052530e-03	9.282715e-03	5.693888e-03	3.588827e-03
370           	4.359279e-01	2.139344e-01	2.219936e-01	2.438006e-01	2.408458e-01	2.954841e-03	1.189455e-01	-4.029594e-03	1.524670e-03	8.137149e-03	5.593244e-03	2.543904e-03
371           	4.359861e-01	2.142030e-01	2.217830e-01	2.442237e-01	2.411515e-01	3.072212e-03	1.190396e-01	-3.790015e-03	1.938908e-03	7.166361e-03	5.522089e-03	1.644273e-03
372           	4.359667e-01	2.143766e-01	2.215901e-01	2.447921e-01	2.415865e-01	3.205659e-03	1.191904e-01	-3.606753e-03	2.249458e-03	6.478417e-03	5.488666e-03	9.897507e-04
373           	4.359203e-01	2.144603e-01	2.214600e-01	2.454182e-01	2.420973e-01	3.320952e-03	1.193882e-01	-3.499836e-03	2.415500e-03	6.133175e-03	5.482087e-03	6.510878e-04
374           	4.358260e-01	2.144249e-01	2.214011e-01	2.460250e-01	2.426197e-01	3.405272e-03	1.196072e-01	-3.488078e-03	2.400493e-03	6.185210e-03	5.493098e-03	6.921117e-04
375           	4.357419e-01	2.142914e-01	2.214505e-01	2.465784e-01	2.431293e-01	3.449066e-03	1.198401e-01	-3.579548e-03	2.200205e-03	6.634145e-03	5.517278e-03	1.116867e-03
376           	4.356931e-01	2.140779e-01	2.216151e-01	2.470377e-01	2.435853e-01	3.452446e-03	1.200664e-01	-3.768601e-03	1.823803e-03	7.464763e-03	5.556185e-03	1.908578e-03
377           	4.356795e-01	2.137969e-01	2.218826e-01	2.473678e-01	2.439397e-01	3.428052e-03	1.202558e-01	-4.042853e-03	1.300292e-03	8.614797e-03	5.607690e-03	3.007106e-03
378           	4.357402e-01	2.134997e-01	2.222404e-01	2.475357e-01	2.441687e-01	3.367015e-03	1.204008e-01	-4.370340e-03	6.890982e-04	9.971133e-03	5.674665e-03	4.296468e-03
379           	4.358697e-01	2.132308e-01	2.226389e-01	2.474885e-01	2.442110e-01	3.277478e-03	1.204668e-01	-4.704012e-03	7.565505e-05	1.133544e-02	5.743377e-03	5.592067e-03
380           	4.359880e-01	2.129930e-01	2.229950e-01	2.472255e-01	2.440395e-01	3.186017e-03	1.204267e-01	-5.001036e-03	-4.765245e-04	1.255235e-02	5.799650e-03	6.752699e-03
381           	4.360833e-01	2.128127e-01	2.232706e-01	2.467830e-01	2.436805e-01	3.102511e-03	1.202890e-01	-5.228937e-03	-9.146218e-04	1.348522e-02	5.827989e-03	7.657232e-03
382           	4.361385e-01	2.127029e-01	2.234356e-01	2.462264e-01	2.431918e-01	3.034520e-03	1.200787e-01	-5.366364e-03	-1.209844e-03	1.405658e-02	5.818445e-03	8.238133e-03
383           	4.361706e-01	2.126794e-01	2.234912e-01	2.456131e-01	2.426369e-01	2.976216e-03	1.198303e-01	-5.405928e-03	-1.347607e-03	1.420975e-02	5.757266e-03	8.452480e-03
384           	4.361942e-01	2.127548e-01	2.234393e-01	2.449720e-01	2.420523e-01	2.919750e-03	1.195663e-01	-5.342248e-03	-1.321706e-03	1.394642e-02	5.651505e-03	8.294917e-03
385           	4.362135e-01	2.129209e-01	2.232927e-01	2.443209e-01	2.414585e-01	2.862431e-03	1.192980e-01	-5.185878e-03	-1.139926e-03	1.330310e-02	5.511623e-03	7.791476e-03
386           	4.362264e-01	2.131480e-01	2.230784e-01	2.437079e-01	2.408982e-01	2.809729e-03	1.190442e-01	-4.965188e-03	-8.371754e-04	1.240715e-02	5.366398e-03	7.040749e-03
387           	4.362648e-01	2.134263e-01	2.228385e-01	2.431889e-01	2.404245e-01	2.764456e-03	1.188300e-01	-4.706127e-03	-4.463860e-04	1.136543e-02	5.236330e-03	6.129102e-03
388           	4.363204e-01	2.137308e-01	2.225896e-01	2.428108e-01	2.400778e-01	2.732949e-03	1.186724e-01	-4.429357e-03	-7.657248e-06	1.029796e-02	5.141324e-03	5.156639e-03
389           	4.363549e-01	2.140156e-01	2.223393e-01	2.426017e-01	2.398706e-01	2.731163e-03	1.185697e-01	-4.161849e-03	4.392898e-04	9.294098e-03	5.086339e-03	4.207759e-03
390           	4.363128e-01	2.142311e-01	2.220816e-01	2.425709e-01	2.397996e-01	2.771288e-03	1.185142e-01	-3.925231e-03	8.515064e-04	8.457596e-03	5.080305e-03	3.377292e-03
391           	4.361735e-01	2.143495e-01	2.218240e-01	2.426874e-01	2.398320e-01	2.855486e-03	1.184882e-01	-3.737285e-03	1.188248e-03	7.849064e-03	5.112780e-03	2.736284e-03
392           	4.359583e-01	2.143640e-01	2.215943e-01	2.429668e-01	2.400030e-01	2.963781e-03	1.185196e-01	-3.615174e-03	1.403239e-03	7.552295e-03	5.179386e-03	2.372909e-03
393           	4.357188e-01	2.142883e-01	2.214306e-01	2.433916e-01	2.403171e-01	3.074484e-03	1.186213e-01	-3.571147e-03	1.474697e-03	7.593436e-03	5.271415e-03	2.322021e-03
394           	4.354996e-01	2.141388e-01	2.213608e-01	2.439334e-01	2.407643e-01	3.169149e-03	1.187976e-01	-3.610971e-03	1.383553e-03	7.999714e-03	5.383410e-03	2.616304e-03
395           	4.353439e-01	2.139346e-01	2.214093e-01	2.445392e-01	2.413089e-01	3.230278e-03	1.190393e-01	-3.737314e-03	1.125614e-03	8.747148e-03	5.499188e-03	3.247960e-03
396           	4.352310e-01	2.136787e-01	2.215524e-01	2.451323e-01	2.418790e-01	3.253238e-03	1.193129e-01	-3.936857e-03	7.269160e-04	9.786597e-03	5.620214e-03	4.166382e-03
397           	4.351488e-01	2.133787e-01	2.217701e-01	2.456130e-01	2.423708e-01	3.242193e-03	1.195643e-01	-4.195668e-03	2.167681e-04	1.103870e-02	5.736118e-03	5.302582e-03
398           	4.351196e-01	2.130610e-01	2.220586e-01	2.459118e-01	2.427226e-01	3.189208e-03	1.197667e-01	-4.498788e-03	-3.745280e-04	1.244201e-02	5.846479e-03	6.595535e-03
399           	4.351430e-01	2.127606e-01	2.223824e-01	2.459848e-01	2.428790e-01	3.105841e-03	1.198866e-01	-4.810878e-03	-9.769684e-04	1.383249e-02	5.939277e-03	7.893214e-03
400           	4.351480e-01	2.124810e-01	2.226670e-01	2.458361e-01	2.428148e-01	3.021334e-03	1.198967e-01	-5.093026e-03	-1.523246e-03	1.507148e-02	6.012492e-03	9.058983e-03
401           	4.350962e-01	2.122297e-01	2.228665e-01	2.454859e-01	2.425317e-01	2.954171e-03	1.197888e-01	-5.318434e-03	-1.965551e-03	1.603053e-02	6.049716e-03	9.980817e-03
402           	4.349822e-01	2.120300e-01	2.229522e-01	2.449795e-01	2.420772e-01	2.902329e-03	1.195874e-01	-5.461076e-03	-2.265772e-03	1.662149e-02	6.044975e-03	1.057652e-02
403           	4.348526e-01	2.119196e-01	2.229330e-01	2.443761e-01	2.415241e-01	2.851977e-03	1.193361e-01	-5.506707e-03	-2.403565e-03	1.677574e-02	5.984307e-03	1.079144e-02
404           	4.347591e-01	2.119208e-01	2.228383e-01	2.437483e-01	2.409593e-01	2.789044e-03	1.190851e-01	-5.458761e-03	-2.390815e-03	1.652229e-02	5.870328e-03	1.065196e-02
405           	4.347316e-01	2.120374e-01	2.226942e-01	2.431623e-01	2.404414e-01	2.720922e-03	1.188602e-01	-5.328365e-03	-2.237337e-03	1.589844e-02	5.711881e-03	1.018655e-02
406           	4.347225e-01	2.122303e-01	2.224921e-01	2.426737e-01	2.400001e-01	2.673572e-03	1.186633e-01	-5.130886e-03	-1.952899e-03	1.498385e-02	5.539024e-03	9.444821e-03
407           	4.347071e-01	2.124597e-01	2.222474e-01	2.423226e-01	2.396621e-01	2.660464e-03	1.185008e-01	-4.893847e-03	-1.564357e-03	1.388451e-02	5.377899e-03	8.506613e-03
408           	4.347225e-01	2.127233e-01	2.219991e-01	2.421188e-01	2.394553e-01	2.663430e-03	1.183959e-01	-4.637915e-03	-1.109076e-03	1.273647e-02	5.259157e-03	7.477310e-03
409           	4.347587e-01	2.129983e-01	2.217604e-01	2.420521e-01	2.393718e-01	2.680354e-03	1.183457e-01	-4.381048e-03	-6.179051e-04	1.161083e-02	5.187512e-03	6.423322e-03
410           	4.347773e-01	2.132454e-01	2.215319e-01	2.421433e-01	2.394281e-01	2.715122e-03	1.183565e-01	-4.143226e-03	-1.376140e-04	1.059584e-02	5.160308e-03	5.435536e-03
411           	4.347718e-01	2.134435e-01	2.213283e-01	2.424136e-01	2.396442e-01	2.769356e-03	1.184374e-01	-3.942381e-03	2.966003e-04	9.748541e-03	5.170871e-03	4.577670e-03
412           	4.347237e-01	2.135656e-01	2.211581e-01	2.428533e-01	2.400138e-01	2.839451e-03	1.185872e-01	-3.796225e-03	6.267139e-04	9.176154e-03	5.214791e-03	3.961363e-03
413           	4.346410e-01	2.135897e-01	2.210513e-01	2.434011e-01	2.404890e-01	2.912040e-03	1.187885e-01	-3.730780e-03	8.059358e-04	8.955193e-03	5.283532e-03	3.671661e-03
414           	4.345186e-01	2.135011e-01	2.210176e-01	2.439609e-01	2.409865e-01	2.974371e-03	1.190061e-01	-3.758261e-03	8.079344e-04	9.141030e-03	5.378449e-03	3.762581e-03
415           	4.343664e-01	2.133004e-01	2.210660e-01	2.444710e-01	2.414540e-01	3.017058e-03	1.192185e-01	-3.882766e-03	6.250890e-04	9.727594e-03	5.488886e-03	4.238708e-03
416           	4.341967e-01	2.129940e-01	2.212026e-01	2.448938e-01	2.418599e-01	3.033876e-03	1.194130e-01	-4.104311e-03	2.588188e-04	1.071582e-02	5.616728e-03	5.099091e-03
417           	4.340455e-01	2.126150e-01	2.214305e-01	2.451833e-01	2.421615e-01	3.021810e-03	1.195699e-01	-4.407724e-03	-2.460427e-04	1.201257e-02	5.760242e-03	6.252328e-03
418           	4.339311e-01	2.122009e-01	2.217302e-01	2.453144e-01	2.423328e-01	2.981654e-03	1.196756e-01	-4.764658e-03	-8.311796e-04	1.350897e-02	5.923306e-03	7.585665e-03
419           	4.338824e-01	2.117985e-01	2.220839e-01	2.452581e-01	2.423395e-01	2.918591e-03	1.197105e-01	-5.142666e-03	-1.433221e-03	1.505326e-02	6.093406e-03	8.959849e-03
420           	4.339038e-01	2.114599e-01	2.224439e-01	2.449957e-01	2.421606e-01	2.835123e-03	1.196627e-01	-5.491998e-03	-1.977261e-03	1.647542e-02	6.260446e-03	1.021497e-02
421           	4.339669e-01	2.112165e-01	2.227504e-01	2.445457e-01	2.417989e-01	2.746833e-03	1.195260e-01	-5.766922e-03	-2.403260e-03	1.759736e-02	6.395418e-03	1.120194e-02
422           	4.340121e-01	2.110646e-01	2.229475e-01	2.439739e-01	2.413027e-01	2.671296e-03	1.193157e-01	-5.941434e-03	-2.694033e-03	1.834086e-02	6.476397e-03	1.186446e-02
423           	4.340472e-01	2.110244e-01	2.230228e-01	2.433643e-01	2.407489e-01	2.615406e-03	1.190668e-01	-5.999174e-03	-2.833243e-03	1.864012e-02	6.486816e-03	1.215330e-02
424           	4.340790e-01	2.111011e-01	2.229779e-01	2.427858e-01	2.402035e-01	2.582321e-03	1.188106e-01	-5.938411e-03	-2.821003e-03	1.849935e-02	6.428669e-03	1.207068e-02
425           	4.341068e-01	2.112751e-01	2.228316e-01	2.422629e-01	2.396872e-01	2.575670e-03	1.185558e-01	-5.778262e-03	-2.671995e-03	1.795717e-02	6.306590e-03	1.165058e-02
426           	4.341168e-01	2.115192e-01	2.225976e-01	2.417859e-01	2.391864e-01	2.599415e-03	1.182935e-01	-5.539215e-03	-2.406693e-03	1.710258e-02	6.144596e-03	1.095798e-02
427           	4.341237e-01	2.118236e-01	2.223001e-01	2.413676e-01	2.387232e-01	2.644467e-03	1.180393e-01	-5.238230e-03	-2.029749e-03	1.598635e-02	5.963427e-03	1.002293e-02
428           	4.341344e-01	2.121688e-01	2.219656e-01	2.410390e-01	2.383394e-01	2.699579e-03	1.178199e-01	-4.898403e-03	-1.578844e-03	1.472087e-02	5.781592e-03	8.939280e-03
429           	4.341538e-01	2.125397e-01	2.216141e-01	2.408408e-01	2.380805e-01	2.760280e-03	1.176601e-01	-4.537209e-03	-1.079422e-03	1.337794e-02	5.609547e-03	7.768390e-03
430           	4.341502e-01	2.128977e-01	2.212525e-01	2.408191e-01	2.379871e-01	2.831974e-03	1.175776e-01	-4.177394e-03	-5.752854e-04	1.207628e-02	5.462855e-03	6.613426e-03
431           	4.341040e-01	2.132008e-01	2.209032e-01	2.409881e-01	2.380723e-01	2.915796e-03	1.175782e-01	-3.851210e-03	-1.182997e-04	1.093939e-02	5.351395e-03	5.587994e-03
432           	4.340018e-01	2.134198e-01	2.205820e-01	2.413454e-01	2.383450e-01	3.000404e-03	1.176723e-01	-3.581128e-03	2.404293e-04	1.008841e-02	5.284636e-03	4.803778e-03
433           	4.338678e-01	2.135451e-01	2.203227e-01	2.418536e-01	2.387851e-01	3.068475e-03	1.178583e-01	-3.388833e-03	4.596325e-04	9.596323e-03	5.257794e-03	4.338529e-03
434           	4.337411e-01	2.135752e-01	2.201659e-01	2.424699e-01	2.393645e-01	3.105422e-03	1.181295e-01	-3.295381e-03	5.031073e-04	9.522916e-03	5.264565e-03	4.258351e-03
435           	4.336547e-01	2.135172e-01	2.201375e-01	2.431648e-01	2.400612e-01	3.103627e-03	1.184788e-01	-3.310112e-03	3.643320e-04	9.860637e-03	5.294650e-03	4.565986e-03
436           	4.335690e-01	2.133586e-01	2.202104e-01	2.438189e-01	2.407410e-01	3.077932e-03	1.188315e-01	-3.425884e-03	5.540570e-05	1.057330e-02	5.342055e-03	5.231243e-03
437           	4.334677e-01	2.130949e-01	2.203728e-01	2.443184e-01	2.412954e-01	3.023038e-03	1.191362e-01	-3.638951e-03	-3.947423e-04	1.157847e-02	5.394492e-03	6.183976e-03
438           	4.333548e-01	2.127486e-01	2.206062e-01	2.445844e-01	2.416426e-01	2.941751e-03	1.193504e-01	-3.928787e-03	-9.407887e-04	1.278013e-02	5.449276e-03	7.330853e-03
439           	4.332461e-01	2.123637e-01	2.208824e-01	2.445734e-01	2.417264e-01	2.847025e-03	1.194397e-01	-4.259390e-03	-1.518800e-03	1.401796e-02	5.490178e-03	8.527779e-03
440           	4.331283e-01	2.119705e-01	2.211577e-01	2.442920e-01	2.415324e-01	2.759595e-03	1.193864e-01	-4.593589e-03	-2.068336e-03	1.515819e-02	5.510759e-03	9.647432e-03
441           	4.329838e-01	2.116000e-01	2.213838e-01	2.438036e-01	2.411053e-01	2.698272e-03	1.192035e-01	-4.891924e-03	-2.515424e-03	1.605019e-02	5.509670e-03	1.054052e-02
442           	4.327888e-01	2.112753e-01	2.215135e-01	2.431673e-01	2.404995e-01	2.667800e-03	1.189159e-01	-5.119114e-03	-2.814545e-03	1.660739e-02	5.489151e-03	1.111824e-02
443           	4.325787e-01	2.110357e-01	2.215430e-01	2.424566e-01	2.398066e-01	2.650078e-03	1.185782e-01	-5.253664e-03	-2.947121e-03	1.677446e-02	5.440109e-03	1.133435e-02
444           	4.324181e-01	2.109288e-01	2.214893e-01	2.417422e-01	2.391252e-01	2.617019e-03	1.182541e-01	-5.280213e-03	-2.905411e-03	1.654301e-02	5.366096e-03	1.117692e-02
445           	4.323426e-01	2.109700e-01	2.213726e-01	2.410850e-01	2.385256e-01	2.559393e-03	1.179831e-01	-5.201301e-03	-2.693528e-03	1.592767e-02	5.270307e-03	1.065736e-02
446           	4.323348e-01	2.111246e-01	2.212102e-01	2.405330e-01	2.380398e-01	2.493165e-03	1.177733e-01	-5.042841e-03	-2.351331e-03	1.504231e-02	5.169823e-03	9.872485e-03
447           	4.323842e-01	2.113608e-01	2.210234e-01	2.401039e-01	2.376735e-01	2.430455e-03	1.176215e-01	-4.831275e-03	-1.905137e-03	1.397699e-02	5.083356e-03	8.893629e-03
448           	4.324666e-01	2.116398e-01	2.208268e-01	2.398278e-01	2.374431e-01	2.384622e-03	1.175293e-01	-4.593529e-03	-1.399881e-03	1.286439e-02	5.032312e-03	7.832073e-03
449           	4.325737e-01	2.119278e-01	2.206459e-01	2.397110e-01	2.373505e-01	2.360452e-03	1.174950e-01	-4.359062e-03	-8.876553e-04	1.181309e-02	5.018892e-03	6.794203e-03
450           	4.326913e-01	2.122037e-01	2.204875e-01	2.397691e-01	2.374080e-01	2.361099e-03	1.175234e-01	-4.141907e-03	-4.107222e-04	1.089798e-02	5.038266e-03	5.859710e-03
451           	4.328002e-01	2.124420e-01	2.203581e-01	2.399969e-01	2.376070e-01	2.389871e-03	1.176086e-01	-3.958048e-03	2.594446e-07	1.016237e-02	5.081446e-03	5.080927e-03
452           	4.328757e-01	2.126088e-01	2.202669e-01	2.404053e-01	2.379578e-01	2.447454e-03	1.177552e-01	-3.829073e-03	2.984799e-04	9.692330e-03	5.144645e-03	4.547685e-03
453           	4.328878e-01	2.126734e-01	2.202144e-01	2.409535e-01	2.384213e-01	2.532154e-03	1.179446e-01	-3.770502e-03	4.604980e-04	9.531149e-03	5.226072e-03	4.305076e-03
454           	4.328280e-01	2.126155e-01	2.202125e-01	2.416097e-01	2.389702e-01	2.639484e-03	1.181654e-01	-3.798494e-03	4.563834e-04	9.748776e-03	5.330771e-03	4.418004e-03
455           	4.328295e-01	2.124904e-01	2.203391e-01	2.422833e-01	2.395742e-01	2.709156e-03	1.184325e-01	-3.924329e-03	2.734907e-04	1.034931e-02	5.448147e-03	4.901166e-03
456           	4.329330e-01	2.123306e-01	2.206025e-01	2.429306e-01	2.402079e-01	2.722745e-03	1.187426e-01	-4.135941e-03	-6.136350e-05	1.126786e-02	5.572568e-03	5.695295e-03
457           	4.331448e-01	2.121504e-01	2.209944e-01	2.435274e-01	2.408417e-01	2.685605e-03	1.190781e-01	-4.422034e-03	-5.073549e-04	1.242218e-02	5.703733e-03	6.718443e-03
458           	4.335140e-01	2.119946e-01	2.215194e-01	2.440299e-01	2.414436e-01	2.586350e-03	1.194286e-01	-4.762433e-03	-1.022145e-03	1.371711e-02	5.836409e-03	7.880699e-03
459           	4.339439e-01	2.118654e-01	2.220785e-01	2.443494e-01	2.419007e-01	2.448714e-03	1.197260e-01	-5.106559e-03	-1.517566e-03	1.494314e-02	5.954003e-03	8.989136e-03
460           	4.342656e-01	2.117161e-01	2.225495e-01	2.444349e-01	2.421053e-01	2.329558e-03	1.198879e-01	-5.416676e-03	-1.940615e-03	1.597671e-02	6.047738e-03	9.928968e-03
461           	4.344342e-01	2.115440e-01	2.228902e-01	2.443072e-01	2.420591e-01	2.248038e-03	1.199056e-01	-5.673135e-03	-2.260815e-03	1.673973e-02	6.109049e-03	1.063068e-02
462           	4.344445e-01	2.113742e-01	2.230703e-01	2.440655e-01	2.418531e-01	2.212424e-03	1.198203e-01	-5.848011e-03	-2.444648e-03	1.715579e-02	6.133245e-03	1.102254e-02
463           	4.343342e-01	2.112396e-01	2.230947e-01	2.438043e-01	2.415832e-01	2.221065e-03	1.196811e-01	-5.927548e-03	-2.477589e-03	1.717120e-02	6.108012e-03	1.106319e-02
464           	4.341495e-01	2.111670e-01	2.229825e-01	2.435098e-01	2.412714e-01	2.238425e-03	1.195165e-01	-5.907760e-03	-2.370574e-03	1.679402e-02	6.026438e-03	1.076759e-02
465           	4.339197e-01	2.111722e-01	2.227476e-01	2.432297e-01	2.409616e-01	2.268186e-03	1.193467e-01	-5.787700e-03	-2.115383e-03	1.601196e-02	5.890599e-03	1.012137e-02
466           	4.336355e-01	2.112496e-01	2.223859e-01	2.429523e-01	2.406325e-01	2.319890e-03	1.191563e-01	-5.568174e-03	-1.709235e-03	1.483644e-02	5.708986e-03	9.127456e-03
467           	4.332974e-01	2.113787e-01	2.219187e-01	2.426649e-01	2.402631e-01	2.401811e-03	1.189306e-01	-5.270027e-03	-1.171880e-03	1.333959e-02	5.497915e-03	7.841675e-03
468           	4.329591e-01	2.115527e-01	2.214064e-01	2.424073e-01	2.398995e-01	2.507799e-03	1.186958e-01	-4.926853e-03	-5.522922e-04	1.170338e-02	5.299396e-03	6.403981e-03
469           	4.326809e-01	2.117657e-01	2.209152e-01	2.422292e-01	2.396002e-01	2.629004e-03	1.184856e-01	-4.574761e-03	1.020508e-04	1.008793e-02	5.146015e-03	4.941913e-03
470           	4.324323e-01	2.119699e-01	2.204623e-01	2.421419e-01	2.393718e-01	2.770032e-03	1.183009e-01	-4.246179e-03	7.294783e-04	8.640724e-03	5.049840e-03	3.590884e-03
471           	4.322093e-01	2.121362e-01	2.200731e-01	2.421639e-01	2.392412e-01	2.922748e-03	1.181592e-01	-3.968434e-03	1.281473e-03	7.476374e-03	5.019660e-03	2.456714e-03
472           	4.320162e-01	2.122452e-01	2.197709e-01	2.423425e-01	2.392715e-01	3.070986e-03	1.181003e-01	-3.762853e-03	1.706524e-03	6.709920e-03	5.061484e-03	1.648436e-03
473           	4.318449e-01	2.122671e-01	2.195778e-01	2.426669e-01	2.394659e-01	3.201046e-03	1.181324e-01	-3.655344e-03	1.953797e-03	6.414520e-03	5.161057e-03	1.253463e-03
474           	4.317298e-01	2.122160e-01	2.195138e-01	2.431197e-01	2.398179e-01	3.301864e-03	1.182580e-01	-3.648942e-03	2.008766e-03	6.598607e-03	5.308070e-03	1.290537e-03
475           	4.316469e-01	2.120857e-01	2.195612e-01	2.436605e-01	2.402810e-01	3.379421e-03	1.184508e-01	-3.737771e-03	1.874830e-03	7.201570e-03	5.475615e-03	1.725955e-03
476           	4.315890e-01	2.118810e-01	2.197080e-01	2.442215e-01	2.407982e-01	3.423229e-03	1.186875e-01	-3.913516e-03	1.570467e-03	8.163042e-03	5.651989e-03	2.511054e-03
477           	4.316344e-01	2.116564e-01	2.199780e-01	2.447224e-01	2.413124e-01	3.409995e-03	1.189512e-01	-4.160822e-03	1.145572e-03	9.355580e-03	5.823362e-03	3.532218e-03
478           	4.317420e-01	2.114215e-01	2.203205e-01	2.451163e-01	2.417685e-01	3.347846e-03	1.192103e-01	-4.449514e-03	6.606728e-04	1.064224e-02	5.981795e-03	4.660449e-03
479           	4.319117e-01	2.112054e-01	2.207063e-01	2.453311e-01	2.420842e-01	3.246931e-03	1.194186e-01	-4.750480e-03	1.821497e-04	1.186751e-02	6.115905e-03	5.751605e-03
480           	4.321188e-01	2.110375e-01	2.210813e-01	2.453168e-01	2.421981e-01	3.118691e-03	1.195397e-01	-5.021868e-03	-2.250592e-04	1.289974e-02	6.224813e-03	6.674932e-03
481           	4.323237e-01	2.109365e-01	2.213873e-01	2.450799e-01	2.420950e-01	2.984880e-03	1.195551e-01	-5.225397e-03	-5.161728e-04	1.360384e-02	6.285747e-03	7.318093e-03
482           	4.324867e-01	2.109102e-01	2.215766e-01	2.446747e-01	2.418200e-01	2.854676e-03	1.194827e-01	-5.333194e-03	-6.792944e-04	1.390848e-02	6.274946e-03	7.633535e-03
483           	4.325837e-01	2.109666e-01	2.216171e-01	2.441858e-01	2.414464e-01	2.739349e-03	1.193535e-01	-5.325276e-03	-6.887349e-04	1.374467e-02	6.183598e-03	7.561067e-03
484           	4.326670e-01	2.111380e-01	2.215289e-01	2.437029e-01	2.410644e-01	2.638420e-03	1.192130e-01	-5.195471e-03	-5.368645e-04	1.312705e-02	6.026661e-03	7.100390e-03
485           	4.327812e-01	2.114155e-01	2.213656e-01	2.432376e-01	2.406908e-01	2.546769e-03	1.190720e-01	-4.975046e-03	-2.503189e-04	1.216188e-02	5.830620e-03	6.331258e-03
486           	4.329123e-01	2.117619e-01	2.211504e-01	2.428131e-01	2.403378e-01	2.475285e-03	1.189312e-01	-4.694228e-03	1.451171e-04	1.097372e-02	5.631978e-03	5.341744e-03
487           	4.329669e-01	2.120912e-01	2.208756e-01	2.424368e-01	2.399851e-01	2.451746e-03	1.187667e-01	-4.392213e-03	6.153572e-04	9.694928e-03	5.462821e-03	4.232107e-03
488           	4.329022e-01	2.123475e-01	2.205548e-01	2.421593e-01	2.396644e-01	2.494908e-03	1.185847e-01	-4.103648e-03	1.112346e-03	8.485568e-03	5.355130e-03	3.130438e-03
489           	4.327918e-01	2.125556e-01	2.202362e-01	2.419988e-01	2.394199e-01	2.578908e-03	1.184205e-01	-3.840302e-03	1.621316e-03	7.382062e-03	5.312347e-03	2.069715e-03
490           	4.326625e-01	2.127174e-01	2.199450e-01	2.420176e-01	2.393210e-01	2.696604e-03	1.183122e-01	-3.613782e-03	2.103581e-03	6.463495e-03	5.335328e-03	1.128166e-03
491           	4.325433e-01	2.128335e-01	2.197099e-01	2.421957e-01	2.393615e-01	2.834213e-03	1.182637e-01	-3.438200e-03	2.521052e-03	5.772304e-03	5.407204e-03	3.651001e-04
492           	4.324365e-01	2.128987e-01	2.195379e-01	2.425436e-01	2.395658e-01	2.977791e-03	1.182940e-01	-3.319596e-03	2.836637e-03	5.358338e-03	5.515806e-03	-1.574681e-04
493           	4.323495e-01	2.129056e-01	2.194439e-01	2.429988e-01	2.398928e-01	3.106015e-03	1.183934e-01	-3.269125e-03	3.013032e-03	5.251705e-03	5.638885e-03	-3.871801e-04
494           	4.323211e-01	2.128592e-01	2.194619e-01	2.435142e-01	2.403142e-01	3.200015e-03	1.185571e-01	-3.301363e-03	3.010376e-03	5.515708e-03	5.768230e-03	-2.525222e-04
495           	4.323664e-01	2.127574e-01	2.196090e-01	2.440124e-01	2.407594e-01	3.252985e-03	1.187532e-01	-3.425832e-03	2.820758e-03	6.140886e-03	5.891201e-03	2.496854e-04
496           	4.324768e-01	2.126026e-01	2.198742e-01	2.444355e-01	2.411698e-01	3.265699e-03	1.189520e-01	-3.635843e-03	2.465364e-03	7.086341e-03	6.008534e-03	1.077807e-03
497           	4.326324e-01	2.123946e-01	2.202378e-01	2.446744e-01	2.414327e-01	3.241645e-03	1.190955e-01	-3.921603e-03	1.985249e-03	8.258914e-03	6.114706e-03	2.144208e-03
498           	4.328306e-01	2.121593e-01	2.206713e-01	2.446895e-01	2.415054e-01	3.184075e-03	1.191607e-01	-4.256022e-03	1.431728e-03	9.568393e-03	6.215924e-03	3.352469e-03
499           	4.330630e-01	2.119263e-01	2.211367e-01	2.444674e-01	2.413701e-01	3.097229e-03	1.191365e-01	-4.605184e-03	8.631831e-04	1.087553e-02	6.300948e-03	4.574581e-03
500           	4.333019e-01	2.117169e-01	2.215850e-01	2.440598e-01	2.410616e-01	2.998241e-03	1.190317e-01	-4.934038e-03	3.219709e-04	1.208334e-02	6.363640e-03	5.719698e-03
501           	4.335177e-01	2.115481e-01	2.219696e-01	2.435113e-01	2.406092e-01	2.902084e-03	1.188536e-01	-5.210737e-03	-1.434847e-04	1.307051e-02	6.391772e-03	6.678742e-03
502           	4.336767e-01	2.114307e-01	2.222460e-01	2.428766e-01	2.400540e-01	2.822608e-03	1.186157e-01	-5.407657e-03	-5.097961e-04	1.376492e-02	6.372666e-03	7.392258e-03
503           	4.337809e-01	2.113768e-01	2.224040e-01	2.421907e-01	2.394424e-01	2.748351e-03	1.183470e-01	-5.513621e-03	-7.592658e-04	1.409927e-02	6.290372e-03	7.808903e-03
504           	4.338607e-01	2.114146e-01	2.224461e-01	2.415284e-01	2.388584e-01	2.670016e-03	1.180942e-01	-5.515751e-03	-8.755943e-04	1.404913e-02	6.148969e-03	7.900157e-03
505           	4.339474e-01	2.115540e-01	2.223934e-01	2.409184e-01	2.383345e-01	2.583879e-03	1.178753e-01	-5.419745e-03	-8.541739e-04	1.361221e-02	5.951929e-03	7.660277e-03
506           	4.340449e-01	2.117764e-01	2.222685e-01	2.404133e-01	2.379110e-01	2.502240e-03	1.177044e-01	-5.246055e-03	-7.194294e-04	1.288205e-02	5.721594e-03	7.160453e-03
507           	4.341404e-01	2.120491e-01	2.220913e-01	2.400432e-01	2.375993e-01	2.443846e-03	1.175777e-01	-5.021072e-03	-4.809878e-04	1.193788e-02	5.487954e-03	6.449929e-03
508           	4.342073e-01	2.123298e-01	2.218775e-01	2.398192e-01	2.373986e-01	2.420598e-03	1.174890e-01	-4.773870e-03	-1.788786e-04	1.093115e-02	5.286698e-03	5.644455e-03
509           	4.342431e-01	2.125872e-01	2.216559e-01	2.397296e-01	2.372981e-01	2.431486e-03	1.174333e-01	-4.534355e-03	1.437082e-04	9.979089e-03	5.133253e-03	4.845837e-03
510           	4.342153e-01	2.127930e-01	2.214223e-01	2.397917e-01	2.373132e-01	2.478511e-03	1.174173e-01	-4.314616e-03	4.626085e-04	9.159940e-03	5.042579e-03	4.117362e-03
511           	4.341030e-01	2.129190e-01	2.211840e-01	2.399847e-01	2.374283e-01	2.556479e-03	1.174359e-01	-4.132489e-03	7.475016e-04	8.525618e-03	5.010311e-03	3.515308e-03
512           	4.339057e-01	2.129471e-01	2.209586e-01	2.403125e-01	2.376626e-01	2.649917e-03	1.175063e-01	-4.005751e-03	9.466155e-04	8.160651e-03	5.026941e-03	3.133710e-03
513           	4.336730e-01	2.128950e-01	2.207780e-01	2.407522e-01	2.380194e-01	2.732798e-03	1.176433e-01	-3.941505e-03	1.031456e-03	8.070307e-03	5.066609e-03	3.003698e-03
514           	4.334615e-01	2.127951e-01	2.206664e-01	2.412896e-01	2.384984e-01	2.791157e-03	1.178536e-01	-3.935647e-03	9.738788e-04	8.257671e-03	5.102714e-03	3.154957e-03
515           	4.333028e-01	2.126595e-01	2.206433e-01	2.418446e-01	2.390364e-01	2.808188e-03	1.181141e-01	-3.991880e-03	7.604463e-04	8.703127e-03	5.112010e-03	3.591117e-03
516           	4.331722e-01	2.124738e-01	2.206983e-01	2.424246e-01	2.396172e-01	2.807411e-03	1.184049e-01	-4.112249e-03	3.911857e-04	9.431391e-03	5.106881e-03	4.324510e-03
517           	4.330308e-01	2.122229e-01	2.208079e-01	2.429848e-01	2.401779e-01	2.806836e-03	1.186855e-01	-4.292519e-03	-8.977464e-05	1.038735e-02	5.103900e-03	5.283449e-03
518           	4.328644e-01	2.119101e-01	2.209543e-01	2.434817e-01	2.406788e-01	2.802904e-03	1.189379e-01	-4.522094e-03	-6.449881e-04	1.153929e-02	5.124657e-03	6.414633e-03
519           	4.327434e-01	2.115909e-01	2.211525e-01	2.438800e-01	2.410988e-01	2.781273e-03	1.191587e-01	-4.780800e-03	-1.225793e-03	1.278970e-02	5.169056e-03	7.620643e-03
520           	4.328111e-01	2.113652e-01	2.214459e-01	2.441492e-01	2.414365e-01	2.712732e-03	1.193619e-01	-5.040351e-03	-1.792203e-03	1.405146e-02	5.233528e-03	8.817935e-03
521           	4.330407e-01	2.112467e-01	2.217940e-01	2.441774e-01	2.415786e-01	2.598876e-03	1.194898e-01	-5.273671e-03	-2.292016e-03	1.514816e-02	5.282065e-03	9.866097e-03
522           	4.332182e-01	2.111517e-01	2.220665e-01	2.439804e-01	2.414782e-01	2.502175e-03	1.194880e-01	-5.457411e-03	-2.697545e-03	1.600051e-02	5.302708e-03	1.069780e-02
523           	4.332672e-01	2.110617e-01	2.222055e-01	2.435974e-01	2.411588e-01	2.438555e-03	1.193601e-01	-5.571915e-03	-2.978461e-03	1.651904e-02	5.281058e-03	1.123798e-02
524           	4.331915e-01	2.109999e-01	2.221917e-01	2.430980e-01	2.407019e-01	2.396165e-03	1.191529e-01	-5.595919e-03	-3.109008e-03	1.664277e-02	5.212377e-03	1.143039e-02
525           	4.330780e-01	2.110239e-01	2.220541e-01	2.425368e-01	2.401877e-01	2.349116e-03	1.189193e-01	-5.515061e-03	-3.063649e-03	1.631424e-02	5.093472e-03	1.122077e-02
526           	4.329640e-01	2.111515e-01	2.218125e-01	2.419818e-01	2.396773e-01	2.304532e-03	1.186864e-01	-5.330542e-03	-2.848305e-03	1.557393e-02	4.938657e-03	1.063527e-02
527           	4.328509e-01	2.113546e-01	2.214962e-01	2.414701e-01	2.391852e-01	2.284935e-03	1.184501e-01	-5.070785e-03	-2.488460e-03	1.451541e-02	4.769246e-03	9.746166e-03
528           	4.327182e-01	2.115928e-01	2.211254e-01	2.410702e-01	2.387552e-01	2.315059e-03	1.182200e-01	-4.766296e-03	-2.025382e-03	1.329345e-02	4.621345e-03	8.672109e-03
529           	4.325679e-01	2.118349e-01	2.207330e-01	2.408202e-01	2.384175e-01	2.402735e-03	1.180074e-01	-4.449061e-03	-1.507222e-03	1.203964e-02	4.512598e-03	7.527042e-03
530           	4.324153e-01	2.120563e-01	2.203590e-01	2.407449e-01	2.382007e-01	2.544188e-03	1.178283e-01	-4.151364e-03	-9.992698e-04	1.090246e-02	4.451961e-03	6.450501e-03
531           	4.322649e-01	2.122384e-01	2.200265e-01	2.408381e-01	2.381110e-01	2.727055e-03	1.176920e-01	-3.894068e-03	-5.335794e-04	9.945493e-03	4.439167e-03	5.506326e-03
532           	4.321043e-01	2.123582e-01	2.197461e-01	2.410906e-01	2.381486e-01	2.941973e-03	1.176033e-01	-3.693949e-03	-1.546637e-04	9.258856e-03	4.474764e-03	4.784092e-03
533           	4.319316e-01	2.123928e-01	2.195388e-01	2.414659e-01	2.383023e-01	3.163583e-03	1.175694e-01	-3.572973e-03	9.402887e-05	8.908649e-03	4.548353e-03	4.360296e-03
534           	4.317776e-01	2.123517e-01	2.194259e-01	2.419399e-01	2.385772e-01	3.362723e-03	1.176072e-01	-3.537101e-03	1.904604e-04	8.930930e-03	4.655926e-03	4.275005e-03
535           	4.316494e-01	2.122326e-01	2.194168e-01	2.424478e-01	2.389353e-01	3.512498e-03	1.177114e-01	-3.592095e-03	1.256427e-04	9.314706e-03	4.782996e-03	4.531710e-03
536           	4.316178e-01	2.120734e-01	2.195443e-01	2.429438e-01	2.393558e-01	3.588017e-03	1.178839e-01	-3.735431e-03	-1.139215e-04	1.004561e-02	4.908883e-03	5.136726e-03
537           	4.316899e-01	2.118879e-01	2.198020e-01	2.433863e-01	2.397974e-01	3.588819e-03	1.181043e-01	-3.957030e-03	-4.957233e-04	1.104631e-02	5.027433e-03	6.018880e-03
538           	4.318759e-01	2.117032e-01	2.201727e-01	2.437199e-01	2.402067e-01	3.513198e-03	1.183467e-01	-4.234714e-03	-9.756807e-04	1.222762e-02	5.138128e-03	7.089489e-03
539           	4.321344e-01	2.115170e-01	2.206174e-01	2.438986e-01	2.405155e-01	3.383087e-03	1.185662e-01	-4.550182e-03	-1.501888e-03	1.349278e-02	5.244504e-03	8.248280e-03
540           	4.324546e-01	2.113646e-01	2.210900e-01	2.438737e-01	2.406610e-01	3.212751e-03	1.187241e-01	-4.862739e-03	-2.009668e-03	1.471187e-02	5.346269e-03	9.365605e-03
541           	4.327811e-01	2.112534e-01	2.215277e-01	2.436127e-01	2.405840e-01	3.028678e-03	1.187777e-01	-5.137144e-03	-2.438321e-03	1.573531e-02	5.429331e-03	1.030597e-02
542           	4.330448e-01	2.111732e-01	2.218715e-01	2.431906e-01	2.403237e-01	2.866924e-03	1.187284e-01	-5.349140e-03	-2.766392e-03	1.649442e-02	5.480817e-03	1.101360e-02
543           	4.332370e-01	2.111382e-01	2.220988e-01	2.426810e-01	2.399432e-01	2.737778e-03	1.186027e-01	-5.480273e-03	-2.965062e-03	1.690509e-02	5.487483e-03	1.141761e-02
544           	4.333627e-01	2.111667e-01	2.221960e-01	2.421538e-01	2.395149e-01	2.638940e-03	1.184380e-01	-5.514680e-03	-3.020209e-03	1.692869e-02	5.444134e-03	1.148455e-02
545           	4.334460e-01	2.112684e-01	2.221775e-01	2.416420e-01	2.390828e-01	2.559250e-03	1.182618e-01	-5.454549e-03	-2.932275e-03	1.656125e-02	5.348348e-03	1.121290e-02
546           	4.334749e-01	2.114269e-01	2.220479e-01	2.411798e-01	2.386791e-01	2.500639e-03	1.180892e-01	-5.310497e-03	-2.711428e-03	1.586378e-02	5.220463e-03	1.064332e-02
547           	4.334062e-01	2.115980e-01	2.218082e-01	2.407726e-01	2.382888e-01	2.483848e-03	1.179025e-01	-5.105143e-03	-2.373223e-03	1.490762e-02	5.080587e-03	9.827033e-03
548           	4.332053e-01	2.117318e-01	2.214735e-01	2.404516e-01	2.379279e-01	2.523745e-03	1.177021e-01	-4.870844e-03	-1.950499e-03	1.382849e-02	4.963747e-03	8.864746e-03
549           	4.329956e-01	2.118567e-01	2.211389e-01	2.402781e-01	2.376806e-01	2.597442e-03	1.175416e-01	-4.641098e-03	-1.494178e-03	1.277114e-02	4.891392e-03	7.879747e-03
550           	4.327845e-01	2.119605e-01	2.208240e-01	2.402658e-01	2.375639e-01	2.701887e-03	1.174310e-01	-4.431759e-03	-1.037462e-03	1.181315e-02	4.869114e-03	6.944037e-03
551           	4.325378e-01	2.120047e-01	2.205332e-01	2.404041e-01	2.375590e-01	2.845128e-03	1.173569e-01	-4.264269e-03	-6.266175e-04	1.102441e-02	4.885586e-03	6.138820e-03
552           	4.322712e-01	2.119905e-01	2.202807e-01	2.407099e-01	2.377013e-01	3.008586e-03	1.173464e-01	-4.145086e-03	-2.899789e-04	1.046747e-02	4.943757e-03	5.523715e-03
553           	4.319927e-01	2.119142e-01	2.200785e-01	2.411898e-01	2.380145e-01	3.175261e-03	1.174196e-01	-4.082127e-03	-7.241498e-05	1.019817e-02	5.026672e-03	5.171502e-03
554           	4.317277e-01	2.117770e-01	2.199506e-01	2.418050e-01	2.384849e-01	3.320166e-03	1.175823e-01	-4.086805e-03	-1.261210e-05	1.027035e-02	5.122562e-03	5.147786e-03
555           	4.314919e-01	2.115793e-01	2.199126e-01	2.424878e-01	2.390651e-01	3.422679e-03	1.178212e-01	-4.166673e-03	-1.300444e-04	1.068362e-02	5.211764e-03	5.471853e-03
556           	4.312822e-01	2.113208e-01	2.199615e-01	2.431480e-01	2.396702e-01	3.477803e-03	1.180962e-01	-4.320329e-03	-4.373419e-04	1.143199e-02	5.278653e-03	6.153337e-03
557           	4.311043e-01	2.110081e-01	2.200961e-01	2.437024e-01	2.402155e-01	3.486888e-03	1.183643e-01	-4.544014e-03	-9.190671e-04	1.246468e-02	5.313273e-03	7.151408e-03
558           	4.309810e-01	2.106759e-01	2.203051e-01	2.440933e-01	2.406453e-01	3.448009e-03	1.185986e-01	-4.814613e-03	-1.514419e-03	1.368285e-02	5.327007e-03	8.355844e-03
559           	4.309460e-01	2.103690e-01	2.205770e-01	2.442798e-01	2.409177e-01	3.362084e-03	1.187778e-01	-5.104011e-03	-2.156371e-03	1.496769e-02	5.327474e-03	9.640215e-03
560           	4.310167e-01	2.101243e-01	2.208924e-01	2.442157e-01	2.409835e-01	3.232186e-03	1.188757e-01	-5.384042e-03	-2.781737e-03	1.621664e-02	5.326581e-03	1.089006e-02
561           	4.311628e-01	2.099582e-01	2.212046e-01	2.438981e-01	2.408190e-01	3.079064e-03	1.188700e-01	-5.623205e-03	-3.317444e-03	1.728343e-02	5.324271e-03	1.195916e-02
562           	4.313036e-01	2.098547e-01	2.214489e-01	2.434181e-01	2.404773e-01	2.940805e-03	1.187682e-01	-5.797085e-03	-3.729178e-03	1.807466e-02	5.308153e-03	1.276651e-02
563           	4.314012e-01	2.098067e-01	2.215945e-01	2.428832e-01	2.400517e-01	2.831508e-03	1.186101e-01	-5.893906e-03	-4.007055e-03	1.852901e-02	5.257449e-03	1.327156e-02
564           	4.314599e-01	2.098343e-01	2.216256e-01	2.423962e-01	2.396455e-01	2.750678e-03	1.184474e-01	-5.895661e-03	-4.134784e-03	1.860461e-02	5.167522e-03	1.343709e-02
565           	4.315230e-01	2.099646e-01	2.215583e-01	2.419977e-01	2.393116e-01	2.686106e-03	1.183127e-01	-5.796864e-03	-4.099221e-03	1.828047e-02	5.041016e-03	1.323946e-02
566           	4.316095e-01	2.101917e-01	2.214179e-01	2.417101e-01	2.390699e-01	2.640184e-03	1.182149e-01	-5.613101e-03	-3.914160e-03	1.762550e-02	4.898591e-03	1.272691e-02
567           	4.317255e-01	2.104881e-01	2.212374e-01	2.415390e-01	2.389170e-01	2.622004e-03	1.181475e-01	-5.374627e-03	-3.593357e-03	1.673038e-02	4.771836e-03	1.195855e-02
568           	4.318472e-01	2.107987e-01	2.210485e-01	2.415007e-01	2.388523e-01	2.648389e-03	1.181019e-01	-5.124905e-03	-3.181983e-03	1.576589e-02	4.700961e-03	1.106493e-02
569           	4.319641e-01	2.110724e-01	2.208917e-01	2.415722e-01	2.388512e-01	2.720989e-03	1.180651e-01	-4.909629e-03	-2.744111e-03	1.489724e-02	4.704510e-03	1.019273e-02
570           	4.320797e-01	2.112898e-01	2.207900e-01	2.417393e-01	2.389038e-01	2.835484e-03	1.180342e-01	-4.750095e-03	-2.325379e-03	1.423356e-02	4.791402e-03	9.442160e-03
571           	4.321727e-01	2.114338e-01	2.207390e-01	2.419723e-01	2.389917e-01	2.980568e-03	1.180056e-01	-4.652602e-03	-1.955050e-03	1.379783e-02	4.943866e-03	8.853967e-03
572           	4.322171e-01	2.114982e-01	2.207189e-01	2.422391e-01	2.391034e-01	3.135684e-03	1.179839e-01	-4.610374e-03	-1.651718e-03	1.358374e-02	5.140155e-03	8.443590e-03
573           	4.322205e-01	2.115018e-01	2.207188e-01	2.425365e-01	2.392616e-01	3.274886e-03	1.179934e-01	-4.608502e-03	-1.421709e-03	1.354771e-02	5.352149e-03	8.195566e-03
574           	4.321908e-01	2.114636e-01	2.207272e-01	2.428994e-01	2.395150e-01	3.384373e-03	1.180653e-01	-4.631838e-03	-1.279865e-03	1.366888e-02	5.554573e-03	8.114302e-03
575           	4.321457e-01	2.113929e-01	2.207529e-01	2.433164e-01	2.398636e-01	3.452819e-03	1.182054e-01	-4.680002e-03	-1.244979e-03	1.392347e-02	5.716757e-03	8.206714e-03
576           	4.321053e-01	2.113038e-01	2.208015e-01	2.437581e-01	2.402790e-01	3.479158e-03	1.183999e-01	-4.748862e-03	-1.322624e-03	1.429246e-02	5.823605e-03	8.468852e-03
577           	4.320842e-01	2.111990e-01	2.208852e-01	2.441355e-01	2.406702e-01	3.465365e-03	1.186024e-01	-4.843128e-03	-1.516433e-03	1.475800e-02	5.862568e-03	8.895433e-03
578           	4.320861e-01	2.110721e-01	2.210140e-01	2.443907e-01	2.409709e-01	3.419814e-03	1.187755e-01	-4.970952e-03	-1.821207e-03	1.532629e-02	5.841940e-03	9.484354e-03
579           	4.320979e-01	2.109198e-01	2.211781e-01	2.444690e-01	2.411153e-01	3.353624e-03	1.188809e-01	-5.129179e-03	-2.195689e-03	1.594623e-02	5.777425e-03	1.016880e-02
580           	4.320827e-01	2.107349e-01	2.213478e-01	2.443667e-01	2.410782e-01	3.288502e-03	1.188949e-01	-5.306432e-03	-2.599731e-03	1.659405e-02	5.697295e-03	1.089676e-02
581           	4.320391e-01	2.105295e-01	2.215096e-01	2.440633e-01	2.408358e-01	3.227408e-03	1.188042e-01	-5.490061e-03	-2.981784e-03	1.720321e-02	5.619822e-03	1.158339e-02
582           	4.320111e-01	2.103501e-01	2.216610e-01	2.435853e-01	2.404252e-01	3.160085e-03	1.186326e-01	-5.655440e-03	-3.294902e-03	1.771409e-02	5.562145e-03	1.215195e-02
583           	4.320618e-01	2.102518e-01	2.218099e-01	2.429752e-01	2.399045e-01	3.070742e-03	1.184169e-01	-5.779045e-03	-3.506552e-03	1.804379e-02	5.515344e-03	1.252845e-02
584           	4.321889e-01	2.102544e-01	2.219345e-01	2.423355e-01	2.393757e-01	2.959875e-03	1.182079e-01	-5.840077e-03	-3.600936e-03	1.812596e-02	5.462043e-03	1.266392e-02
585           	4.323553e-01	2.103606e-01	2.219947e-01	2.417519e-01	2.389144e-01	2.837520e-03	1.180384e-01	-5.817073e-03	-3.545984e-03	1.786899e-02	5.388510e-03	1.248048e-02
586           	4.325312e-01	2.105616e-01	2.219696e-01	2.412925e-01	2.385767e-01	2.715816e-03	1.179304e-01	-5.704021e-03	-3.334803e-03	1.726670e-02	5.298545e-03	1.196815e-02
587           	4.326831e-01	2.108206e-01	2.218626e-01	2.409643e-01	2.383583e-01	2.605961e-03	1.178762e-01	-5.521013e-03	-2.982115e-03	1.637924e-02	5.207506e-03	1.117174e-02
588           	4.327638e-01	2.110867e-01	2.216771e-01	2.407555e-01	2.382272e-01	2.528342e-03	1.178494e-01	-5.295209e-03	-2.518071e-03	1.534479e-02	5.154321e-03	1.019046e-02
589           	4.327612e-01	2.113195e-01	2.214417e-01	2.406509e-01	2.381570e-01	2.493875e-03	1.178316e-01	-5.061135e-03	-1.988095e-03	1.429653e-02	5.160170e-03	9.136361e-03
590           	4.326981e-01	2.115009e-01	2.211972e-01	2.406687e-01	2.381600e-01	2.508697e-03	1.178256e-01	-4.848148e-03	-1.445583e-03	1.335581e-02	5.232321e-03	8.123487e-03
591           	4.325984e-01	2.116262e-01	2.209722e-01	2.408364e-01	2.382610e-01	2.575493e-03	1.178427e-01	-4.673019e-03	-9.336384e-04	1.258201e-02	5.357367e-03	7.224644e-03
592           	4.324514e-01	2.116853e-01	2.207661e-01	2.411531e-01	2.384596e-01	2.693490e-03	1.178831e-01	-4.540435e-03	-4.861307e-04	1.201421e-02	5.520974e-03	6.493235e-03
593           	4.322757e-01	2.116736e-01	2.206021e-01	2.416211e-01	2.387774e-01	2.843708e-03	1.179669e-01	-4.464239e-03	-1.418731e-04	1.169557e-02	5.705912e-03	5.989659e-03
594           	4.321118e-01	2.116136e-01	2.204982e-01	2.422285e-01	2.392245e-01	3.004042e-03	1.181102e-01	-4.442342e-03	7.690631e-05	1.164306e-02	5.898436e-03	5.744624e-03
595           	4.320104e-01	2.115270e-01	2.204834e-01	2.429453e-01	2.397937e-01	3.151633e-03	1.183210e-01	-4.478200e-03	1.494728e-04	1.185931e-02	6.079126e-03	5.780181e-03
596           	4.319997e-01	2.114244e-01	2.205753e-01	2.437247e-01	2.404541e-01	3.270640e-03	1.185917e-01	-4.575490e-03	6.100584e-05	1.235724e-02	6.239627e-03	6.117615e-03
597           	4.320897e-01	2.113163e-01	2.207734e-01	2.444809e-01	2.411367e-01	3.344231e-03	1.188962e-01	-4.728528e-03	-1.782150e-04	1.307615e-02	6.359860e-03	6.716290e-03
598           	4.322707e-01	2.112158e-01	2.210550e-01	2.451041e-01	2.417476e-01	3.356433e-03	1.191956e-01	-4.919608e-03	-5.319195e-04	1.393362e-02	6.434890e-03	7.498729e-03
599           	4.324991e-01	2.111096e-01	2.213895e-01	2.454616e-01	2.421529e-01	3.308637e-03	1.194221e-01	-5.139959e-03	-9.585953e-04	1.486929e-02	6.476048e-03	8.393238e-03
600           	4.327172e-01	2.109877e-01	2.217295e-01	2.455269e-01	2.422958e-01	3.231100e-03	1.195323e-01	-5.370928e-03	-1.406315e-03	1.581653e-02	6.501949e-03	9.314578e-03
601           	4.329012e-01	2.108539e-01	2.220474e-01	2.452943e-01	2.421471e-01	3.147154e-03	1.195000e-01	-5.596752e-03	-1.828323e-03	1.669807e-02	6.520711e-03	1.017736e-02
602           	4.330639e-01	2.107331e-01	2.223308e-01	2.448332e-01	2.417631e-01	3.070132e-03	1.193465e-01	-5.798874e-03	-2.190710e-03	1.744786e-02	6.533219e-03	1.091464e-02
603           	4.332423e-01	2.106710e-01	2.225713e-01	2.441774e-01	2.411911e-01	2.986264e-03	1.191024e-01	-5.950101e-03	-2.446950e-03	1.795398e-02	6.530040e-03	1.142394e-02
604           	4.334507e-01	2.107108e-01	2.227400e-01	2.433992e-01	2.405132e-01	2.886015e-03	1.188136e-01	-6.014592e-03	-2.565217e-03	1.812579e-02	6.497677e-03	1.162811e-02
605           	4.337115e-01	2.108840e-01	2.228275e-01	2.425757e-01	2.398154e-01	2.760277e-03	1.185275e-01	-5.971730e-03	-2.525917e-03	1.788650e-02	6.417330e-03	1.146917e-02
606           	4.340212e-01	2.112049e-01	2.228163e-01	2.418281e-01	2.392031e-01	2.624989e-03	1.182890e-01	-5.805704e-03	-2.303384e-03	1.717876e-02	6.285998e-03	1.089277e-02
607           	4.343491e-01	2.116509e-01	2.226982e-01	2.412304e-01	2.387172e-01	2.513214e-03	1.181020e-01	-5.523605e-03	-1.884418e-03	1.598697e-02	6.109068e-03	9.877904e-03
608           	4.346062e-01	2.121383e-01	2.224678e-01	2.408180e-01	2.383471e-01	2.470803e-03	1.179382e-01	-5.164758e-03	-1.304597e-03	1.445228e-02	5.921540e-03	8.530735e-03
609           	4.347829e-01	2.125963e-01	2.221866e-01	2.405789e-01	2.380810e-01	2.497837e-03	1.177916e-01	-4.795121e-03	-6.332502e-04	1.282055e-02	5.777023e-03	7.043524e-03
610           	4.349961e-01	2.130366e-01	2.219595e-01	2.404919e-01	2.379374e-01	2.554529e-03	1.176914e-01	-4.461469e-03	5.194254e-05	1.130991e-02	5.706899e-03	5.603014e-03
611           	4.351898e-01	2.133957e-01	2.217941e-01	2.405211e-01	2.378781e-01	2.642947e-03	1.176176e-01	-4.199159e-03	6.859536e-04	1.004403e-02	5.707966e-03	4.336059e-03
612           	4.353270e-01	2.136327e-01	2.216943e-01	2.406975e-01	2.379224e-01	2.775104e-03	1.175736e-01	-4.030800e-03	1.201101e-03	9.170672e-03	5.786437e-03	3.384236e-03
613           	4.353783e-01	2.137296e-01	2.216487e-01	2.410213e-01	2.380745e-01	2.946807e-03	1.175638e-01	-3.959593e-03	1.563591e-03	8.727830e-03	5.927506e-03	2.800324e-03
614           	4.353373e-01	2.136911e-01	2.216462e-01	2.414906e-01	2.383425e-01	3.148108e-03	1.175972e-01	-3.977545e-03	1.748451e-03	8.723707e-03	6.110305e-03	2.613402e-03
615           	4.352350e-01	2.135561e-01	2.216789e-01	2.420693e-01	2.387157e-01	3.353552e-03	1.176811e-01	-4.061385e-03	1.767223e-03	9.071012e-03	6.302729e-03	2.768284e-03
616           	4.351175e-01	2.133730e-01	2.217445e-01	2.427050e-01	2.391670e-01	3.538021e-03	1.178145e-01	-4.185735e-03	1.635502e-03	9.687511e-03	6.479257e-03	3.208254e-03
617           	4.350474e-01	2.131882e-01	2.218592e-01	2.433134e-01	2.396423e-01	3.671110e-03	1.179856e-01	-4.335527e-03	1.377175e-03	1.048038e-02	6.617365e-03	3.863016e-03
618           	4.350905e-01	2.130563e-01	2.220342e-01	2.438541e-01	2.401307e-01	3.723388e-03	1.182037e-01	-4.488951e-03	1.035590e-03	1.135902e-02	6.715101e-03	4.643921e-03
619           	4.352323e-01	2.129827e-01	2.222496e-01	2.442215e-01	2.405329e-01	3.688583e-03	1.184222e-01	-4.633446e-03	6.467976e-04	1.222827e-02	6.760932e-03	5.467336e-03
620           	4.353594e-01	2.129106e-01	2.224488e-01	2.443630e-01	2.407686e-01	3.594312e-03	1.185872e-01	-4.769110e-03	2.516054e-04	1.304069e-02	6.771952e-03	6.268742e-03
621           	4.354754e-01	2.128474e-01	2.226280e-01	2.442379e-01	2.407926e-01	3.445349e-03	1.186736e-01	-4.890294e-03	-1.100327e-04	1.372668e-02	6.753306e-03	6.973371e-03
622           	4.355740e-01	2.128047e-01	2.227693e-01	2.438930e-01	2.406239e-01	3.269034e-03	1.186774e-01	-4.982288e-03	-4.068763e-04	1.423149e-02	6.708869e-03	7.522621e-03
623           	4.356520e-01	2.127790e-01	2.228729e-01	2.434141e-01	2.403188e-01	3.095340e-03	1.186117e-01	-5.046969e-03	-6.306103e-04	1.454452e-02	6.641648e-03	7.902868e-03
624           	4.357187e-01	2.127920e-01	2.229267e-01	2.428907e-01	2.399510e-01	2.939682e-03	1.185057e-01	-5.067335e-03	-7.586367e-04	1.462699e-02	6.554860e-03	8.072134e-03
625           	4.357742e-01	2.128665e-01	2.229077e-01	2.423737e-01	2.395632e-01	2.810507e-03	1.183763e-01	-5.020556e-03	-7.568914e-04	1.439022e-02	6.438218e-03	7.952001e-03
626           	4.358514e-01	2.130314e-01	2.228199e-01	2.419063e-01	2.392049e-01	2.701430e-03	1.182517e-01	-4.894245e-03	-6.205943e-04	1.381168e-02	6.285244e-03	7.526433e-03
627           	4.359681e-01	2.132923e-01	2.226758e-01	2.415006e-01	2.388923e-01	2.608315e-03	1.181420e-01	-4.691718e-03	-3.474209e-04	1.290157e-02	6.103362e-03	6.798204e-03
628           	4.360827e-01	2.136148e-01	2.224678e-01	2.411831e-01	2.386343e-01	2.548831e-03	1.180427e-01	-4.426504e-03	4.214889e-05	1.174614e-02	5.915221e-03	5.830923e-03
629           	4.361954e-01	2.139680e-01	2.222274e-01	2.409447e-01	2.384237e-01	2.521000e-03	1.179513e-01	-4.129679e-03	5.097228e-04	1.044919e-02	5.734317e-03	4.714872e-03
630           	4.362936e-01	2.143226e-01	2.219711e-01	2.407949e-01	2.382716e-01	2.523360e-03	1.178741e-01	-3.824243e-03	1.020868e-03	9.122611e-03	5.582174e-03	3.540437e-03
631           	4.363677e-01	2.146487e-01	2.217190e-01	2.407245e-01	2.381770e-01	2.547569e-03	1.178147e-01	-3.535171e-03	1.539577e-03	7.850864e-03	5.465009e-03	2.385855e-03
632           	4.364041e-01	2.149178e-01	2.214863e-01	2.407483e-01	2.381571e-01	2.591144e-03	1.177830e-01	-3.284242e-03	2.014936e-03	6.744270e-03	5.387071e-03	1.357199e-03
633           	4.363938e-01	2.151049e-01	2.212889e-01	2.408930e-01	2.382432e-01	2.649804e-03	1.177967e-01	-3.091960e-03	2.409152e-03	5.879712e-03	5.349008e-03	5.307044e-04
634           	4.363054e-01	2.151803e-01	2.211251e-01	2.412089e-01	2.384696e-01	2.739289e-03	1.178652e-01	-2.972392e-03	2.682336e-03	5.353160e-03	5.358916e-03	-5.756593e-06
635           	4.361056e-01	2.151066e-01	2.209990e-01	2.416853e-01	2.388224e-01	2.862897e-03	1.179798e-01	-2.946205e-03	2.797592e-03	5.237125e-03	5.416155e-03	-1.790293e-04
636           	4.358258e-01	2.148952e-01	2.209306e-01	2.422800e-01	2.392730e-01	3.006983e-03	1.181330e-01	-3.017676e-03	2.732606e-03	5.578091e-03	5.521652e-03	5.643918e-05
637           	4.356018e-01	2.146206e-01	2.209811e-01	2.428811e-01	2.397593e-01	3.121743e-03	1.183188e-01	-3.180239e-03	2.492302e-03	6.333922e-03	5.659263e-03	6.746586e-04
638           	4.355118e-01	2.143396e-01	2.211722e-01	2.434175e-01	2.402411e-01	3.176432e-03	1.185323e-01	-3.416292e-03	2.089474e-03	7.441511e-03	5.810230e-03	1.631282e-03
639           	4.355458e-01	2.140750e-01	2.214708e-01	2.437930e-01	2.406293e-01	3.163690e-03	1.187328e-01	-3.697917e-03	1.571370e-03	8.758650e-03	5.950695e-03	2.807955e-03
640           	4.356315e-01	2.138219e-01	2.218097e-01	2.439782e-01	2.408728e-01	3.105441e-03	1.188837e-01	-3.993899e-03	9.902790e-04	1.016617e-02	6.073364e-03	4.092806e-03
641           	4.357390e-01	2.135863e-01	2.221528e-01	2.439123e-01	2.409023e-01	3.010004e-03	1.189461e-01	-4.283232e-03	3.927812e-04	1.153783e-02	6.161699e-03	5.376136e-03
642           	4.358437e-01	2.133870e-01	2.224567e-01	2.435715e-01	2.406864e-01	2.885103e-03	1.189006e-01	-4.534859e-03	-1.666825e-04	1.274875e-02	6.207694e-03	6.541059e-03
643           	4.359183e-01	2.132397e-01	2.226787e-01	2.429827e-01	2.402393e-01	2.743391e-03	1.187479e-01	-4.719491e-03	-6.298849e-04	1.365133e-02	6.195779e-03	7.455549e-03
644           	4.359277e-01	2.131397e-01	2.227880e-01	2.422539e-01	2.396520e-01	2.601876e-03	1.185251e-01	-4.824191e-03	-9.719821e-04	1.419049e-02	6.123263e-03	8.067227e-03
645           	4.358962e-01	2.131029e-01	2.227934e-01	2.414577e-01	2.390048e-01	2.452958e-03	1.182759e-01	-4.845243e-03	-1.172184e-03	1.432647e-02	5.991049e-03	8.335417e-03
646           	4.358583e-01	2.131488e-01	2.227096e-01	2.406652e-01	2.383726e-01	2.292640e-03	1.180400e-01	-4.780399e-03	-1.224600e-03	1.406816e-02	5.809478e-03	8.258678e-03
647           	4.358468e-01	2.132765e-01	2.225703e-01	2.399075e-01	2.377925e-01	2.114950e-03	1.178388e-01	-4.646870e-03	-1.133583e-03	1.345403e-02	5.593433e-03	7.860600e-03
648           	4.358626e-01	2.134672e-01	2.223954e-01	2.392464e-01	2.373060e-01	1.940433e-03	1.176828e-01	-4.464079e-03	-9.276819e-04	1.260210e-02	5.373369e-03	7.228733e-03
649           	4.358834e-01	2.136784e-01	2.222051e-01	2.387371e-01	2.369376e-01	1.799455e-03	1.175691e-01	-4.263344e-03	-6.345519e-04	1.163294e-02	5.181919e-03	6.451023e-03
650           	4.358823e-01	2.138708e-01	2.220116e-01	2.385040e-01	2.367682e-01	1.735754e-03	1.175162e-01	-4.070393e-03	-3.013296e-04	1.070131e-02	5.049323e-03	5.651983e-03
651           	4.359546e-01	2.140843e-01	2.218703e-01	2.385369e-01	2.368238e-01	1.713152e-03	1.175553e-01	-3.893006e-03	4.725190e-05	9.846106e-03	4.970305e-03	4.875801e-03
652           	4.360014e-01	2.142689e-01	2.217325e-01	2.387948e-01	2.370549e-01	1.739842e-03	1.176576e-01	-3.731821e-03	3.928667e-04	9.082622e-03	4.934178e-03	4.148444e-03
653           	4.359566e-01	2.143723e-01	2.215843e-01	2.392299e-01	2.374205e-01	1.809352e-03	1.178056e-01	-3.605998e-03	6.996814e-04	8.465497e-03	4.932430e-03	3.533067e-03
654           	4.357654e-01	2.143538e-01	2.214116e-01	2.398037e-01	2.378852e-01	1.918489e-03	1.179833e-01	-3.528895e-03	9.230611e-04	8.084877e-03	4.965499e-03	3.119377e-03
655           	4.354173e-01	2.141907e-01	2.212266e-01	2.404591e-01	2.383975e-01	2.061641e-03	1.181679e-01	-3.517961e-03	1.025253e-03	8.001062e-03	5.025784e-03	2.975278e-03
656           	4.349658e-01	2.138973e-01	2.210685e-01	2.411610e-01	2.389380e-01	2.222960e-03	1.183575e-01	-3.585630e-03	9.713205e-04	8.272446e-03	5.107544e-03	3.164903e-03
657           	4.345049e-01	2.135216e-01	2.209833e-01	2.418761e-01	2.395016e-01	2.374546e-03	1.185635e-01	-3.730865e-03	7.657292e-04	8.867900e-03	5.199679e-03	3.668221e-03
658           	4.340669e-01	2.130943e-01	2.209725e-01	2.425516e-01	2.400429e-01	2.508725e-03	1.187671e-01	-3.939101e-03	4.236903e-04	9.749110e-03	5.298245e-03	4.450865e-03
659           	4.337039e-01	2.126516e-01	2.210523e-01	2.430861e-01	2.404797e-01	2.606389e-03	1.189367e-01	-4.200378e-03	-2.093969e-05	1.084739e-02	5.402755e-03	5.444634e-03
660           	4.334520e-01	2.122340e-01	2.212181e-01	2.434271e-01	2.407682e-01	2.658877e-03	1.190547e-01	-4.492043e-03	-5.228246e-04	1.208501e-02	5.519681e-03	6.565331e-03
661           	4.333493e-01	2.118917e-01	2.214576e-01	2.435345e-01	2.408715e-01	2.662993e-03	1.191043e-01	-4.782975e-03	-1.020033e-03	1.331350e-02	5.636719e-03	7.676784e-03
662           	4.334430e-01	2.116860e-01	2.217570e-01	2.434333e-01	2.408132e-01	2.620060e-03	1.190966e-01	-5.035457e-03	-1.459344e-03	1.437814e-02	5.729725e-03	8.648413e-03
663           	4.336318e-01	2.116052e-01	2.220266e-01	2.431380e-01	2.405801e-01	2.557961e-03	1.190111e-01	-5.210673e-03	-1.771786e-03	1.507643e-02	5.766428e-03	9.310000e-03
664           	4.337558e-01	2.115934e-01	2.221624e-01	2.427058e-01	2.401904e-01	2.515443e-03	1.188375e-01	-5.284491e-03	-1.931994e-03	1.533503e-02	5.735520e-03	9.599508e-03
665           	4.338169e-01	2.116563e-01	2.221606e-01	2.421991e-01	2.397150e-01	2.484022e-03	1.186155e-01	-5.252105e-03	-1.928156e-03	1.512183e-02	5.632760e-03	9.489071e-03
666           	4.338555e-01	2.118112e-01	2.220443e-01	2.417055e-01	2.392475e-01	2.458019e-03	1.183947e-01	-5.116573e-03	-1.758345e-03	1.447488e-02	5.479097e-03	8.995787e-03
667           	4.338556e-01	2.120252e-01	2.218304e-01	2.412784e-01	2.388268e-01	2.451619e-03	1.181876e-01	-4.902573e-03	-1.434960e-03	1.347541e-02	5.302746e-03	8.172666e-03
668           	4.337995e-01	2.122565e-01	2.215429e-01	2.409933e-01	2.385108e-01	2.482474e-03	1.180142e-01	-4.643195e-03	-9.966204e-04	1.227603e-02	5.141396e-03	7.134637e-03
669           	4.337474e-01	2.125075e-01	2.212400e-01	2.408572e-01	2.383266e-01	2.530558e-03	1.178980e-01	-4.366237e-03	-4.844873e-04	1.100652e-02	5.018770e-03	5.987745e-03
670           	4.336941e-01	2.127599e-01	2.209342e-01	2.408816e-01	2.382938e-01	2.587753e-03	1.178530e-01	-4.087132e-03	5.955880e-05	9.768809e-03	4.943963e-03	4.824846e-03
671           	4.336179e-01	2.129830e-01	2.206349e-01	2.410423e-01	2.383917e-01	2.650545e-03	1.178706e-01	-3.825979e-03	5.920080e-04	8.635357e-03	4.909686e-03	3.725670e-03
672           	4.335039e-01	2.131605e-01	2.203435e-01	2.413276e-01	2.386075e-01	2.720057e-03	1.179437e-01	-3.591502e-03	1.077161e-03	7.673623e-03	4.913973e-03	2.759650e-03
673           	4.333534e-01	2.132785e-01	2.200749e-01	2.417048e-01	2.389117e-01	2.793082e-03	1.180593e-01	-3.398240e-03	1.480510e-03	6.933880e-03	4.947450e-03	1.986430e-03
674           	4.331617e-01	2.133108e-01	2.198510e-01	2.421834e-01	2.393186e-01	2.864879e-03	1.182268e-01	-3.270115e-03	1.751630e-03	6.515421e-03	5.009340e-03	1.506081e-03
675           	4.329422e-01	2.132391e-01	2.197031e-01	2.427262e-01	2.398005e-01	2.925722e-03	1.184374e-01	-3.232012e-03	1.852287e-03	6.489543e-03	5.097059e-03	1.392484e-03
676           	4.327422e-01	2.130711e-01	2.196711e-01	2.432634e-01	2.402889e-01	2.974565e-03	1.186571e-01	-3.299994e-03	1.748509e-03	6.917737e-03	5.207377e-03	1.710360e-03
677           	4.325827e-01	2.128062e-01	2.197765e-01	2.437580e-01	2.407495e-01	3.008474e-03	1.188705e-01	-3.485165e-03	1.435681e-03	7.794827e-03	5.333094e-03	2.461733e-03
678           	4.324585e-01	2.124585e-01	2.200000e-01	2.441916e-01	2.411550e-01	3.036586e-03	1.190592e-01	-3.770726e-03	9.488739e-04	9.049736e-03	5.473742e-03	3.575994e-03
679           	4.323537e-01	2.120431e-01	2.203106e-01	2.444904e-01	2.414389e-01	3.051479e-03	1.191937e-01	-4.133783e-03	3.394176e-04	1.056511e-02	5.621972e-03	4.943137e-03
680           	4.322666e-01	2.115911e-01	2.206754e-01	2.446129e-01	2.415677e-01	3.045125e-03	1.192613e-01	-4.542138e-03	-3.413716e-04	1.222907e-02	5.773166e-03	6.455909e-03
681           	4.322252e-01	2.111568e-01	2.210684e-01	2.444938e-01	2.414914e-01	3.002365e-03	1.192445e-01	-4.955778e-03	-1.020617e-03	1.387541e-02	5.917088e-03	7.958322e-03
682           	4.322901e-01	2.108168e-01	2.214733e-01	2.441235e-01	2.412136e-01	2.909929e-03	1.191518e-01	-5.328210e-03	-1.636123e-03	1.534902e-02	6.038389e-03	9.310636e-03
683           	4.324780e-01	2.106183e-01	2.218597e-01	2.435596e-01	2.407885e-01	2.771065e-03	1.190087e-01	-5.620684e-03	-2.129308e-03	1.646038e-02	6.100884e-03	1.035950e-02
684           	4.326136e-01	2.105077e-01	2.221059e-01	2.428984e-01	2.402580e-01	2.640329e-03	1.188089e-01	-5.799119e-03	-2.444047e-03	1.707120e-02	6.091555e-03	1.097965e-02
685           	4.326629e-01	2.104789e-01	2.221841e-01	2.421557e-01	2.396266e-01	2.529028e-03	1.185488e-01	-5.852608e-03	-2.555171e-03	1.713348e-02	6.011568e-03	1.112191e-02
686           	4.326760e-01	2.105496e-01	2.221264e-01	2.413895e-01	2.389594e-01	2.430022e-03	1.182647e-01	-5.788397e-03	-2.466289e-03	1.669149e-02	5.879455e-03	1.081203e-02
687           	4.326988e-01	2.107119e-01	2.219869e-01	2.406650e-01	2.383248e-01	2.340216e-03	1.179923e-01	-5.637543e-03	-2.201144e-03	1.586395e-02	5.730832e-03	1.013312e-02
688           	4.327258e-01	2.109362e-01	2.217895e-01	2.400808e-01	2.378032e-01	2.277564e-03	1.177628e-01	-5.426659e-03	-1.793786e-03	1.480125e-02	5.606838e-03	9.194409e-03
689           	4.327636e-01	2.111932e-01	2.215704e-01	2.396826e-01	2.374291e-01	2.253475e-03	1.175878e-01	-5.188611e-03	-1.302561e-03	1.365294e-02	5.523909e-03	8.129030e-03
690           	4.327810e-01	2.114523e-01	2.213287e-01	2.395181e-01	2.372376e-01	2.280473e-03	1.174786e-01	-4.938174e-03	-7.560739e-04	1.250317e-02	5.495509e-03	7.007657e-03
691           	4.327194e-01	2.116714e-01	2.210480e-01	2.395821e-01	2.372098e-01	2.372303e-03	1.174188e-01	-4.688254e-03	-1.836418e-04	1.139057e-02	5.511643e-03	5.878927e-03
692           	4.325453e-01	2.118201e-01	2.207252e-01	2.398639e-01	2.373392e-01	2.524702e-03	1.174073e-01	-4.452550e-03	3.648765e-04	1.038809e-02	5.558922e-03	4.829169e-03
693           	4.323089e-01	2.119127e-01	2.203961e-01	2.403171e-01	2.376148e-01	2.702368e-03	1.174562e-01	-4.241713e-03	8.509759e-04	9.544549e-03	5.623250e-03	3.921298e-03
694           	4.320516e-01	2.119610e-01	2.200906e-01	2.409212e-01	2.380416e-01	2.879580e-03	1.175810e-01	-4.064801e-03	1.228892e-03	8.922691e-03	5.690238e-03	3.232453e-03
695           	4.318126e-01	2.119612e-01	2.198514e-01	2.415801e-01	2.385444e-01	3.035688e-03	1.177544e-01	-3.945118e-03	1.452576e-03	8.582987e-03	5.744069e-03	2.838918e-03
696           	4.315970e-01	2.118994e-01	2.196976e-01	2.422251e-01	2.390567e-01	3.168436e-03	1.179441e-01	-3.899109e-03	1.496244e-03	8.590603e-03	5.791546e-03	2.799057e-03
697           	4.313852e-01	2.117501e-01	2.196351e-01	2.427419e-01	2.394681e-01	3.273812e-03	1.180971e-01	-3.942494e-03	1.349419e-03	8.976043e-03	5.837440e-03	3.138602e-03
698           	4.311776e-01	2.115062e-01	2.196714e-01	2.431096e-01	2.397615e-01	3.348086e-03	1.182067e-01	-4.082618e-03	1.021369e-03	9.748114e-03	5.895426e-03	3.852688e-03
699           	4.310074e-01	2.111957e-01	2.198117e-01	2.433130e-01	2.399278e-01	3.385123e-03	1.182714e-01	-4.308025e-03	5.567796e-04	1.083772e-02	5.975638e-03	4.862079e-03
700           	4.309547e-01	2.108806e-01	2.200741e-01	2.433611e-01	2.399909e-01	3.370115e-03	1.183104e-01	-4.596728e-03	7.020538e-06	1.216027e-02	6.087156e-03	6.073115e-03
701           	4.312434e-01	2.106927e-01	2.205507e-01	2.432477e-01	2.400016e-01	3.246011e-03	1.183778e-01	-4.929008e-03	-5.826300e-04	1.361189e-02	6.223317e-03	7.388577e-03
702           	4.317035e-01	2.106100e-01	2.210935e-01	2.430134e-01	2.399385e-01	3.074986e-03	1.184317e-01	-5.241744e-03	-1.118846e-03	1.492983e-02	6.346068e-03	8.583760e-03
703           	4.320125e-01	2.104989e-01	2.215136e-01	2.426643e-01	2.397060e-01	2.958270e-03	1.183739e-01	-5.507343e-03	-1.565633e-03	1.600784e-02	6.438286e-03	9.569553e-03
704           	4.322532e-01	2.104196e-01	2.218336e-01	2.422209e-01	2.393523e-01	2.868575e-03	1.182419e-01	-5.706960e-03	-1.900289e-03	1.678465e-02	6.492038e-03	1.029262e-02
705           	4.324383e-01	2.103996e-01	2.220387e-01	2.417368e-01	2.389378e-01	2.799074e-03	1.180693e-01	-5.819586e-03	-2.097386e-03	1.717268e-02	6.488953e-03	1.068373e-02
706           	4.325935e-01	2.104611e-01	2.221323e-01	2.412664e-01	2.385317e-01	2.734709e-03	1.178985e-01	-5.835611e-03	-2.150997e-03	1.715374e-02	6.425874e-03	1.072787e-02
707           	4.327442e-01	2.106011e-01	2.221431e-01	2.408489e-01	2.381835e-01	2.665368e-03	1.177591e-01	-5.771035e-03	-2.081681e-03	1.677922e-02	6.307927e-03	1.047129e-02
708           	4.328804e-01	2.107992e-01	2.220812e-01	2.405040e-01	2.379094e-01	2.594655e-03	1.176574e-01	-5.641015e-03	-1.907123e-03	1.613495e-02	6.160353e-03	9.974598e-03
709           	4.329926e-01	2.110283e-01	2.219643e-01	2.402506e-01	2.377115e-01	2.539029e-03	1.175863e-01	-5.467988e-03	-1.658479e-03	1.531472e-02	5.998881e-03	9.315839e-03
710           	4.330854e-01	2.112671e-01	2.218183e-01	2.401368e-01	2.376284e-01	2.508439e-03	1.175600e-01	-5.275601e-03	-1.366988e-03	1.443117e-02	5.848598e-03	8.582574e-03
711           	4.331980e-01	2.115124e-01	2.216857e-01	2.402113e-01	2.377081e-01	2.503130e-03	1.176025e-01	-5.086650e-03	-1.058636e-03	1.357816e-02	5.730442e-03	7.847714e-03
712           	4.332952e-01	2.117376e-01	2.215576e-01	2.404509e-01	2.379235e-01	2.527419e-03	1.176980e-01	-4.910015e-03	-7.543044e-04	1.281661e-02	5.653999e-03	7.162608e-03
713           	4.333397e-01	2.119093e-01	2.214304e-01	2.408134e-01	2.382357e-01	2.577665e-03	1.178290e-01	-4.760511e-03	-4.869939e-04	1.219221e-02	5.609112e-03	6.583100e-03
714           	4.332893e-01	2.120056e-01	2.212838e-01	2.412571e-01	2.386109e-01	2.646204e-03	1.179823e-01	-4.639098e-03	-2.744443e-04	1.172974e-02	5.590424e-03	6.139312e-03
715           	4.331627e-01	2.120293e-01	2.211334e-01	2.417650e-01	2.390403e-01	2.724634e-03	1.181578e-01	-4.552030e-03	-1.477758e-04	1.145652e-02	5.580485e-03	5.876036e-03
716           	4.329575e-01	2.119660e-01	2.209914e-01	2.422989e-01	2.394955e-01	2.803318e-03	1.183461e-01	-4.512700e-03	-1.490139e-04	1.143278e-02	5.567378e-03	5.865406e-03
717           	4.327371e-01	2.118376e-01	2.208994e-01	2.428306e-01	2.399527e-01	2.877852e-03	1.185374e-01	-4.530911e-03	-2.905791e-04	1.167610e-02	5.547472e-03	6.128630e-03
718           	4.325161e-01	2.116461e-01	2.208700e-01	2.433030e-01	2.403654e-01	2.937685e-03	1.187138e-01	-4.611931e-03	-5.700380e-04	1.220044e-02	5.530182e-03	6.670258e-03
719           	4.323266e-01	2.114027e-01	2.209240e-01	2.436856e-01	2.407163e-01	2.969328e-03	1.188735e-01	-4.760644e-03	-9.730009e-04	1.298047e-02	5.517232e-03	7.463234e-03
720           	4.321624e-01	2.111111e-01	2.210513e-01	2.439414e-01	2.409760e-01	2.965393e-03	1.190053e-01	-4.970137e-03	-1.466838e-03	1.400435e-02	5.535336e-03	8.469013e-03
721           	4.321227e-01	2.108413e-01	2.212814e-01	2.440461e-01	2.411363e-01	2.909793e-03	1.191133e-01	-5.220041e-03	-2.002806e-03	1.518515e-02	5.589768e-03	9.595380e-03
722           	4.323307e-01	2.106833e-01	2.216474e-01	2.439821e-01	2.412042e-01	2.777918e-03	1.192131e-01	-5.482054e-03	-2.528772e-03	1.640124e-02	5.671850e-03	1.072939e-02
723           	4.325968e-01	2.105905e-01	2.220063e-01	2.437533e-01	2.411119e-01	2.641422e-03	1.192353e-01	-5.707893e-03	-2.965306e-03	1.741028e-02	5.739832e-03	1.167044e-02
724           	4.328099e-01	2.105290e-01	2.222809e-01	2.434025e-01	2.408640e-01	2.538518e-03	1.191627e-01	-5.875955e-03	-3.291199e-03	1.814800e-02	5.782799e-03	1.236520e-02
725           	4.329911e-01	2.105191e-01	2.224720e-01	2.430018e-01	2.405370e-01	2.464830e-03	1.190361e-01	-5.976445e-03	-3.490319e-03	1.856054e-02	5.789948e-03	1.277059e-02
726           	4.331447e-01	2.105755e-01	2.225692e-01	2.426144e-01	2.401942e-01	2.420201e-03	1.188870e-01	-5.996840e-03	-3.545964e-03	1.861809e-02	5.763079e-03	1.285501e-02
727           	4.332932e-01	2.107069e-01	2.225863e-01	2.422769e-01	2.398698e-01	2.407107e-03	1.187313e-01	-5.939679e-03	-3.458306e-03	1.832877e-02	5.706080e-03	1.262269e-02
728           	4.334014e-01	2.108836e-01	2.225179e-01	2.420100e-01	2.395711e-01	2.438855e-03	1.185661e-01	-5.817157e-03	-3.241199e-03	1.775279e-02	5.635197e-03	1.211760e-02
729           	4.334006e-01	2.110565e-01	2.223441e-01	2.418030e-01	2.392676e-01	2.535403e-03	1.183661e-01	-5.643811e-03	-2.910855e-03	1.695744e-02	5.567864e-03	1.138957e-02
730           	4.333484e-01	2.112363e-01	2.221120e-01	2.416879e-01	2.390214e-01	2.666524e-03	1.181774e-01	-5.437856e-03	-2.509930e-03	1.607145e-02	5.525792e-03	1.054565e-02
731           	4.333192e-01	2.114391e-01	2.218800e-01	2.416989e-01	2.388943e-01	2.804624e-03	1.180448e-01	-5.220444e-03	-2.073617e-03	1.516749e-02	5.510126e-03	9.657359e-03
732           	4.332655e-01	2.116316e-01	2.216339e-01	2.418625e-01	2.389100e-01	2.952432e-03	1.179788e-01	-5.001131e-03	-1.624175e-03	1.429155e-02	5.521600e-03	8.769951e-03
733           	4.331777e-01	2.117964e-01	2.213813e-01	2.421774e-01	2.390686e-01	3.108833e-03	1.179799e-01	-4.792476e-03	-1.190878e-03	1.348340e-02	5.550824e-03	7.932580e-03
734           	4.330479e-01	2.119102e-01	2.211377e-01	2.426255e-01	2.393641e-01	3.261463e-03	1.180513e-01	-4.613762e-03	-8.284741e-04	1.282946e-02	5.586256e-03	7.243205e-03
735           	4.329028e-01	2.119715e-01	2.209313e-01	2.431665e-01	2.397736e-01	3.392920e-03	1.181903e-01	-4.479912e-03	-5.686340e-04	1.237834e-02	5.620534e-03	6.757802e-03
736           	4.327592e-01	2.119735e-01	2.207857e-01	2.437272e-01	2.402359e-01	3.491324e-03	1.183723e-01	-4.406105e-03	-4.462464e-04	1.219639e-02	5.651946e-03	6.544439e-03
737           	4.326238e-01	2.119081e-01	2.207157e-01	2.442469e-01	2.406902e-01	3.556662e-03	1.185668e-01	-4.403788e-03	-4.849683e-04	1.230940e-02	5.669731e-03	6.639667e-03
738           	4.325360e-01	2.117930e-01	2.207430e-01	2.446756e-01	2.410921e-01	3.583482e-03	1.187543e-01	-4.475028e-03	-6.824871e-04	1.272977e-02	5.682396e-03	7.047370e-03
739           	4.325096e-01	2.116467e-01	2.208630e-01	2.449564e-01	2.413895e-01	3.566928e-03	1.189113e-01	-4.608151e-03	-1.002428e-03	1.338158e-02	5.688361e-03	7.693217e-03
740           	4.324885e-01	2.114480e-01	2.210404e-01	2.450616e-01	2.415412e-01	3.520361e-03	1.190104e-01	-4.796200e-03	-1.424527e-03	1.423446e-02	5.692703e-03	8.541758e-03
741           	4.324768e-01	2.112251e-01	2.212517e-01	2.449783e-01	2.415315e-01	3.446734e-03	1.190424e-01	-5.013315e-03	-1.889446e-03	1.518401e-02	5.702560e-03	9.481452e-03
742           	4.324641e-01	2.110019e-01	2.214622e-01	2.447168e-01	2.413602e-01	3.356564e-03	1.190018e-01	-5.230127e-03	-2.341695e-03	1.612854e-02	5.722578e-03	1.040597e-02
743           	4.324883e-01	2.108236e-01	2.216647e-01	2.443131e-01	2.410600e-01	3.253144e-03	1.189034e-01	-5.420565e-03	-2.731591e-03	1.695262e-02	5.744719e-03	1.120790e-02
744           	4.325674e-01	2.107282e-01	2.218392e-01	2.438216e-01	2.406842e-01	3.137368e-03	1.187734e-01	-5.555493e-03	-3.013474e-03	1.755332e-02	5.763184e-03	1.179013e-02
745           	4.326887e-01	2.107260e-01	2.219626e-01	2.432939e-01	2.402753e-01	3.018561e-03	1.186284e-01	-5.618292e-03	-3.161016e-03	1.785704e-02	5.767504e-03	1.208954e-02
746           	4.327981e-01	2.107899e-01	2.220082e-01	2.427719e-01	2.398616e-01	2.910280e-03	1.184757e-01	-5.609144e-03	-3.175581e-03	1.786222e-02	5.755528e-03	1.210669e-02
747           	4.329094e-01	2.109212e-01	2.219882e-01	2.423108e-01	2.394899e-01	2.820867e-03	1.183345e-01	-5.533455e-03	-3.064000e-03	1.758846e-02	5.730231e-03	1.185823e-02
748           	4.330687e-01	2.111348e-01	2.219338e-01	2.419296e-01	2.391840e-01	2.745629e-03	1.182192e-01	-5.399505e-03	-2.839328e-03	1.709261e-02	5.706977e-03	1.138563e-02
749           	4.333050e-01	2.114201e-01	2.218849e-01	2.416463e-01	2.389595e-01	2.686767e-03	1.181364e-01	-5.232400e-03	-2.532672e-03	1.645573e-02	5.695194e-03	1.076054e-02
750           	4.335794e-01	2.117332e-01	2.218462e-01	2.414782e-01	2.388248e-01	2.653377e-03	1.180857e-01	-5.056480e-03	-2.173348e-03	1.577604e-02	5.714670e-03	1.006137e-02
751           	4.338261e-01	2.120127e-01	2.218134e-01	2.414119e-01	2.387472e-01	2.664716e-03	1.180412e-01	-4.900347e-03	-1.808510e-03	1.516184e-02	5.772410e-03	9.389429e-03
752           	4.340103e-01	2.122181e-01	2.217922e-01	2.414455e-01	2.387307e-01	2.714850e-03	1.180079e-01	-4.787041e-03	-1.483927e-03	1.472267e-02	5.877407e-03	8.845261e-03
753           	4.341514e-01	2.123553e-01	2.217961e-01	2.415914e-01	2.388049e-01	2.786505e-03	1.180092e-01	-4.720381e-03	-1.216914e-03	1.447367e-02	6.019922e-03	8.453749e-03
754           	4.342252e-01	2.124143e-01	2.218109e-01	2.418358e-01	2.389650e-01	2.870882e-03	1.180470e-01	-4.698272e-03	-1.023058e-03	1.441429e-02	6.184087e-03	8.230204e-03
755           	4.341846e-01	2.123660e-01	2.218186e-01	2.421602e-01	2.391933e-01	2.966852e-03	1.181132e-01	-4.726298e-03	-9.243928e-04	1.455007e-02	6.350643e-03	8.199428e-03
756           	4.340179e-01	2.122092e-01	2.218088e-01	2.425271e-01	2.394685e-01	3.058566e-03	1.182050e-01	-4.799790e-03	-9.273388e-04	1.487318e-02	6.509249e-03	8.363926e-03
757           	4.337800e-01	2.119795e-01	2.218005e-01	2.428786e-01	2.397600e-01	3.118585e-03	1.183207e-01	-4.910525e-03	-1.033931e-03	1.533514e-02	6.633638e-03	8.701499e-03
758           	4.336026e-01	2.117544e-01	2.218481e-01	2.431849e-01	2.400750e-01	3.109938e-03	1.184825e-01	-5.046869e-03	-1.239394e-03	1.588695e-02	6.704079e-03	9.182868e-03
759           	4.335361e-01	2.115733e-01	2.219628e-01	2.434478e-01	2.404107e-01	3.037150e-03	1.186868e-01	-5.194727e-03	-1.507677e-03	1.644577e-02	6.715207e-03	9.730561e-03
760           	4.335125e-01	2.114097e-01	2.221029e-01	2.436550e-01	2.407223e-01	2.932705e-03	1.188948e-01	-5.346587e-03	-1.809845e-03	1.700045e-02	6.690380e-03	1.031007e-02
761           	4.335021e-01	2.112502e-01	2.222519e-01	2.437684e-01	2.409521e-01	2.816270e-03	1.190679e-01	-5.500876e-03	-2.123851e-03	1.754296e-02	6.647629e-03	1.089533e-02
762           	4.334857e-01	2.110977e-01	2.223880e-01	2.437233e-01	2.410235e-01	2.699728e-03	1.191619e-01	-5.645172e-03	-2.415289e-03	1.804467e-02	6.607047e-03	1.143763e-02
763           	4.334790e-01	2.109723e-01	2.225068e-01	2.434974e-01	2.409077e-01	2.589726e-03	1.191590e-01	-5.767261e-03	-2.657998e-03	1.845937e-02	6.571686e-03	1.188768e-02
764           	4.334594e-01	2.108795e-01	2.225798e-01	2.431297e-01	2.406342e-01	2.495572e-03	1.190693e-01	-5.850146e-03	-2.828307e-03	1.872689e-02	6.535136e-03	1.219175e-02
765           	4.334042e-01	2.108287e-01	2.225755e-01	2.426826e-01	2.402536e-01	2.428908e-03	1.189124e-01	-5.873380e-03	-2.897374e-03	1.875540e-02	6.480325e-03	1.227507e-02
766           	4.333275e-01	2.108418e-01	2.224857e-01	2.422120e-01	2.398310e-01	2.381037e-03	1.187250e-01	-5.821924e-03	-2.847637e-03	1.848935e-02	6.397041e-03	1.209231e-02
767           	4.332909e-01	2.109506e-01	2.223403e-01	2.417507e-01	2.394167e-01	2.333972e-03	1.185414e-01	-5.694873e-03	-2.671152e-03	1.790101e-02	6.279353e-03	1.162166e-02
768           	4.333268e-01	2.111718e-01	2.221550e-01	2.413246e-01	2.390416e-01	2.282989e-03	1.183793e-01	-5.491603e-03	-2.360277e-03	1.700707e-02	6.143258e-03	1.086381e-02
769           	4.334506e-01	2.114997e-01	2.219508e-01	2.409718e-01	2.387283e-01	2.243486e-03	1.182424e-01	-5.225530e-03	-1.924838e-03	1.586157e-02	6.005948e-03	9.855624e-03
770           	4.336424e-01	2.118971e-01	2.217453e-01	2.407474e-01	2.385153e-01	2.232161e-03	1.181415e-01	-4.924097e-03	-1.400444e-03	1.458361e-02	5.891364e-03	8.692251e-03
771           	4.338628e-01	2.123124e-01	2.215504e-01	2.406644e-01	2.383949e-01	2.269452e-03	1.180627e-01	-4.618978e-03	-8.276622e-04	1.328095e-02	5.812815e-03	7.468139e-03
772           	4.340223e-01	2.126694e-01	2.213529e-01	2.407315e-01	2.383530e-01	2.378556e-03	1.179872e-01	-4.341729e-03	-2.621999e-04	1.209538e-02	5.785491e-03	6.309891e-03
773           	4.341109e-01	2.129317e-01	2.211793e-01	2.409325e-01	2.383838e-01	2.548737e-03	1.179175e-01	-4.123798e-03	2.365103e-04	1.114678e-02	5.809900e-03	5.336880e-03
774           	4.342384e-01	2.131447e-01	2.210936e-01	2.412768e-01	2.385585e-01	2.718308e-03	1.179201e-01	-3.974454e-03	6.294260e-04	1.050551e-02	5.882180e-03	4.623328e-03
775           	4.343903e-01	2.132970e-01	2.210933e-01	2.417618e-01	2.388863e-01	2.875475e-03	1.180054e-01	-3.898126e-03	8.863935e-04	1.019074e-02	5.981765e-03	4.208978e-03
776           	4.345209e-01	2.133610e-01	2.211599e-01	2.423654e-01	2.393506e-01	3.014825e-03	1.181679e-01	-3.899446e-03	9.799191e-04	1.023398e-02	6.096909e-03	4.137071e-03
777           	4.346111e-01	2.133298e-01	2.212812e-01	2.430300e-01	2.398976e-01	3.132375e-03	1.183826e-01	-3.975703e-03	9.092983e-04	1.060398e-02	6.211288e-03	4.392691e-03
778           	4.346450e-01	2.132070e-01	2.214380e-01	2.436861e-01	2.404634e-01	3.222743e-03	1.186203e-01	-4.115521e-03	6.872521e-04	1.125535e-02	6.314926e-03	4.940422e-03
779           	4.346598e-01	2.130174e-01	2.216424e-01	2.442705e-01	2.409971e-01	3.273405e-03	1.188618e-01	-4.312525e-03	3.261324e-04	1.213846e-02	6.395365e-03	5.743100e-03
780           	4.346832e-01	2.127886e-01	2.218946e-01	2.447472e-01	2.414675e-01	3.279660e-03	1.190939e-01	-4.553004e-03	-1.397978e-04	1.320298e-02	6.461692e-03	6.741288e-03
781           	4.347413e-01	2.125519e-01	2.221894e-01	2.450638e-01	2.418185e-01	3.245327e-03	1.192866e-01	-4.818776e-03	-6.606175e-04	1.435370e-02	6.516233e-03	7.837468e-03
782           	4.348799e-01	2.123567e-01	2.225232e-01	2.451737e-01	2.420094e-01	3.164324e-03	1.194225e-01	-5.083263e-03	-1.184924e-03	1.548060e-02	6.555378e-03	8.925226e-03
783           	4.350573e-01	2.122215e-01	2.228358e-01	2.450534e-01	2.419953e-01	3.058066e-03	1.194686e-01	-5.307148e-03	-1.643529e-03	1.640661e-02	6.559775e-03	9.846834e-03
784           	4.351434e-01	2.121154e-01	2.230280e-01	2.447007e-01	2.417409e-01	2.959841e-03	1.193905e-01	-5.456289e-03	-1.986666e-03	1.701175e-02	6.519209e-03	1.049254e-02
785           	4.351431e-01	2.120588e-01	2.230843e-01	2.441456e-01	2.412783e-01	2.867382e-03	1.192054e-01	-5.512718e-03	-2.191691e-03	1.721189e-02	6.414252e-03	1.079763e-02
786           	4.350892e-01	2.120837e-01	2.230055e-01	2.434768e-01	2.407052e-01	2.771674e-03	1.189667e-01	-5.460875e-03	-2.233339e-03	1.695983e-02	6.246577e-03	1.071326e-02
787           	4.349959e-01	2.121981e-01	2.227978e-01	2.427737e-01	2.400930e-01	2.680676e-03	1.187062e-01	-5.299883e-03	-2.097073e-03	1.623749e-02	6.021672e-03	1.021582e-02
788           	4.348538e-01	2.123745e-01	2.224793e-01	2.421598e-01	2.395407e-01	2.619148e-03	1.184608e-01	-5.052409e-03	-1.801464e-03	1.514620e-02	5.771637e-03	9.374565e-03
789           	4.347458e-01	2.126253e-01	2.221206e-01	2.416610e-01	2.390836e-01	2.577399e-03	1.182531e-01	-4.747645e-03	-1.376877e-03	1.380346e-02	5.524852e-03	8.278606e-03
790           	4.346774e-01	2.129270e-01	2.217504e-01	2.413256e-01	2.387629e-01	2.562709e-03	1.181001e-01	-4.411679e-03	-8.669575e-04	1.233981e-02	5.302947e-03	7.036862e-03
791           	4.346455e-01	2.132431e-01	2.214023e-01	2.411561e-01	2.385842e-01	2.571951e-03	1.180061e-01	-4.079615e-03	-3.216138e-04	1.087997e-02	5.118371e-03	5.761599e-03
792           	4.346261e-01	2.135375e-01	2.210886e-01	2.411576e-01	2.385460e-01	2.611587e-03	1.179672e-01	-3.775564e-03	2.035475e-04	9.556803e-03	4.981949e-03	4.574854e-03
793           	4.345734e-01	2.137628e-01	2.208107e-01	2.413055e-01	2.386170e-01	2.688477e-03	1.179643e-01	-3.523940e-03	6.600534e-04	8.468306e-03	4.894206e-03	3.574100e-03
794           	4.344402e-01	2.138737e-01	2.205665e-01	2.415935e-01	2.387976e-01	2.795959e-03	1.180008e-01	-3.346412e-03	9.944969e-04	7.720938e-03	4.854966e-03	2.865972e-03
795           	4.342301e-01	2.138537e-01	2.203765e-01	2.419899e-01	2.390751e-01	2.914811e-03	1.180801e-01	-3.261411e-03	1.168804e-03	7.385929e-03	4.861769e-03	2.524160e-03
796           	4.339632e-01	2.137054e-01	2.202578e-01	2.424678e-01	2.394389e-01	3.028910e-03	1.182050e-01	-3.276196e-03	1.156949e-03	7.510447e-03	4.912173e-03	2.598275e-03
797           	4.336950e-01	2.134494e-01	2.202456e-01	2.429623e-01	2.398433e-01	3.118970e-03	1.183622e-01	-3.398092e-03	9.513411e-04	8.084091e-03	4.993387e-03	3.090705e-03
798           	4.334608e-01	2.131170e-01	2.203438e-01	2.434150e-01	2.402389e-01	3.176041e-03	1.185314e-01	-3.613374e-03	5.756842e-04	9.049458e-03	5.100413e-03	3.949045e-03
799           	4.332963e-01	2.127471e-01	2.205491e-01	2.437580e-01	2.405651e-01	3.192907e-03	1.186861e-01	-3.901002e-03	6.461498e-05	1.030918e-02	5.219207e-03	5.089977e-03
800           	4.332922e-01	2.124099e-01	2.208824e-01	2.439388e-01	2.407938e-01	3.144996e-03	1.188244e-01	-4.236244e-03	-5.475188e-04	1.177247e-02	5.338718e-03	6.433755e-03
801           	4.334990e-01	2.121793e-01	2.213197e-01	2.438779e-01	2.408635e-01	3.014428e-03	1.189245e-01	-4.570222e-03	-1.174914e-03	1.321267e-02	5.431421e-03	7.781249e-03
802           	4.337205e-01	2.120048e-01	2.217157e-01	2.435783e-01	2.407108e-01	2.867449e-03	1.189217e-01	-4.855426e-03	-1.740574e-03	1.443949e-02	5.479173e-03	8.960321e-03
803           	4.339147e-01	2.118837e-01	2.220310e-01	2.431076e-01	2.403805e-01	2.727033e-03	1.188268e-01	-5.073661e-03	-2.202220e-03	1.535983e-02	5.477696e-03	9.882135e-03
804           	4.340775e-01	2.118349e-01	2.222426e-01	2.425622e-01	2.399573e-01	2.604903e-03	1.186762e-01	-5.203848e-03	-2.519734e-03	1.590274e-02	5.431637e-03	1.047111e-02
805           	4.342229e-01	2.118778e-01	2.223452e-01	2.419832e-01	2.394857e-01	2.497471e-03	1.184941e-01	-5.233707e-03	-2.664602e-03	1.601138e-02	5.341088e-03	1.067029e-02
806           	4.343664e-01	2.120184e-01	2.223480e-01	2.414017e-01	2.390013e-01	2.400420e-03	1.183005e-01	-5.164794e-03	-2.639619e-03	1.569875e-02	5.209757e-03	1.048900e-02
807           	4.345163e-01	2.122481e-01	2.222682e-01	2.408368e-01	2.385218e-01	2.315015e-03	1.181034e-01	-5.010020e-03	-2.453830e-03	1.499976e-02	5.046052e-03	9.953712e-03
808           	4.346246e-01	2.125219e-01	2.221027e-01	2.403261e-01	2.380690e-01	2.257153e-03	1.179059e-01	-4.790362e-03	-2.124651e-03	1.400375e-02	4.877225e-03	9.126526e-03
809           	4.346643e-01	2.127904e-01	2.218739e-01	2.399158e-01	2.376683e-01	2.247475e-03	1.177104e-01	-4.541710e-03	-1.693923e-03	1.284040e-02	4.726279e-03	8.114125e-03
810           	4.346186e-01	2.130145e-01	2.216041e-01	2.396471e-01	2.373564e-01	2.290751e-03	1.175328e-01	-4.294839e-03	-1.204557e-03	1.166184e-02	4.626364e-03	7.035477e-03
811           	4.345136e-01	2.131801e-01	2.213336e-01	2.395357e-01	2.371587e-01	2.377013e-03	1.173909e-01	-4.076743e-03	-7.000224e-04	1.058721e-02	4.593580e-03	5.993625e-03
812           	4.343525e-01	2.132670e-01	2.210855e-01	2.395790e-01	2.370905e-01	2.488434e-03	1.173011e-01	-3.909252e-03	-2.260990e-04	9.723014e-03	4.635408e-03	5.087606e-03
813           	4.341341e-01	2.132659e-01	2.208682e-01	2.397694e-01	2.371515e-01	2.617959e-03	1.172668e-01	-3.801162e-03	1.762829e-04	9.124416e-03	4.738491e-03	4.385925e-03
814           	4.338598e-01	2.131797e-01	2.206800e-01	2.401316e-01	2.373740e-01	2.757630e-03	1.173082e-01	-3.750141e-03	4.834400e-04	8.809383e-03	4.888131e-03	3.921251e-03
815           	4.335566e-01	2.130178e-01	2.205387e-01	2.406833e-01	2.377873e-01	2.896002e-03	1.174457e-01	-3.760454e-03	6.652359e-04	8.781175e-03	5.055824e-03	3.725352e-03
816           	4.332562e-01	2.128031e-01	2.204532e-01	2.413979e-01	2.383806e-01	3.017272e-03	1.176817e-01	-3.825063e-03	7.108266e-04	9.030866e-03	5.226260e-03	3.804607e-03
817           	4.329853e-01	2.125542e-01	2.204311e-01	2.421832e-01	2.390711e-01	3.112140e-03	1.179795e-01	-3.938441e-03	6.223247e-04	9.519391e-03	5.382020e-03	4.137371e-03
818           	4.327560e-01	2.122724e-01	2.204835e-01	2.429425e-01	2.397688e-01	3.173727e-03	1.182975e-01	-4.105550e-03	3.924540e-04	1.025141e-02	5.518157e-03	4.733249e-03
819           	4.326247e-01	2.119950e-01	2.206297e-01	2.435931e-01	2.404013e-01	3.191718e-03	1.186048e-01	-4.317387e-03	4.422415e-05	1.117728e-02	5.632864e-03	5.544415e-03
820           	4.325883e-01	2.117260e-01	2.208623e-01	2.440951e-01	2.409300e-01	3.165015e-03	1.188825e-01	-4.568167e-03	-3.981813e-04	1.227398e-02	5.738810e-03	6.535173e-03
821           	4.326289e-01	2.114635e-01	2.211654e-01	2.443955e-01	2.412905e-01	3.104973e-03	1.190928e-01	-4.850920e-03	-9.016447e-04	1.346695e-02	5.831831e-03	7.635120e-03
822           	4.327613e-01	2.112492e-01	2.215121e-01	2.444442e-01	2.414366e-01	3.007609e-03	1.192145e-01	-5.131441e-03	-1.397221e-03	1.460861e-02	5.907084e-03	8.701527e-03
823           	4.329353e-01	2.110970e-01	2.218383e-01	2.442266e-01	2.413310e-01	2.895602e-03	1.192177e-01	-5.370672e-03	-1.814233e-03	1.552463e-02	5.948081e-03	9.576548e-03
824           	4.330848e-01	2.110015e-01	2.220833e-01	2.438087e-01	2.410194e-01	2.789270e-03	1.191151e-01	-5.540930e-03	-2.108254e-03	1.612657e-02	5.955033e-03	1.017154e-02
825           	4.332071e-01	2.109768e-01	2.222303e-01	2.432961e-01	2.405995e-01	2.696656e-03	1.189514e-01	-5.626732e-03	-2.252800e-03	1.636261e-02	5.928506e-03	1.043411e-02
826           	4.333162e-01	2.110394e-01	2.222768e-01	2.427766e-01	2.401595e-01	2.617134e-03	1.187712e-01	-5.618702e-03	-2.243306e-03	1.623142e-02	5.872403e-03	1.035901e-02
827           	4.334404e-01	2.111990e-01	2.222414e-01	2.423013e-01	2.397557e-01	2.545590e-03	1.186051e-01	-5.521205e-03	-2.088803e-03	1.573990e-02	5.781146e-03	9.958753e-03
828           	4.335670e-01	2.114417e-01	2.221253e-01	2.418797e-01	2.393971e-01	2.482608e-03	1.184573e-01	-5.341788e-03	-1.800467e-03	1.492764e-02	5.663355e-03	9.264289e-03
829           	4.336553e-01	2.117338e-01	2.219215e-01	2.414982e-01	2.390500e-01	2.448155e-03	1.183009e-01	-5.093810e-03	-1.391188e-03	1.384569e-02	5.531655e-03	8.314032e-03
830           	4.336938e-01	2.120337e-01	2.216601e-01	2.411822e-01	2.387336e-01	2.448514e-03	1.181426e-01	-4.813216e-03	-9.230818e-04	1.264450e-02	5.399166e-03	7.245330e-03
831           	4.337112e-01	2.123333e-01	2.213779e-01	2.409897e-01	2.385024e-01	2.487322e-03	1.180075e-01	-4.522323e-03	-4.206721e-04	1.142055e-02	5.289603e-03	6.130947e-03
832           	4.337331e-01	2.126237e-01	2.211094e-01	2.409628e-01	2.384053e-01	2.557490e-03	1.179239e-01	-4.242852e-03	7.153188e-05	1.028064e-02	5.211851e-03	5.068787e-03
833           	4.337141e-01	2.128598e-01	2.208543e-01	2.411076e-01	2.384425e-01	2.665126e-03	1.178887e-01	-3.997288e-03	5.194198e-04	9.303230e-03	5.171035e-03	4.132195e-03
834           	4.336328e-01	2.130209e-01	2.206120e-01	2.414040e-01	2.386019e-01	2.802100e-03	1.178999e-01	-3.795544e-03	8.968058e-04	8.553569e-03	5.173590e-03	3.379979e-03
835           	4.334946e-01	2.130932e-01	2.204014e-01	2.418387e-01	2.388809e-01	2.957816e-03	1.179615e-01	-3.654076e-03	1.168276e-03	8.094275e-03	5.215413e-03	2.878861e-03
836           	4.333469e-01	2.130879e-01	2.202591e-01	2.423999e-01	2.392948e-01	3.105032e-03	1.180949e-01	-3.585604e-03	1.304187e-03	7.989895e-03	5.299134e-03	2.690760e-03
837           	4.332601e-01	2.130296e-01	2.202305e-01	2.430833e-01	2.398604e-01	3.222971e-03	1.183187e-01	-3.600439e-03	1.284439e-03	8.252680e-03	5.410779e-03	2.841901e-03
838           	4.332150e-01	2.129079e-01	2.203071e-01	2.438153e-01	2.405081e-01	3.307235e-03	1.186004e-01	-3.699587e-03	1.105229e-03	8.874352e-03	5.542405e-03	3.331947e-03
839           	4.332368e-01	2.127401e-01	2.204967e-01	2.445329e-01	2.411813e-01	3.351583e-03	1.189148e-01	-3.878300e-03	7.852063e-04	9.794947e-03	5.682680e-03	4.112267e-03
840           	4.332988e-01	2.125286e-01	2.207702e-01	2.451616e-01	2.418102e-01	3.351340e-03	1.192294e-01	-4.120830e-03	3.545618e-04	1.095365e-02	5.831387e-03	5.122264e-03
841           	4.334079e-01	2.123018e-01	2.211061e-01	2.455973e-01	2.422992e-01	3.298121e-03	1.195005e-01	-4.402141e-03	-1.466701e-04	1.224669e-02	5.976673e-03	6.270014e-03
842           	4.335474e-01	2.120834e-01	2.214640e-01	2.457979e-01	2.425970e-01	3.200844e-03	1.196981e-01	-4.690311e-03	-6.642972e-04	1.354153e-02	6.106469e-03	7.435063e-03
843           	4.336886e-01	2.118985e-01	2.217901e-01	2.457597e-01	2.426794e-01	3.080322e-03	1.197995e-01	-4.945757e-03	-1.120316e-03	1.464353e-02	6.201450e-03	8.442081e-03
844           	4.337645e-01	2.117412e-01	2.220233e-01	2.454951e-01	2.425312e-01	2.963938e-03	1.197836e-01	-5.141012e-03	-1.460371e-03	1.543770e-02	6.258480e-03	9.179221e-03
845           	4.337490e-01	2.116026e-01	2.221464e-01	2.450383e-01	2.421730e-01	2.865284e-03	1.196539e-01	-5.271871e-03	-1.674526e-03	1.589329e-02	6.272117e-03	9.621169e-03
846           	4.336483e-01	2.114924e-01	2.221559e-01	2.444348e-01	2.416595e-01	2.775285e-03	1.194421e-01	-5.331762e-03	-1.752250e-03	1.600423e-02	6.249867e-03	9.754366e-03
847           	4.335085e-01	2.114330e-01	2.220755e-01	2.437286e-01	2.410442e-01	2.684348e-03	1.191799e-01	-5.321226e-03	-1.709788e-03	1.578324e-02	6.181831e-03	9.601407e-03
848           	4.333667e-01	2.114345e-01	2.219323e-01	2.429873e-01	2.404006e-01	2.586652e-03	1.189070e-01	-5.248904e-03	-1.561480e-03	1.527314e-02	6.075090e-03	9.198050e-03
849           	4.332559e-01	2.115050e-01	2.217510e-01	2.422853e-01	2.397943e-01	2.491037e-03	1.186516e-01	-5.123016e-03	-1.307226e-03	1.449985e-02	5.942697e-03	8.557149e-03
850           	4.331652e-01	2.116239e-01	2.215412e-01	2.416841e-01	2.392690e-01	2.415064e-03	1.184270e-01	-4.958647e-03	-9.662974e-04	1.354392e-02	5.805664e-03	7.738259e-03
851           	4.330965e-01	2.117665e-01	2.213300e-01	2.412444e-01	2.388734e-01	2.371009e-03	1.182512e-01	-4.781768e-03	-5.790205e-04	1.252641e-02	5.684186e-03	6.842227e-03
852           	4.330497e-01	2.119181e-01	2.211316e-01	2.410234e-01	2.386657e-01	2.357759e-03	1.181540e-01	-4.606721e-03	-1.779045e-04	1.155716e-02	5.600673e-03	5.956483e-03
853           	4.329970e-01	2.120556e-01	2.209413e-01	2.410449e-01	2.386594e-01	2.385455e-03	1.181370e-01	-4.442864e-03	2.066704e-04	1.068991e-02	5.551624e-03	5.138283e-03
854           	4.329084e-01	2.121525e-01	2.207559e-01	2.413094e-01	2.388522e-01	2.457268e-03	1.181975e-01	-4.301703e-03	5.359001e-04	9.999195e-03	5.535498e-03	4.463697e-03
855           	4.327882e-01	2.122066e-01	2.205816e-01	2.417998e-01	2.392354e-01	2.564387e-03	1.183355e-01	-4.187489e-03	7.892931e-04	9.506936e-03	5.542761e-03	3.964175e-03
856           	4.326383e-01	2.122183e-01	2.204200e-01	2.424308e-01	2.397418e-01	2.689040e-03	1.185264e-01	-4.100810e-03	9.521115e-04	9.232109e-03	5.568166e-03	3.663943e-03
857           	4.325158e-01	2.121995e-01	2.203163e-01	2.430788e-01	2.402849e-01	2.793969e-03	1.187454e-01	-4.058402e-03	9.945391e-04	9.204735e-03	5.596906e-03	3.607828e-03
858           	4.324486e-01	2.121412e-01	2.203074e-01	2.436411e-01	2.407800e-01	2.861119e-03	1.189594e-01	-4.083142e-03	9.079508e-04	9.477451e-03	5.646676e-03	3.830775e-03
859           	4.324297e-01	2.120311e-01	2.203986e-01	2.440622e-01	2.411723e-01	2.889909e-03	1.191412e-01	-4.183749e-03	7.009776e-04	1.002634e-02	5.714150e-03	4.312195e-03
860           	4.324673e-01	2.118752e-01	2.205921e-01	2.443346e-01	2.414594e-01	2.875184e-03	1.192921e-01	-4.358436e-03	3.863474e-04	1.083361e-02	5.803153e-03	5.030458e-03
861           	4.325693e-01	2.116953e-01	2.208739e-01	2.444419e-01	2.416238e-01	2.818148e-03	1.194028e-01	-4.589296e-03	5.930859e-06	1.180532e-02	5.908589e-03	5.896728e-03
862           	4.326880e-01	2.115013e-01	2.211867e-01	2.444028e-01	2.416630e-01	2.739786e-03	1.194616e-01	-4.842707e-03	-3.868059e-04	1.283645e-02	6.031421e-03	6.805032e-03
863           	4.328061e-01	2.113110e-01	2.214951e-01	2.442217e-01	2.415653e-01	2.656356e-03	1.194545e-01	-5.092075e-03	-7.503768e-04	1.381990e-02	6.159571e-03	7.660325e-03
864           	4.329289e-01	2.111546e-01	2.217743e-01	2.439121e-01	2.413425e-01	2.569590e-03	1.193864e-01	-5.309879e-03	-1.048889e-03	1.467969e-02	6.290957e-03	8.388736e-03
865           	4.330652e-01	2.110532e-01	2.220119e-01	2.435143e-01	2.410307e-01	2.483607e-03	1.192735e-01	-5.479333e-03	-1.265288e-03	1.533801e-02	6.403718e-03	8.934295e-03
866           	4.331931e-01	2.110040e-01	2.221891e-01	2.430577e-01	2.406579e-01	2.399781e-03	1.191291e-01	-5.592521e-03	-1.398928e-03	1.575674e-02	6.479441e-03	9.277297e-03
867           	4.333109e-01	2.110149e-01	2.222960e-01	2.425731e-01	2.402526e-01	2.320534e-03	1.189660e-01	-5.640595e-03	-1.441806e-03	1.588736e-02	6.501873e-03	9.385484e-03
868           	4.334124e-01	2.110900e-01	2.223225e-01	2.420661e-01	2.398124e-01	2.253679e-03	1.187794e-01	-5.616266e-03	-1.393099e-03	1.572652e-02	6.470161e-03	9.256360e-03
869           	4.335374e-01	2.112410e-01	2.222963e-01	2.415702e-01	2.393666e-01	2.203599e-03	1.185815e-01	-5.527647e-03	-1.253270e-03	1.528517e-02	6.389315e-03	8.895856e-03
870           	4.336056e-01	2.114199e-01	2.221858e-01	2.411710e-01	2.389731e-01	2.197891e-03	1.183876e-01	-5.382950e-03	-1.027216e-03	1.460286e-02	6.274216e-03	8.328647e-03
871           	4.336796e-01	2.116452e-01	2.220344e-01	2.409552e-01	2.387150e-01	2.240223e-03	1.182374e-01	-5.194573e-03	-7.281859e-04	1.374073e-02	6.142180e-03	7.598552e-03
872           	4.338022e-01	2.119097e-01	2.218925e-01	2.409987e-01	2.386822e-01	2.316472e-03	1.181829e-01	-4.991391e-03	-3.931659e-04	1.283094e-02	6.022304e-03	6.808636e-03
873           	4.339575e-01	2.121848e-01	2.217727e-01	2.412965e-01	2.388739e-01	2.422584e-03	1.182257e-01	-4.793920e-03	-4.126423e-05	1.193467e-02	5.926070e-03	6.008598e-03
874           	4.340911e-01	2.124277e-01	2.216635e-01	2.417891e-01	2.392330e-01	2.556083e-03	1.183385e-01	-4.617894e-03	2.953307e-04	1.112966e-02	5.860160e-03	5.269499e-03
875           	4.341887e-01	2.126140e-01	2.215748e-01	2.424147e-01	2.397089e-01	2.705863e-03	1.185015e-01	-4.480394e-03	5.752979e-04	1.048180e-02	5.816196e-03	4.665600e-03
876           	4.342381e-01	2.127320e-01	2.215062e-01	2.431163e-01	2.402597e-01	2.856659e-03	1.187015e-01	-4.387088e-03	7.779090e-04	1.004492e-02	5.800371e-03	4.244553e-03
877           	4.342444e-01	2.127793e-01	2.214651e-01	2.438464e-01	2.408499e-01	2.996451e-03	1.189267e-01	-4.342933e-03	8.850985e-04	9.836446e-03	5.803321e-03	4.033124e-03
878           	4.341903e-01	2.127410e-01	2.214492e-01	2.445617e-01	2.414414e-01	3.120339e-03	1.191605e-01	-4.354102e-03	8.729298e-04	9.890570e-03	5.818215e-03	4.072355e-03
879           	4.341397e-01	2.126585e-01	2.214812e-01	2.452287e-01	2.420065e-01	3.222173e-03	1.193922e-01	-4.411363e-03	7.572113e-04	1.015375e-02	5.834086e-03	4.319663e-03
880           	4.341099e-01	2.125530e-01	2.215570e-01	2.457837e-01	2.424874e-01	3.296346e-03	1.195955e-01	-4.501986e-03	5.611131e-04	1.058017e-02	5.851198e-03	4.728971e-03
881           	4.340865e-01	2.124162e-01	2.216703e-01	2.461668e-01	2.428195e-01	3.347334e-03	1.197361e-01	-4.627036e-03	2.884740e-04	1.115574e-02	5.866346e-03	5.289398e-03
882           	4.341029e-01	2.122798e-01	2.218231e-01	2.463407e-01	2.429706e-01	3.370112e-03	1.198003e-01	-4.771622e-03	-2.648967e-05	1.183173e-02	5.889373e-03	5.942353e-03
883           	4.341990e-01	2.121799e-01	2.220191e-01	2.462800e-01	2.429186e-01	3.361495e-03	1.197785e-01	-4.919618e-03	-3.501013e-04	1.253620e-02	5.917999e-03	6.618202e-03
884           	4.343935e-01	2.121422e-01	2.222513e-01	2.459944e-01	2.426844e-01	3.309992e-03	1.196872e-01	-5.054529e-03	-6.486999e-04	1.320991e-02	5.956253e-03	7.253653e-03
885           	4.346310e-01	2.121618e-01	2.224692e-01	2.455207e-01	2.422946e-01	3.226107e-03	1.195343e-01	-5.153660e-03	-8.846310e-04	1.373972e-02	5.985231e-03	7.754493e-03
886           	4.348035e-01	2.122070e-01	2.225965e-01	2.449075e-01	2.417737e-01	3.133835e-03	1.193199e-01	-5.194762e-03	-1.035892e-03	1.404469e-02	5.986453e-03	8.058236e-03
887           	4.349208e-01	2.122865e-01	2.226343e-01	2.442130e-01	2.411806e-01	3.032342e-03	1.190741e-01	-5.173906e-03	-1.099298e-03	1.408401e-02	5.942705e-03	8.141301e-03
888           	4.350001e-01	2.124172e-01	2.225828e-01	2.435100e-01	2.405851e-01	2.924903e-03	1.188301e-01	-5.082794e-03	-1.060181e-03	1.383973e-02	5.859684e-03	7.980047e-03
889           	4.350860e-01	2.126173e-01	2.224686e-01	2.428445e-01	2.400260e-01	2.818464e-03	1.186038e-01	-4.925637e-03	-9.129559e-04	1.331614e-02	5.745116e-03	7.571028e-03
890           	4.351820e-01	2.128674e-01	2.223146e-01	2.422739e-01	2.395519e-01	2.721990e-03	1.184150e-01	-4.723628e-03	-6.725492e-04	1.259052e-02	5.622713e-03	6.967812e-03
891           	4.352811e-01	2.131438e-01	2.221374e-01	2.418427e-01	2.392001e-01	2.642608e-03	1.182787e-01	-4.496808e-03	-3.549917e-04	1.173109e-02	5.510554e-03	6.220537e-03
892           	4.353467e-01	2.134096e-01	2.219371e-01	2.415806e-01	2.389911e-01	2.589440e-03	1.182008e-01	-4.263716e-03	2.191882e-06	1.084697e-02	5.425679e-03	5.421295e-03
893           	4.353632e-01	2.136327e-01	2.217305e-01	2.415129e-01	2.389436e-01	2.569238e-03	1.181872e-01	-4.048937e-03	3.522969e-04	1.003800e-02	5.371295e-03	4.666701e-03
894           	4.353055e-01	2.137835e-01	2.215221e-01	2.416492e-01	2.390645e-01	2.584652e-03	1.182399e-01	-3.869301e-03	6.612581e-04	9.393221e-03	5.357869e-03	4.035353e-03
895           	4.351636e-01	2.138405e-01	2.213230e-01	2.419737e-01	2.393404e-01	2.633327e-03	1.183535e-01	-3.741250e-03	8.930268e-04	8.969605e-03	5.377830e-03	3.591776e-03
896           	4.349296e-01	2.137865e-01	2.211431e-01	2.424253e-01	2.397209e-01	2.704384e-03	1.185083e-01	-3.678322e-03	1.010876e-03	8.826203e-03	5.423977e-03	3.402226e-03
897           	4.346368e-01	2.136305e-01	2.210063e-01	2.429245e-01	2.401461e-01	2.778368e-03	1.186839e-01	-3.687904e-03	9.865002e-04	8.982793e-03	5.477896e-03	3.504896e-03
898           	4.343161e-01	2.133882e-01	2.209279e-01	2.434299e-01	2.405910e-01	2.838846e-03	1.188761e-01	-3.769859e-03	8.022900e-04	9.454152e-03	5.529366e-03	3.924786e-03
899           	4.339962e-01	2.130712e-01	2.209249e-01	2.439116e-01	2.410305e-01	2.881107e-03	1.190747e-01	-3.926859e-03	4.496479e-04	1.023138e-02	5.565337e-03	4.666041e-03
900           	4.336634e-01	2.126863e-01	2.209770e-01	2.443194e-01	2.414096e-01	2.909813e-03	1.192499e-01	-4.145347e-03	-3.464678e-05	1.125919e-02	5.594949e-03	5.664243e-03
901           	4.333136e-01	2.122521e-01	2.210616e-01	2.445988e-01	2.416668e-01	2.931993e-03	1.193674e-01	-4.404763e-03	-5.966499e-04	1.243632e-02	5.621512e-03	6.814812e-03
902           	4.329557e-01	2.117988e-01	2.211569e-01	2.447040e-01	2.417589e-01	2.945018e-03	1.194070e-01	-4.679019e-03	-1.178985e-03	1.366488e-02	5.653455e-03	8.011425e-03
903           	4.326375e-01	2.113804e-01	2.212571e-01	2.445981e-01	2.416542e-01	2.943874e-03	1.193552e-01	-4.938349e-03	-1.726234e-03	1.482367e-02	5.685599e-03	9.138068e-03
904           	4.324085e-01	2.110469e-01	2.213615e-01	2.442880e-01	2.413656e-01	2.922424e-03	1.192216e-01	-5.157323e-03	-2.190266e-03	1.581222e-02	5.715843e-03	1.009637e-02
905           	4.323506e-01	2.108503e-01	2.215003e-01	2.438308e-01	2.409651e-01	2.865685e-03	1.190497e-01	-5.324992e-03	-2.551631e-03	1.655731e-02	5.727023e-03	1.083028e-02
906           	4.324513e-01	2.108003e-01	2.216510e-01	2.433188e-01	2.405377e-01	2.781127e-03	1.188783e-01	-5.425357e-03	-2.789302e-03	1.699643e-02	5.708915e-03	1.128752e-02
907           	4.326316e-01	2.108688e-01	2.217628e-01	2.428212e-01	2.401262e-01	2.695005e-03	1.187156e-01	-5.447027e-03	-2.888384e-03	1.706893e-02	5.646080e-03	1.142285e-02
908           	4.328109e-01	2.110145e-01	2.217965e-01	2.423660e-01	2.397424e-01	2.623639e-03	1.185594e-01	-5.390991e-03	-2.844819e-03	1.677783e-02	5.544099e-03	1.123374e-02
909           	4.329539e-01	2.112095e-01	2.217444e-01	2.419545e-01	2.393747e-01	2.579898e-03	1.183974e-01	-5.267452e-03	-2.659394e-03	1.616055e-02	5.420883e-03	1.073967e-02
910           	4.330788e-01	2.114381e-01	2.216407e-01	2.416356e-01	2.390715e-01	2.564075e-03	1.182537e-01	-5.101283e-03	-2.371582e-03	1.536717e-02	5.312006e-03	1.005517e-02
911           	4.332711e-01	2.117078e-01	2.215632e-01	2.414797e-01	2.389166e-01	2.563175e-03	1.181767e-01	-4.927700e-03	-2.035746e-03	1.454903e-02	5.238767e-03	9.310258e-03
912           	4.335095e-01	2.119885e-01	2.215209e-01	2.415550e-01	2.389679e-01	2.587014e-03	1.181905e-01	-4.766190e-03	-1.681119e-03	1.379544e-02	5.216602e-03	8.578841e-03
913           	4.337068e-01	2.122251e-01	2.214817e-01	2.418668e-01	2.392143e-01	2.652477e-03	1.182809e-01	-4.628286e-03	-1.336979e-03	1.315185e-02	5.238948e-03	7.912906e-03
914           	4.337898e-01	2.123692e-01	2.214206e-01	2.423848e-01	2.396254e-01	2.759359e-03	1.184330e-01	-4.525744e-03	-1.044355e-03	1.268150e-02	5.296396e-03	7.385106e-03
915           	4.337342e-01	2.123993e-01	2.213349e-01	2.430639e-01	2.401738e-01	2.890063e-03	1.186419e-01	-4.467785e-03	-8.386242e-04	1.242452e-02	5.373638e-03	7.050886e-03
916           	4.335686e-01	2.123236e-01	2.212450e-01	2.438322e-01	2.408078e-01	3.024355e-03	1.188917e-01	-4.460705e-03	-7.587617e-04	1.243144e-02	5.456957e-03	6.974480e-03
917           	4.333541e-01	2.121622e-01	2.211919e-01	2.446294e-01	2.414893e-01	3.140119e-03	1.191746e-01	-4.514867e-03	-8.366076e-04	1.272863e-02	5.527710e-03	7.200925e-03
918           	4.332141e-01	2.119809e-01	2.212332e-01	2.454177e-01	2.421986e-01	3.219114e-03	1.194897e-01	-4.626144e-03	-1.070457e-03	1.330775e-02	5.583420e-03	7.724334e-03
919           	4.332009e-01	2.118123e-01	2.213886e-01	2.460656e-01	2.428168e-01	3.248872e-03	1.197840e-01	-4.788190e-03	-1.430932e-03	1.409347e-02	5.615804e-03	8.477667e-03
920           	4.332070e-01	2.116188e-01	2.215882e-01	2.464677e-01	2.432185e-01	3.249256e-03	1.199846e-01	-4.984699e-03	-1.875217e-03	1.500008e-02	5.624821e-03	9.375256e-03
921           	4.331741e-01	2.113917e-01	2.217824e-01	2.465796e-01	2.433501e-01	3.229538e-03	1.200603e-01	-5.195323e-03	-2.350556e-03	1.594120e-02	5.620042e-03	1.032115e-02
922           	4.330811e-01	2.111467e-01	2.219344e-01	2.464199e-01	2.432204e-01	3.199443e-03	1.200105e-01	-5.393825e-03	-2.806062e-03	1.684195e-02	5.614911e-03	1.122703e-02
923           	4.329836e-01	2.109291e-01	2.220544e-01	2.460409e-01	2.428888e-01	3.152183e-03	1.198683e-01	-5.562656e-03	-3.200752e-03	1.761978e-02	5.609137e-03	1.201064e-02
924           	4.329394e-01	2.107920e-01	2.221474e-01	2.455093e-01	2.424261e-01	3.083229e-03	1.196714e-01	-5.677732e-03	-3.495465e-03	1.818237e-02	5.595722e-03	1.258665e-02
925           	4.328931e-01	2.107259e-01	2.221672e-01	2.448884e-01	2.418816e-01	3.006778e-03	1.194374e-01	-5.720625e-03	-3.649090e-03	1.841435e-02	5.558088e-03	1.285627e-02
926           	4.328226e-01	2.107264e-01	2.220962e-01	2.442160e-01	2.412860e-01	2.929944e-03	1.191780e-01	-5.684871e-03	-3.648832e-03	1.827934e-02	5.490836e-03	1.278850e-02
927           	4.328124e-01	2.108304e-01	2.219820e-01	2.435240e-01	2.406867e-01	2.837291e-03	1.189247e-01	-5.575816e-03	-3.495262e-03	1.779165e-02	5.400563e-03	1.239109e-02
928           	4.328837e-01	2.110357e-01	2.218480e-01	2.428839e-01	2.401439e-01	2.740036e-03	1.187019e-01	-5.406120e-03	-3.206888e-03	1.702852e-02	5.307373e-03	1.172115e-02
929           	4.330171e-01	2.113007e-01	2.217164e-01	2.423548e-01	2.396890e-01	2.665763e-03	1.185116e-01	-5.207852e-03	-2.822733e-03	1.611336e-02	5.233947e-03	1.087941e-02
930           	4.331638e-01	2.115711e-01	2.215927e-01	2.420069e-01	2.393662e-01	2.640754e-03	1.183627e-01	-5.010817e-03	-2.396470e-03	1.520574e-02	5.206400e-03	9.999339e-03
931           	4.333103e-01	2.118173e-01	2.214930e-01	2.418523e-01	2.391904e-01	2.661860e-03	1.182643e-01	-4.837850e-03	-1.975694e-03	1.441584e-02	5.232224e-03	9.183613e-03
932           	4.334357e-01	2.120145e-01	2.214211e-01	2.419066e-01	2.391894e-01	2.717236e-03	1.182361e-01	-4.703303e-03	-1.598372e-03	1.382215e-02	5.312704e-03	8.509448e-03
933           	4.334994e-01	2.121385e-01	2.213610e-01	2.421485e-01	2.393489e-01	2.799610e-03	1.182746e-01	-4.611254e-03	-1.277051e-03	1.342898e-02	5.437441e-03	7.991543e-03
934           	4.334780e-01	2.121821e-01	2.212959e-01	2.425734e-01	2.396719e-01	2.901474e-03	1.183852e-01	-4.556893e-03	-1.027239e-03	1.323401e-02	5.589765e-03	7.644244e-03
935           	4.333901e-01	2.121478e-01	2.212423e-01	2.431559e-01	2.401529e-01	3.003026e-03	1.185749e-01	-4.547226e-03	-8.788460e-04	1.324878e-02	5.745544e-03	7.503236e-03
936           	4.332551e-01	2.120465e-01	2.212086e-01	2.438389e-01	2.407478e-01	3.091129e-03	1.188283e-01	-4.581061e-03	-8.470747e-04	1.347864e-02	5.892245e-03	7.586394e-03
937           	4.330983e-01	2.118908e-01	2.212075e-01	2.445106e-01	2.413532e-01	3.157416e-03	1.190979e-01	-4.658314e-03	-9.452487e-04	1.390539e-02	6.007447e-03	7.897945e-03
938           	4.329601e-01	2.117040e-01	2.212561e-01	2.450870e-01	2.418915e-01	3.195546e-03	1.193480e-01	-4.776071e-03	-1.179730e-03	1.451461e-02	6.077575e-03	8.437035e-03
939           	4.328896e-01	2.115204e-01	2.213692e-01	2.454984e-01	2.422985e-01	3.199879e-03	1.195493e-01	-4.924410e-03	-1.523443e-03	1.523557e-02	6.094343e-03	9.141230e-03
940           	4.328638e-01	2.113440e-01	2.215199e-01	2.457141e-01	2.425253e-01	3.188842e-03	1.196682e-01	-5.087954e-03	-1.935177e-03	1.600234e-02	6.065993e-03	9.936348e-03
941           	4.328280e-01	2.111517e-01	2.216763e-01	2.457310e-01	2.425493e-01	3.181736e-03	1.196838e-01	-5.262334e-03	-2.383306e-03	1.676565e-02	5.999521e-03	1.076613e-02
942           	4.327287e-01	2.109431e-01	2.217856e-01	2.455273e-01	2.423343e-01	3.192981e-03	1.195706e-01	-5.421248e-03	-2.794346e-03	1.744133e-02	5.926319e-03	1.151501e-02
943           	4.325896e-01	2.107428e-01	2.218468e-01	2.451111e-01	2.418992e-01	3.211907e-03	1.193437e-01	-5.552027e-03	-3.129388e-03	1.796413e-02	5.852679e-03	1.211145e-02
944           	4.324582e-01	2.105919e-01	2.218663e-01	2.445584e-01	2.413335e-01	3.224871e-03	1.190543e-01	-5.637193e-03	-3.365287e-03	1.828613e-02	5.777777e-03	1.250835e-02
945           	4.323874e-01	2.105329e-01	2.218545e-01	2.439157e-01	2.407030e-01	3.212679e-03	1.187452e-01	-5.660786e-03	-3.480084e-03	1.832767e-02	5.683750e-03	1.264392e-02
946           	4.323642e-01	2.105792e-01	2.217850e-01	2.433094e-01	2.401274e-01	3.181991e-03	1.184727e-01	-5.602876e-03	-3.446668e-03	1.802399e-02	5.565329e-03	1.245867e-02
947           	4.323809e-01	2.107237e-01	2.216572e-01	2.427882e-01	2.396515e-01	3.136769e-03	1.182573e-01	-5.466774e-03	-3.263545e-03	1.737147e-02	5.422188e-03	1.194928e-02
948           	4.324450e-01	2.109602e-01	2.214848e-01	2.423701e-01	2.392895e-01	3.080612e-03	1.181045e-01	-5.262336e-03	-2.938618e-03	1.643455e-02	5.278659e-03	1.115589e-02
949           	4.325694e-01	2.112665e-01	2.213029e-01	2.420373e-01	2.390131e-01	3.024230e-03	1.179944e-01	-5.018212e-03	-2.498647e-03	1.532750e-02	5.165101e-03	1.016240e-02
950           	4.327666e-01	2.116179e-01	2.211487e-01	2.418115e-01	2.388361e-01	2.975391e-03	1.179303e-01	-4.765444e-03	-1.994351e-03	1.420325e-02	5.107276e-03	9.095977e-03
951           	4.330274e-01	2.119783e-01	2.210491e-01	2.416991e-01	2.387537e-01	2.945384e-03	1.179042e-01	-4.535411e-03	-1.478587e-03	1.319159e-02	5.117209e-03	8.074384e-03
952           	4.332917e-01	2.123017e-01	2.209900e-01	2.417104e-01	2.387571e-01	2.953277e-03	1.179019e-01	-4.344132e-03	-9.970889e-04	1.238262e-02	5.194222e-03	7.188400e-03
953           	4.334876e-01	2.125378e-01	2.209498e-01	2.418315e-01	2.388272e-01	3.004221e-03	1.179115e-01	-4.205983e-03	-5.865483e-04	1.181460e-02	5.320750e-03	6.493846e-03
954           	4.335523e-01	2.126569e-01	2.208954e-01	2.420624e-01	2.389666e-01	3.095795e-03	1.179354e-01	-4.119288e-03	-2.649963e-04	1.148940e-02	5.479705e-03	6.009697e-03
955           	4.335157e-01	2.126757e-01	2.208400e-01	2.423872e-01	2.391889e-01	3.198336e-03	1.179953e-01	-4.082134e-03	-5.138643e-05	1.138750e-02	5.642364e-03	5.745137e-03
956           	4.334663e-01	2.126451e-01	2.208212e-01	2.428269e-01	2.395518e-01	3.275093e-03	1.181384e-01	-4.088091e-03	4.557264e-05	1.148171e-02	5.786428e-03	5.695283e-03
957           	4.334554e-01	2.125659e-01	2.208896e-01	2.432882e-01	2.399783e-01	3.309891e-03	1.183342e-01	-4.161855e-03	-4.767913e-06	1.183403e-02	5.912249e-03	5.921785e-03
958           	4.334831e-01	2.124568e-01	2.210263e-01	2.437482e-01	2.404404e-01	3.307823e-03	1.185663e-01	-4.284744e-03	-1.878391e-04	1.237417e-02	5.999244e-03	6.374922e-03
959           	4.335073e-01	2.123003e-01	2.212069e-01	2.441694e-01	2.408915e-01	3.277818e-03	1.188069e-01	-4.453288e-03	-4.793496e-04	1.305402e-02	6.047658e-03	7.006358e-03
960           	4.334943e-01	2.120982e-01	2.213961e-01	2.445024e-01	2.412707e-01	3.231724e-03	1.190195e-01	-4.648945e-03	-8.433656e-04	1.381240e-02	6.062833e-03	7.749564e-03
961           	4.334384e-01	2.118660e-01	2.215725e-01	2.446850e-01	2.415150e-01	3.170052e-03	1.191725e-01	-4.853249e-03	-1.232234e-03	1.455784e-02	6.046685e-03	8.511153e-03
962           	4.333486e-01	2.116302e-01	2.217184e-01	2.447010e-01	2.415950e-01	3.105995e-03	1.192445e-01	-5.044108e-03	-1.596987e-03	1.521460e-02	6.010316e-03	9.204289e-03
963           	4.332688e-01	2.114261e-01	2.218426e-01	2.445468e-01	2.415031e-01	3.043672e-03	1.192297e-01	-5.208241e-03	-1.898790e-03	1.571651e-02	5.959467e-03	9.757046e-03
964           	4.332372e-01	2.112870e-01	2.219501e-01	2.442575e-01	2.412780e-01	2.979525e-03	1.191492e-01	-5.331562e-03	-2.111430e-03	1.602701e-02	5.902074e-03	1.012493e-02
965           	4.332220e-01	2.112046e-01	2.220174e-01	2.438635e-01	2.409495e-01	2.913921e-03	1.190178e-01	-5.406428e-03	-2.217783e-03	1.609811e-02	5.831274e-03	1.026684e-02
966           	4.332005e-01	2.111849e-01	2.220157e-01	2.434064e-01	2.405569e-01	2.849487e-03	1.188537e-01	-5.415415e-03	-2.204902e-03	1.588847e-02	5.739332e-03	1.014914e-02
967           	4.332240e-01	2.112608e-01	2.219632e-01	2.429179e-01	2.401468e-01	2.771039e-03	1.186879e-01	-5.351230e-03	-2.057159e-03	1.536018e-02	5.622932e-03	9.737251e-03
968           	4.333242e-01	2.114428e-01	2.218814e-01	2.424513e-01	2.397696e-01	2.681672e-03	1.185440e-01	-5.219279e-03	-1.778900e-03	1.454584e-02	5.494019e-03	9.051820e-03
969           	4.334794e-01	2.117096e-01	2.217698e-01	2.420497e-01	2.394444e-01	2.605286e-03	1.184195e-01	-5.030083e-03	-1.370308e-03	1.349023e-02	5.374806e-03	8.115423e-03
970           	4.336092e-01	2.120016e-01	2.216076e-01	2.417458e-01	2.391686e-01	2.577103e-03	1.182958e-01	-4.803037e-03	-8.593509e-04	1.231085e-02	5.296075e-03	7.014777e-03
971           	4.337142e-01	2.122825e-01	2.214317e-01	2.415337e-01	2.389401e-01	2.593597e-03	1.181732e-01	-4.574578e-03	-3.066579e-04	1.116615e-02	5.276415e-03	5.889731e-03
972           	4.338440e-01	2.125608e-01	2.212832e-01	2.414609e-01	2.388208e-01	2.640121e-03	1.180903e-01	-4.361175e-03	2.480446e-04	1.014337e-02	5.319728e-03	4.823638e-03
973           	4.339761e-01	2.128037e-01	2.211724e-01	2.415303e-01	2.388122e-01	2.718086e-03	1.180471e-01	-4.184323e-03	7.624312e-04	9.303389e-03	5.414126e-03	3.889263e-03
974           	4.340737e-01	2.129788e-01	2.210949e-01	2.417636e-01	2.389367e-01	2.826917e-03	1.180549e-01	-4.058075e-03	1.196588e-03	8.703715e-03	5.548445e-03	3.155270e-03
975           	4.341497e-01	2.130767e-01	2.210730e-01	2.421413e-01	2.391982e-01	2.943121e-03	1.181275e-01	-3.998171e-03	1.510322e-03	8.397974e-03	5.709309e-03	2.688665e-03
976           	4.341816e-01	2.130931e-01	2.210885e-01	2.426362e-01	2.395761e-01	3.060018e-03	1.182581e-01	-3.997708e-03	1.693465e-03	8.369341e-03	5.878135e-03	2.491206e-03
977           	4.342191e-01	2.130395e-01	2.211796e-01	2.432001e-01	2.400479e-01	3.152207e-03	1.184478e-01	-4.070093e-03	1.704853e-03	8.663715e-03	6.036711e-03	2.627004e-03
978           	4.342386e-01	2.129163e-01	2.213223e-01	2.437993e-01	2.405777e-01	3.221581e-03	1.186781e-01	-4.203015e-03	1.551000e-03	9.245219e-03	6.173610e-03	3.071609e-03
979           	4.343164e-01	2.127755e-01	2.215409e-01	2.443640e-01	2.411160e-01	3.247964e-03	1.189340e-01	-4.382703e-03	1.259676e-03	1.003013e-02	6.274740e-03	3.755389e-03
980           	4.345211e-01	2.126646e-01	2.218565e-01	2.448119e-01	2.416090e-01	3.202898e-03	1.192030e-01	-4.595963e-03	8.526081e-04	1.096691e-02	6.336062e-03	4.630846e-03
981           	4.348303e-01	2.125959e-01	2.222343e-01	2.450269e-01	2.419423e-01	3.084622e-03	1.194288e-01	-4.819200e-03	3.914605e-04	1.193165e-02	6.357285e-03	5.574364e-03
982           	4.351207e-01	2.125410e-01	2.225797e-01	2.449374e-01	2.419996e-01	2.937770e-03	1.195309e-01	-5.019352e-03	-4.917044e-05	1.278128e-02	6.341468e-03	6.439809e-03
983           	4.353528e-01	2.124920e-01	2.228608e-01	2.445569e-01	2.417685e-01	2.788401e-03	1.194900e-01	-5.184394e-03	-4.290907e-04	1.344160e-02	6.291711e-03	7.149892e-03
984           	4.355019e-01	2.124555e-01	2.230464e-01	2.439868e-01	2.413241e-01	2.662753e-03	1.193307e-01	-5.295442e-03	-7.100820e-04	1.386544e-02	6.222637e-03	7.642801e-03
985           	4.355721e-01	2.124471e-01	2.231250e-01	2.433135e-01	2.407474e-01	2.566106e-03	1.190906e-01	-5.338917e-03	-8.658780e-04	1.399902e-02	6.133631e-03	7.865387e-03
986           	4.356196e-01	2.125046e-01	2.231150e-01	2.426463e-01	2.401558e-01	2.490461e-03	1.188327e-01	-5.305198e-03	-8.975492e-04	1.383917e-02	6.022033e-03	7.817132e-03
987           	4.357092e-01	2.126606e-01	2.230487e-01	2.420305e-01	2.396093e-01	2.421151e-03	1.185941e-01	-5.194047e-03	-8.065513e-04	1.337633e-02	5.881613e-03	7.494715e-03
988           	4.358706e-01	2.129276e-01	2.229430e-01	2.415055e-01	2.391463e-01	2.359221e-03	1.183935e-01	-5.007687e-03	-6.007854e-04	1.264036e-02	5.719397e-03	6.920968e-03
989           	4.360901e-01	2.132811e-01	2.228090e-01	2.410811e-01	2.387721e-01	2.308999e-03	1.182315e-01	-4.763967e-03	-2.912524e-04	1.166335e-02	5.540422e-03	6.122927e-03
990           	4.363444e-01	2.136965e-01	2.226478e-01	2.407595e-01	2.384837e-01	2.275779e-03	1.181040e-01	-4.475670e-03	1.081667e-04	1.049926e-02	5.357798e-03	5.141464e-03
991           	4.365275e-01	2.141021e-01	2.224254e-01	2.405642e-01	2.382763e-01	2.287930e-03	1.179942e-01	-4.161632e-03	5.781564e-04	9.205104e-03	5.180708e-03	4.024395e-03
992           	4.366055e-01	2.144589e-01	2.221466e-01	2.404736e-01	2.381326e-01	2.341002e-03	1.178958e-01	-3.843881e-03	1.083580e-03	7.871492e-03	5.019326e-03	2.852166e-03
993           	4.365228e-01	2.147091e-01	2.218137e-01	2.404821e-01	2.380454e-01	2.436642e-03	1.178044e-01	-3.552315e-03	1.590173e-03	6.608779e-03	4.894563e-03	1.714217e-03
994           	4.362866e-01	2.148339e-01	2.214526e-01	2.406372e-01	2.380667e-01	2.570559e-03	1.177481e-01	-3.309371e-03	2.042999e-03	5.566847e-03	4.826423e-03	7.404238e-04
995           	4.359842e-01	2.148531e-01	2.211311e-01	2.409690e-01	2.382515e-01	2.717547e-03	1.177670e-01	-3.138996e-03	2.396294e-03	4.846850e-03	4.819719e-03	2.713130e-05
996           	4.356972e-01	2.148021e-01	2.208951e-01	2.414844e-01	2.386322e-01	2.852210e-03	1.178900e-01	-3.046529e-03	2.622503e-03	4.511574e-03	4.878290e-03	-3.667154e-04
997           	4.354621e-01	2.146983e-01	2.207638e-01	2.421198e-01	2.391644e-01	2.955434e-03	1.181045e-01	-3.032734e-03	2.701107e-03	4.559263e-03	4.980738e-03	-4.214753e-04
998           	4.352846e-01	2.145486e-01	2.207360e-01	2.427944e-01	2.397759e-01	3.018515e-03	1.183787e-01	-3.093704e-03	2.616989e-03	4.970957e-03	5.102467e-03	-1.315107e-04
999           	4.351474e-01	2.143537e-01	2.207937e-01	2.434163e-01	2.403778e-01	3.038519e-03	1.186696e-01	-3.219999e-03	2.387438e-03	5.667181e-03	5.221028e-03	4.461522e-04
1000          	4.350158e-01	2.141139e-01	2.209019e-01	2.439226e-01	2.408980e-01	3.024586e-03	1.189367e-01	-3.394016e-03	2.034135e-03	6.582845e-03	5.325557e-03	1.257288e-03
