# Force and moment coefficients
# dragDir     : (1.000000e+00 0.000000e+00 0.000000e+00)
# sideDir     : (0.000000e+00 1.000000e+00 0.000000e+00)
# liftDir     : (0.000000e+00 0.000000e+00 1.000000e+00)
# rollAxis    : (1.000000e+00 0.000000e+00 0.000000e+00)
# pitchAxis   : (0.000000e+00 1.000000e+00 0.000000e+00)
# yawAxis     : (0.000000e+00 0.000000e+00 1.000000e+00)
# magUInf     : 1.667000e+01
# lRef        : 1.090700e+01
# Aref        : 7.851000e+00
# CofR        : (1.090700e+01 0.000000e+00 5.000000e-01)
#
# Time        	Cd            	Cd(f)         	Cd(r)         	Cl            	Cl(f)         	Cl(r)         	CmPitch       	CmRoll        	CmYaw         	Cs            	Cs(f)         	Cs(r)         
1             	9.190123e+00	4.594889e+00	4.595234e+00	-8.863689e-02	1.195309e+00	-1.283946e+00	1.239628e+00	-1.723631e-04	5.959097e-02	1.015607e-02	6.466901e-02	-5.451294e-02
2             	3.403379e+00	1.702843e+00	1.700536e+00	-4.243114e-01	6.021785e-02	-4.845292e-01	2.723735e-01	1.153803e-03	1.396307e-02	1.104776e-02	1.948695e-02	-8.439191e-03
3             	1.188275e+00	5.940411e-01	5.942344e-01	-3.249019e-01	-1.275189e-01	-1.973830e-01	3.493205e-02	-9.663025e-05	-1.380852e-03	8.791706e-03	3.015001e-03	5.776705e-03
4             	6.916316e-01	3.460320e-01	3.455996e-01	-2.282350e-01	-1.220531e-01	-1.061820e-01	-7.935537e-03	2.161617e-04	-2.245054e-03	1.286378e-03	-1.601865e-03	2.888243e-03
5             	6.682038e-01	3.354933e-01	3.327105e-01	-2.184231e-01	-1.254147e-01	-9.300837e-02	-1.620316e-02	1.391420e-03	2.974157e-03	-5.380234e-03	2.840399e-04	-5.664273e-03
6             	6.880393e-01	3.463534e-01	3.416859e-01	-2.178301e-01	-1.218778e-01	-9.595231e-02	-1.296273e-02	2.333775e-03	6.430112e-03	-1.085847e-02	1.000875e-03	-1.185935e-02
7             	7.300723e-01	3.679983e-01	3.620740e-01	-2.278778e-01	-1.222425e-01	-1.056353e-01	-8.303634e-03	2.962145e-03	8.853020e-03	-1.550946e-02	1.098291e-03	-1.660775e-02
8             	7.652063e-01	3.857574e-01	3.794489e-01	-2.346936e-01	-1.235560e-01	-1.111376e-01	-6.209184e-03	3.154261e-03	1.033543e-02	-1.826856e-02	1.201149e-03	-1.946971e-02
9             	7.850638e-01	3.956598e-01	3.894041e-01	-2.387982e-01	-1.295116e-01	-1.092866e-01	-1.011251e-02	3.127837e-03	1.127691e-02	-1.958593e-02	1.483945e-03	-2.106987e-02
10            	7.956983e-01	4.007334e-01	3.949649e-01	-2.429971e-01	-1.401845e-01	-1.028127e-01	-1.868589e-02	2.884229e-03	1.046113e-02	-1.903809e-02	9.420867e-04	-1.998018e-02
11            	7.919016e-01	3.985969e-01	3.933047e-01	-2.615676e-01	-1.658940e-01	-9.567357e-02	-3.511024e-02	2.646117e-03	7.813251e-03	-1.732334e-02	-8.484191e-04	-1.647492e-02
12            	7.774393e-01	3.914329e-01	3.860064e-01	-2.954752e-01	-2.038869e-01	-9.158832e-02	-5.614927e-02	2.713271e-03	5.249346e-03	-1.682487e-02	-3.163089e-03	-1.366178e-02
13            	7.584042e-01	3.823091e-01	3.760950e-01	-3.372504e-01	-2.470578e-01	-9.019257e-02	-7.843262e-02	3.107048e-03	4.034581e-03	-1.787032e-02	-4.900577e-03	-1.296974e-02
14            	7.382002e-01	3.725613e-01	3.656389e-01	-3.766701e-01	-2.867300e-01	-8.994012e-02	-9.839492e-02	3.461196e-03	3.150470e-03	-1.789667e-02	-5.797864e-03	-1.209880e-02
15            	7.176896e-01	3.621481e-01	3.555415e-01	-4.068018e-01	-3.166349e-01	-9.016692e-02	-1.132340e-01	3.303330e-03	6.513019e-04	-1.428327e-02	-6.490331e-03	-7.792935e-03
16            	6.970803e-01	3.513993e-01	3.456810e-01	-4.268123e-01	-3.365061e-01	-9.030619e-02	-1.231000e-01	2.859156e-03	-1.305145e-03	-9.053246e-03	-5.831768e-03	-3.221479e-03
17            	6.786651e-01	3.416916e-01	3.369735e-01	-4.397283e-01	-3.505066e-01	-8.922165e-02	-1.306425e-01	2.359020e-03	-2.695054e-03	-3.657492e-03	-4.523800e-03	8.663084e-04
18            	6.608405e-01	3.322343e-01	3.286062e-01	-4.492409e-01	-3.625916e-01	-8.664929e-02	-1.379711e-01	1.814053e-03	-4.478350e-03	2.273838e-03	-3.341431e-03	5.615269e-03
19            	6.421868e-01	3.222848e-01	3.199021e-01	-4.592151e-01	-3.769631e-01	-8.225205e-02	-1.473555e-01	1.191363e-03	-6.482289e-03	8.119238e-03	-2.422670e-03	1.054191e-02
20            	6.241047e-01	3.127226e-01	3.113822e-01	-4.701430e-01	-3.932217e-01	-7.692137e-02	-1.581501e-01	6.702034e-04	-8.028712e-03	1.319730e-02	-1.430061e-03	1.462736e-02
21            	6.075325e-01	3.042597e-01	3.032728e-01	-4.838574e-01	-4.122901e-01	-7.156740e-02	-1.703613e-01	4.934726e-04	-8.530156e-03	1.646315e-02	-2.985808e-04	1.676173e-02
22            	5.943625e-01	2.980643e-01	2.962982e-01	-5.017107e-01	-4.351228e-01	-6.658793e-02	-1.842674e-01	8.830754e-04	-7.103417e-03	1.668813e-02	1.240646e-03	1.544748e-02
23            	5.868038e-01	2.953544e-01	2.914494e-01	-5.196862e-01	-4.571527e-01	-6.253349e-02	-1.973096e-01	1.952522e-03	-3.200878e-03	1.295653e-02	3.277388e-03	9.679144e-03
24            	5.843489e-01	2.954673e-01	2.888816e-01	-5.326378e-01	-4.721645e-01	-6.047328e-02	-2.058456e-01	3.292822e-03	1.493734e-03	7.503592e-03	5.245530e-03	2.258061e-03
25            	5.853920e-01	2.972738e-01	2.881183e-01	-5.393019e-01	-4.795619e-01	-5.974003e-02	-2.099109e-01	4.577739e-03	5.603366e-03	2.146630e-03	6.676681e-03	-4.530051e-03
26            	5.877426e-01	2.994494e-01	2.882933e-01	-5.399680e-01	-4.807807e-01	-5.918731e-02	-2.107967e-01	5.578049e-03	8.466224e-03	-2.450363e-03	7.241043e-03	-9.691406e-03
27            	5.893479e-01	3.006831e-01	2.886648e-01	-5.338301e-01	-4.751681e-01	-5.866193e-02	-2.082531e-01	6.009165e-03	9.911890e-03	-5.844942e-03	6.989419e-03	-1.283436e-02
28            	5.896116e-01	3.006500e-01	2.889616e-01	-5.226424e-01	-4.648636e-01	-5.777876e-02	-2.035424e-01	5.844176e-03	9.989904e-03	-7.783876e-03	6.097966e-03	-1.388184e-02
29            	5.891689e-01	2.997523e-01	2.894166e-01	-5.071950e-01	-4.506415e-01	-5.655356e-02	-1.970440e-01	5.167864e-03	8.861744e-03	-8.326033e-03	4.698728e-03	-1.302476e-02
30            	5.880978e-01	2.981256e-01	2.899722e-01	-4.864725e-01	-4.320307e-01	-5.444174e-02	-1.887945e-01	4.076716e-03	6.467355e-03	-8.089592e-03	2.422559e-03	-1.051215e-02
31            	5.875078e-01	2.970229e-01	2.904849e-01	-4.612194e-01	-4.070973e-01	-5.412216e-02	-1.764876e-01	3.269001e-03	5.414151e-03	-9.178572e-03	8.248647e-04	-1.000344e-02
32            	5.865764e-01	2.966081e-01	2.899683e-01	-4.173048e-01	-3.614913e-01	-5.581347e-02	-1.528389e-01	3.319878e-03	8.740083e-03	-1.714746e-02	1.663533e-04	-1.731381e-02
33            	5.861722e-01	2.964696e-01	2.897026e-01	-3.782587e-01	-3.197049e-01	-5.855384e-02	-1.305755e-01	3.383506e-03	1.343783e-02	-2.262104e-02	2.127305e-03	-2.474835e-02
34            	5.850235e-01	2.958435e-01	2.891800e-01	-3.405792e-01	-2.790946e-01	-6.148466e-02	-1.088049e-01	3.331771e-03	1.825261e-02	-2.630367e-02	5.100773e-03	-3.140445e-02
35            	5.828964e-01	2.945450e-01	2.883514e-01	-3.068937e-01	-2.426004e-01	-6.429323e-02	-8.915360e-02	3.096808e-03	2.223635e-02	-2.772243e-02	8.375135e-03	-3.609756e-02
36            	5.790545e-01	2.923207e-01	2.867338e-01	-2.788775e-01	-2.121188e-01	-6.675865e-02	-7.268008e-02	2.793428e-03	2.446440e-02	-2.653348e-02	1.119765e-02	-3.773114e-02
37            	5.743256e-01	2.896600e-01	2.846656e-01	-2.577301e-01	-1.887859e-01	-6.894416e-02	-5.992087e-02	2.497220e-03	2.367598e-02	-2.159281e-02	1.287958e-02	-3.447238e-02
38            	5.693487e-01	2.869471e-01	2.824016e-01	-2.435499e-01	-1.727485e-01	-7.080144e-02	-5.097352e-02	2.272780e-03	2.101556e-02	-1.357019e-02	1.423046e-02	-2.780065e-02
39            	5.636360e-01	2.837907e-01	2.798453e-01	-2.403463e-01	-1.686154e-01	-7.173090e-02	-4.844224e-02	1.972702e-03	1.628897e-02	-2.858214e-03	1.485986e-02	-1.771808e-02
40            	5.581378e-01	2.806192e-01	2.775186e-01	-2.385860e-01	-1.645445e-01	-7.404143e-02	-4.525155e-02	1.550285e-03	1.088866e-02	9.407406e-03	1.559237e-02	-6.184960e-03
41            	5.515395e-01	2.768791e-01	2.746604e-01	-2.490838e-01	-1.745436e-01	-7.454022e-02	-5.000170e-02	1.109373e-03	4.643027e-03	1.981561e-02	1.455083e-02	5.264780e-03
42            	5.448526e-01	2.736809e-01	2.711717e-01	-2.679061e-01	-1.924540e-01	-7.545207e-02	-5.850096e-02	1.254636e-03	1.346434e-03	2.438825e-02	1.354056e-02	1.084769e-02
43            	5.375409e-01	2.706077e-01	2.669331e-01	-2.843471e-01	-2.094387e-01	-7.490840e-02	-6.726516e-02	1.837307e-03	1.046318e-04	2.272838e-02	1.146882e-02	1.125956e-02
44            	5.306822e-01	2.683725e-01	2.623097e-01	-3.076858e-01	-2.335462e-01	-7.413960e-02	-7.970333e-02	3.031374e-03	5.764567e-04	1.578649e-02	8.469701e-03	7.316787e-03
45            	5.251094e-01	2.669672e-01	2.581422e-01	-3.225008e-01	-2.497564e-01	-7.274436e-02	-8.850602e-02	4.412464e-03	2.225944e-03	7.373569e-03	5.912729e-03	1.460841e-03
46            	5.212044e-01	2.663333e-01	2.548711e-01	-3.386942e-01	-2.687976e-01	-6.989663e-02	-9.945046e-02	5.731075e-03	3.439717e-03	-4.804220e-04	3.199506e-03	-3.679928e-03
47            	5.199957e-01	2.670836e-01	2.529121e-01	-3.452280e-01	-2.782772e-01	-6.695085e-02	-1.056632e-01	7.085771e-03	7.060721e-03	-9.363151e-03	2.379145e-03	-1.174230e-02
48            	5.201137e-01	2.680703e-01	2.520435e-01	-3.455130e-01	-2.816646e-01	-6.384834e-02	-1.089081e-01	8.013402e-03	1.050677e-02	-1.682461e-02	2.094465e-03	-1.891907e-02
49            	5.207174e-01	2.685718e-01	2.521456e-01	-3.423063e-01	-2.818495e-01	-6.045681e-02	-1.106963e-01	8.213085e-03	1.273903e-02	-2.204987e-02	1.714091e-03	-2.376396e-02
50            	5.214528e-01	2.682376e-01	2.532153e-01	-3.386865e-01	-2.824096e-01	-5.627685e-02	-1.130664e-01	7.511146e-03	1.258800e-02	-2.322256e-02	9.767165e-04	-2.419928e-02
51            	5.218904e-01	2.670859e-01	2.548045e-01	-3.375940e-01	-2.867275e-01	-5.086652e-02	-1.179305e-01	6.140667e-03	1.011586e-02	-2.042566e-02	-9.696707e-05	-2.032869e-02
52            	5.216095e-01	2.653722e-01	2.562374e-01	-3.384433e-01	-2.928674e-01	-4.557585e-02	-1.236458e-01	4.567392e-03	6.810330e-03	-1.583406e-02	-1.106699e-03	-1.472736e-02
53            	5.202987e-01	2.630754e-01	2.572233e-01	-3.474218e-01	-3.103960e-01	-3.702579e-02	-1.366851e-01	2.926063e-03	3.320165e-03	-1.159682e-02	-2.478244e-03	-9.118574e-03
54            	5.191425e-01	2.611590e-01	2.579835e-01	-3.487568e-01	-3.160596e-01	-3.269721e-02	-1.416812e-01	1.587780e-03	1.450928e-03	-7.591585e-03	-2.344865e-03	-5.246721e-03
55            	5.176130e-01	2.595247e-01	2.580882e-01	-3.523995e-01	-3.248116e-01	-2.758790e-02	-1.486118e-01	7.182403e-04	1.037199e-03	-6.015698e-03	-1.970650e-03	-4.045048e-03
56            	5.160447e-01	2.582416e-01	2.578031e-01	-3.515118e-01	-3.269137e-01	-2.459810e-02	-1.511578e-01	2.192810e-04	1.563490e-03	-6.103099e-03	-1.488060e-03	-4.615039e-03
57            	5.145896e-01	2.572585e-01	2.573311e-01	-3.442297e-01	-3.195459e-01	-2.468388e-02	-1.474310e-01	-3.631431e-05	2.256727e-03	-7.269175e-03	-1.377860e-03	-5.891315e-03
58            	5.130891e-01	2.563974e-01	2.566917e-01	-3.328381e-01	-3.057566e-01	-2.708148e-02	-1.393376e-01	-1.471457e-04	2.659530e-03	-8.753936e-03	-1.717438e-03	-7.036498e-03
59            	5.118850e-01	2.558061e-01	2.560788e-01	-3.169722e-01	-2.843942e-01	-3.257807e-02	-1.259081e-01	-1.363416e-04	3.011189e-03	-1.032863e-02	-2.153127e-03	-8.175506e-03
60            	5.116048e-01	2.559347e-01	2.556700e-01	-2.949097e-01	-2.532450e-01	-4.166468e-02	-1.057902e-01	1.323500e-04	4.222472e-03	-1.245795e-02	-2.006501e-03	-1.045145e-02
61            	5.114320e-01	2.561114e-01	2.553207e-01	-2.820632e-01	-2.333137e-01	-4.874944e-02	-9.228214e-02	3.953616e-04	4.588581e-03	-1.304728e-02	-1.935057e-03	-1.111222e-02
62            	5.108792e-01	2.563590e-01	2.545202e-01	-2.642454e-01	-2.061332e-01	-5.811229e-02	-7.401044e-02	9.193819e-04	7.800159e-03	-1.450562e-02	5.473498e-04	-1.505297e-02
63            	5.085912e-01	2.554509e-01	2.531403e-01	-2.571826e-01	-1.933621e-01	-6.382047e-02	-6.477081e-02	1.155286e-03	9.573790e-03	-1.348227e-02	2.832657e-03	-1.631492e-02
64            	5.055463e-01	2.540148e-01	2.515315e-01	-2.520417e-01	-1.837118e-01	-6.832990e-02	-5.769097e-02	1.241665e-03	1.110297e-02	-1.151535e-02	5.345293e-03	-1.686064e-02
65            	5.023688e-01	2.524271e-01	2.499417e-01	-2.465566e-01	-1.745163e-01	-7.204033e-02	-5.123797e-02	1.242679e-03	1.219370e-02	-9.464716e-03	7.461347e-03	-1.692606e-02
66            	4.997453e-01	2.511426e-01	2.486027e-01	-2.408544e-01	-1.658418e-01	-7.501263e-02	-4.541457e-02	1.269968e-03	1.300255e-02	-8.064851e-03	8.970128e-03	-1.703498e-02
67            	4.984656e-01	2.509233e-01	2.475423e-01	-2.419450e-01	-1.662411e-01	-7.570391e-02	-4.526859e-02	1.690465e-03	1.443739e-02	-8.992061e-03	9.941357e-03	-1.893342e-02
68            	4.991114e-01	2.514848e-01	2.476266e-01	-2.415111e-01	-1.648162e-01	-7.669492e-02	-4.406065e-02	1.929105e-03	1.354690e-02	-7.103145e-03	9.995328e-03	-1.709847e-02
69            	5.017089e-01	2.536089e-01	2.481000e-01	-2.491856e-01	-1.733595e-01	-7.582607e-02	-4.876673e-02	2.754450e-03	1.427181e-02	-8.519153e-03	1.001224e-02	-1.853139e-02
70            	5.054953e-01	2.559874e-01	2.495079e-01	-2.602118e-01	-1.856294e-01	-7.458238e-02	-5.552350e-02	3.239720e-03	1.281055e-02	-7.684816e-03	8.968142e-03	-1.665296e-02
71            	5.100091e-01	2.587204e-01	2.512887e-01	-2.712196e-01	-1.981682e-01	-7.305139e-02	-6.255843e-02	3.715864e-03	1.208953e-02	-8.512446e-03	7.833303e-03	-1.634575e-02
72            	5.143255e-01	2.610959e-01	2.532296e-01	-2.821549e-01	-2.109086e-01	-7.124631e-02	-6.983115e-02	3.933148e-03	1.056862e-02	-8.843716e-03	6.146762e-03	-1.499048e-02
73            	5.182630e-01	2.630127e-01	2.552503e-01	-2.918984e-01	-2.227405e-01	-6.915783e-02	-7.679135e-02	3.881183e-03	8.135755e-03	-8.685991e-03	3.792759e-03	-1.247875e-02
74            	5.215829e-01	2.643919e-01	2.571909e-01	-2.988331e-01	-2.319450e-01	-6.688805e-02	-8.252850e-02	3.600521e-03	5.161820e-03	-8.928209e-03	6.977151e-04	-9.625925e-03
75            	5.239550e-01	2.650803e-01	2.588747e-01	-3.021817e-01	-2.380041e-01	-6.417765e-02	-8.691320e-02	3.102809e-03	2.020559e-03	-9.859272e-03	-2.909077e-03	-6.950195e-03
76            	5.251999e-01	2.650650e-01	2.601349e-01	-3.021780e-01	-2.414744e-01	-6.070364e-02	-9.038537e-02	2.465077e-03	-7.961669e-04	-1.168052e-02	-6.636424e-03	-5.044091e-03
77            	5.253973e-01	2.646072e-01	2.607902e-01	-2.995643e-01	-2.431103e-01	-5.645393e-02	-9.332820e-02	1.908512e-03	-2.618036e-03	-1.518482e-02	-1.021044e-02	-4.974373e-03
78            	5.250563e-01	2.641960e-01	2.608603e-01	-2.948442e-01	-2.429046e-01	-5.193958e-02	-9.548253e-02	1.667845e-03	-2.649738e-03	-2.110135e-02	-1.320041e-02	-7.900936e-03
79            	5.248489e-01	2.642157e-01	2.606332e-01	-2.896739e-01	-2.422243e-01	-4.744969e-02	-9.738728e-02	1.791270e-03	-7.992868e-04	-2.891232e-02	-1.525545e-02	-1.365687e-02
80            	5.248215e-01	2.645961e-01	2.602254e-01	-2.867129e-01	-2.434296e-01	-4.328328e-02	-1.000731e-01	2.185379e-03	2.205446e-03	-3.723121e-02	-1.641016e-02	-2.082105e-02
81            	5.246915e-01	2.648867e-01	2.598048e-01	-2.875821e-01	-2.475211e-01	-4.006094e-02	-1.037301e-01	2.540956e-03	5.148041e-03	-4.391875e-02	-1.681134e-02	-2.710742e-02
82            	5.241603e-01	2.647634e-01	2.593970e-01	-2.926842e-01	-2.548502e-01	-3.783405e-02	-1.085081e-01	2.683205e-03	8.340507e-03	-4.757459e-02	-1.544679e-02	-3.212780e-02
83            	5.232642e-01	2.641106e-01	2.591537e-01	-3.010336e-01	-2.644107e-01	-3.662293e-02	-1.138939e-01	2.478437e-03	1.133239e-02	-4.736305e-02	-1.234913e-02	-3.501391e-02
84            	5.218979e-01	2.628716e-01	2.590262e-01	-3.111249e-01	-2.745317e-01	-3.659311e-02	-1.189693e-01	1.922695e-03	1.342460e-02	-4.295444e-02	-8.052616e-03	-3.490182e-02
85            	5.201212e-01	2.612432e-01	2.588780e-01	-3.201712e-01	-2.823133e-01	-3.785784e-02	-1.222277e-01	1.182582e-03	1.435255e-02	-3.565726e-02	-3.476085e-03	-3.218118e-02
86            	5.178831e-01	2.594334e-01	2.584497e-01	-3.266314e-01	-2.866250e-01	-4.000639e-02	-1.233093e-01	4.918535e-04	1.505774e-02	-2.767188e-02	1.221799e-03	-2.889368e-02
87            	5.150929e-01	2.575970e-01	2.574959e-01	-3.295405e-01	-2.866407e-01	-4.289987e-02	-1.218704e-01	5.055286e-05	1.566375e-02	-2.065244e-02	5.337527e-03	-2.598997e-02
88            	5.122845e-01	2.561734e-01	2.561111e-01	-3.265657e-01	-2.802347e-01	-4.633100e-02	-1.169519e-01	3.112256e-05	1.661217e-02	-1.683004e-02	8.197147e-03	-2.502718e-02
89            	5.094155e-01	2.550384e-01	2.543771e-01	-3.221202e-01	-2.729954e-01	-4.912482e-02	-1.119353e-01	3.306773e-04	1.869438e-02	-1.489492e-02	1.124692e-02	-2.614184e-02
90            	5.078892e-01	2.546933e-01	2.531960e-01	-3.152347e-01	-2.641574e-01	-5.107728e-02	-1.065401e-01	7.486515e-04	2.012510e-02	-1.492762e-02	1.266129e-02	-2.758891e-02
91            	5.078738e-01	2.551320e-01	2.527418e-01	-2.941568e-01	-2.388786e-01	-5.527813e-02	-9.180025e-02	1.195104e-03	2.130401e-02	-1.582630e-02	1.339086e-02	-2.921716e-02
92            	5.091556e-01	2.562973e-01	2.528583e-01	-2.768658e-01	-2.185319e-01	-5.833388e-02	-8.009903e-02	1.719473e-03	2.257592e-02	-1.820784e-02	1.347200e-02	-3.167984e-02
93            	5.113308e-01	2.578330e-01	2.534978e-01	-2.590066e-01	-1.981354e-01	-6.087116e-02	-6.863212e-02	2.167641e-03	2.324413e-02	-2.035151e-02	1.306837e-02	-3.341988e-02
94            	5.141789e-01	2.595275e-01	2.546514e-01	-2.439839e-01	-1.816510e-01	-6.233288e-02	-5.965906e-02	2.438064e-03	2.280641e-02	-2.144849e-02	1.208217e-02	-3.353066e-02
95            	5.170186e-01	2.610379e-01	2.559808e-01	-2.341631e-01	-1.718151e-01	-6.234795e-02	-5.473358e-02	2.528558e-03	2.120944e-02	-2.128213e-02	1.056837e-02	-3.185050e-02
96            	5.194024e-01	2.621784e-01	2.572240e-01	-2.300549e-01	-1.693876e-01	-6.066732e-02	-5.436013e-02	2.477201e-03	1.866323e-02	-1.988164e-02	8.722407e-03	-2.860405e-02
97            	5.211283e-01	2.628869e-01	2.582414e-01	-2.291217e-01	-1.714805e-01	-5.764115e-02	-5.691970e-02	2.322751e-03	1.558219e-02	-1.753916e-02	6.812608e-03	-2.435176e-02
98            	5.221721e-01	2.631859e-01	2.589862e-01	-2.299978e-01	-1.763241e-01	-5.367368e-02	-6.132524e-02	2.099834e-03	1.235797e-02	-1.482803e-02	4.943959e-03	-1.977199e-02
99            	5.226932e-01	2.632334e-01	2.594598e-01	-2.318799e-01	-1.826223e-01	-4.925763e-02	-6.668233e-02	1.886814e-03	9.614460e-03	-1.279258e-02	3.218168e-03	-1.601075e-02
100           	5.229864e-01	2.632209e-01	2.597654e-01	-2.352632e-01	-1.906784e-01	-4.458473e-02	-7.304685e-02	1.727759e-03	7.722986e-03	-1.202967e-02	1.708153e-03	-1.373782e-02
101           	5.233781e-01	2.632948e-01	2.600834e-01	-2.408106e-01	-2.009204e-01	-3.989012e-02	-8.051516e-02	1.605695e-03	6.768553e-03	-1.237349e-02	5.818090e-04	-1.295530e-02
102           	5.242719e-01	2.636960e-01	2.605759e-01	-2.477694e-01	-2.119194e-01	-3.585008e-02	-8.803463e-02	1.560077e-03	6.849157e-03	-1.373209e-02	-1.688683e-05	-1.371520e-02
103           	5.256567e-01	2.643760e-01	2.612807e-01	-2.555836e-01	-2.227611e-01	-3.282248e-02	-9.496932e-02	1.547644e-03	7.734474e-03	-1.561107e-02	-7.105882e-05	-1.554001e-02
104           	5.272799e-01	2.651270e-01	2.621528e-01	-2.642985e-01	-2.336269e-01	-3.067151e-02	-1.014777e-01	1.487098e-03	8.901607e-03	-1.696582e-02	4.186970e-04	-1.738452e-02
105           	5.287590e-01	2.657736e-01	2.629854e-01	-2.737504e-01	-2.446469e-01	-2.910349e-02	-1.077717e-01	1.394073e-03	1.023666e-02	-1.744647e-02	1.513428e-03	-1.895990e-02
106           	5.297282e-01	2.661853e-01	2.635428e-01	-2.836099e-01	-2.558583e-01	-2.775161e-02	-1.140533e-01	1.321236e-03	1.197148e-02	-1.731106e-02	3.315950e-03	-2.062701e-02
107           	5.296966e-01	2.661126e-01	2.635840e-01	-2.932923e-01	-2.670281e-01	-2.626419e-02	-1.203819e-01	1.264270e-03	1.409264e-02	-1.656435e-02	5.810470e-03	-2.237482e-02
108           	5.287614e-01	2.657180e-01	2.630434e-01	-3.023719e-01	-2.777657e-01	-2.460617e-02	-1.265798e-01	1.337315e-03	1.602506e-02	-1.559121e-02	8.229452e-03	-2.382066e-02
109           	5.270264e-01	2.650058e-01	2.620206e-01	-3.108555e-01	-2.879861e-01	-2.286946e-02	-1.325583e-01	1.492607e-03	1.736747e-02	-1.434976e-02	1.019259e-02	-2.454234e-02
110           	5.250935e-01	2.643984e-01	2.606950e-01	-3.189271e-01	-2.976542e-01	-2.127289e-02	-1.381907e-01	1.851706e-03	1.825940e-02	-1.409589e-02	1.121145e-02	-2.530735e-02
111           	5.233703e-01	2.641019e-01	2.592684e-01	-3.266231e-01	-3.064775e-01	-2.014554e-02	-1.431660e-01	2.416745e-03	1.917562e-02	-1.512981e-02	1.161072e-02	-2.674053e-02
112           	5.221238e-01	2.641683e-01	2.579555e-01	-3.315474e-01	-3.112978e-01	-2.024962e-02	-1.455241e-01	3.106394e-03	1.993758e-02	-1.717940e-02	1.134788e-02	-2.852728e-02
113           	5.209836e-01	2.645338e-01	2.564499e-01	-3.384623e-01	-3.178937e-01	-2.056867e-02	-1.486625e-01	4.041931e-03	2.094141e-02	-2.037642e-02	1.075321e-02	-3.112962e-02
114           	5.199416e-01	2.649309e-01	2.550107e-01	-3.454930e-01	-3.239112e-01	-2.158184e-02	-1.511647e-01	4.960093e-03	2.187211e-02	-2.361782e-02	1.006320e-02	-3.368102e-02
115           	5.187445e-01	2.651479e-01	2.535966e-01	-3.548894e-01	-3.321281e-01	-2.276127e-02	-1.546834e-01	5.775641e-03	2.271874e-02	-2.692935e-02	9.254068e-03	-3.618342e-02
116           	5.173634e-01	2.648053e-01	2.525581e-01	-3.531672e-01	-3.276563e-01	-2.551092e-02	-1.510727e-01	6.123560e-03	2.289959e-02	-2.813718e-02	8.830999e-03	-3.696817e-02
117           	5.159565e-01	2.642603e-01	2.516962e-01	-3.526760e-01	-3.238668e-01	-2.880918e-02	-1.475288e-01	6.282083e-03	2.270865e-02	-2.942681e-02	7.995243e-03	-3.742205e-02
118           	5.148578e-01	2.634376e-01	2.514203e-01	-3.481714e-01	-3.158977e-01	-3.227370e-02	-1.418120e-01	6.008651e-03	2.138643e-02	-2.831473e-02	7.229069e-03	-3.554380e-02
119           	5.144228e-01	2.627244e-01	2.516985e-01	-3.382925e-01	-3.015291e-01	-3.676340e-02	-1.323829e-01	5.512937e-03	1.926136e-02	-2.606283e-02	6.229942e-03	-3.229277e-02
120           	5.143048e-01	2.619920e-01	2.523128e-01	-3.262042e-01	-2.855206e-01	-4.068354e-02	-1.224185e-01	4.839600e-03	1.672946e-02	-2.302470e-02	5.217109e-03	-2.824181e-02
121           	5.142309e-01	2.612662e-01	2.529648e-01	-3.137096e-01	-2.697357e-01	-4.397389e-02	-1.128809e-01	4.150700e-03	1.450206e-02	-2.043648e-02	4.283819e-03	-2.472030e-02
122           	5.140017e-01	2.605259e-01	2.534758e-01	-3.009140e-01	-2.541399e-01	-4.677403e-02	-1.036829e-01	3.525094e-03	1.328833e-02	-1.920830e-02	3.684180e-03	-2.289248e-02
123           	5.137700e-01	2.599025e-01	2.538675e-01	-2.882349e-01	-2.391789e-01	-4.905605e-02	-9.506141e-02	3.017528e-03	1.321467e-02	-1.964938e-02	3.389977e-03	-2.303936e-02
124           	5.139859e-01	2.596549e-01	2.543309e-01	-2.786725e-01	-2.284297e-01	-5.024281e-02	-8.909343e-02	2.662000e-03	1.390815e-02	-2.123602e-02	3.290140e-03	-2.452615e-02
125           	5.149907e-01	2.600218e-01	2.549689e-01	-2.632136e-01	-2.108369e-01	-5.237669e-02	-7.923013e-02	2.526465e-03	1.613373e-02	-2.520266e-02	3.532398e-03	-2.873505e-02
126           	5.165360e-01	2.607275e-01	2.558085e-01	-2.545582e-01	-2.014507e-01	-5.310747e-02	-7.417162e-02	2.459485e-03	1.774299e-02	-2.797489e-02	3.755545e-03	-3.173043e-02
127           	5.184901e-01	2.617643e-01	2.567259e-01	-2.481169e-01	-1.945928e-01	-5.352416e-02	-7.053430e-02	2.519215e-03	1.940050e-02	-3.061225e-02	4.094372e-03	-3.470662e-02
128           	5.206224e-01	2.630159e-01	2.576065e-01	-2.447776e-01	-1.912248e-01	-5.355281e-02	-6.883601e-02	2.704731e-03	2.126377e-02	-3.290419e-02	4.811670e-03	-3.771586e-02
129           	5.227168e-01	2.644011e-01	2.583156e-01	-2.450258e-01	-1.919357e-01	-5.309014e-02	-6.942276e-02	3.042732e-03	2.340848e-02	-3.493773e-02	5.939614e-03	-4.087734e-02
130           	5.247362e-01	2.658714e-01	2.588648e-01	-2.486891e-01	-1.967363e-01	-5.195274e-02	-7.239180e-02	3.503331e-03	2.565810e-02	-3.651219e-02	7.402007e-03	-4.391420e-02
131           	5.267094e-01	2.673559e-01	2.593536e-01	-2.549857e-01	-2.049531e-01	-5.003259e-02	-7.746024e-02	4.001146e-03	2.759183e-02	-3.722127e-02	8.981201e-03	-4.620247e-02
132           	5.285318e-01	2.687146e-01	2.598172e-01	-2.630258e-01	-2.157626e-01	-4.726315e-02	-8.424973e-02	4.448671e-03	2.872153e-02	-3.697482e-02	1.023412e-02	-4.720894e-02
133           	5.300556e-01	2.698263e-01	2.602293e-01	-2.721959e-01	-2.285355e-01	-4.366039e-02	-9.243754e-02	4.798484e-03	2.883307e-02	-3.592282e-02	1.087166e-02	-4.679448e-02
134           	5.310834e-01	2.706062e-01	2.604772e-01	-2.817531e-01	-2.423952e-01	-3.935793e-02	-1.015186e-01	5.064496e-03	2.832517e-02	-3.481418e-02	1.091808e-02	-4.573226e-02
135           	5.315348e-01	2.709938e-01	2.605410e-01	-2.905316e-01	-2.556294e-01	-3.490218e-02	-1.103636e-01	5.226410e-03	2.732501e-02	-3.396865e-02	1.034068e-02	-4.430933e-02
136           	5.313487e-01	2.709334e-01	2.604153e-01	-2.983688e-01	-2.676059e-01	-3.076293e-02	-1.184215e-01	5.259039e-03	2.580298e-02	-3.329683e-02	9.154563e-03	-4.245139e-02
137           	5.305723e-01	2.704492e-01	2.601231e-01	-3.055196e-01	-2.781891e-01	-2.733043e-02	-1.254294e-01	5.163068e-03	2.382361e-02	-3.271798e-02	7.464623e-03	-4.018260e-02
138           	5.294311e-01	2.696565e-01	2.597746e-01	-3.123252e-01	-2.874912e-01	-2.483406e-02	-1.313285e-01	4.940920e-03	2.149271e-02	-3.217298e-02	5.406218e-03	-3.757919e-02
139           	5.282240e-01	2.686981e-01	2.595260e-01	-3.194414e-01	-2.960078e-01	-2.343360e-02	-1.362871e-01	4.586052e-03	1.893627e-02	-3.154143e-02	3.165549e-03	-3.470698e-02
140           	5.271598e-01	2.677421e-01	2.594177e-01	-3.262379e-01	-3.029346e-01	-2.330330e-02	-1.398157e-01	4.162174e-03	1.649016e-02	-3.095277e-02	1.013779e-03	-3.196655e-02
141           	5.262549e-01	2.668856e-01	2.593692e-01	-3.329217e-01	-3.083232e-01	-2.459849e-02	-1.418623e-01	3.758191e-03	1.442664e-02	-3.052203e-02	-8.343791e-04	-2.968765e-02
142           	5.252530e-01	2.660556e-01	2.591974e-01	-3.391592e-01	-3.120541e-01	-2.710513e-02	-1.424745e-01	3.429086e-03	1.291872e-02	-3.029516e-02	-2.228856e-03	-2.806631e-02
143           	5.242287e-01	2.653193e-01	2.589094e-01	-3.438375e-01	-3.136307e-01	-3.020678e-02	-1.417120e-01	3.204925e-03	1.176483e-02	-3.001128e-02	-3.240813e-03	-2.677047e-02
144           	5.232105e-01	2.647285e-01	2.584820e-01	-3.459004e-01	-3.121083e-01	-3.379210e-02	-1.391581e-01	3.123249e-03	1.099036e-02	-2.973430e-02	-3.876795e-03	-2.585751e-02
145           	5.219424e-01	2.641780e-01	2.577645e-01	-3.453091e-01	-3.075989e-01	-3.771021e-02	-1.349444e-01	3.206753e-03	1.065746e-02	-2.956476e-02	-4.124917e-03	-2.543984e-02
146           	5.205580e-01	2.637333e-01	2.568247e-01	-3.409621e-01	-2.995086e-01	-4.145352e-02	-1.290275e-01	3.454318e-03	1.079186e-02	-2.958021e-02	-3.998248e-03	-2.558196e-02
147           	5.193650e-01	2.634755e-01	2.558895e-01	-3.331574e-01	-2.879537e-01	-4.520365e-02	-1.213750e-01	3.793008e-03	1.124244e-02	-2.943372e-02	-3.474418e-03	-2.595930e-02
148           	5.187300e-01	2.634733e-01	2.552566e-01	-3.227253e-01	-2.738876e-01	-4.883768e-02	-1.125250e-01	4.108361e-03	1.162932e-02	-2.860124e-02	-2.671295e-03	-2.592995e-02
149           	5.190703e-01	2.638854e-01	2.551849e-01	-3.113104e-01	-2.592271e-01	-5.208331e-02	-1.035719e-01	4.350272e-03	1.178281e-02	-2.679946e-02	-1.616913e-03	-2.518254e-02
150           	5.205545e-01	2.648197e-01	2.557347e-01	-2.996825e-01	-2.449377e-01	-5.474482e-02	-9.509645e-02	4.542494e-03	1.211311e-02	-2.446542e-02	-1.196034e-04	-2.434582e-02
151           	5.231321e-01	2.662474e-01	2.568847e-01	-2.883507e-01	-2.314835e-01	-5.686720e-02	-8.730813e-02	4.681356e-03	1.292839e-02	-2.202108e-02	1.917853e-03	-2.393893e-02
152           	5.265563e-01	2.680259e-01	2.585304e-01	-2.775697e-01	-2.192464e-01	-5.832330e-02	-8.046155e-02	4.747754e-03	1.408440e-02	-1.962351e-02	4.272648e-03	-2.389615e-02
153           	5.302270e-01	2.698659e-01	2.603611e-01	-2.681243e-01	-2.092225e-01	-5.890183e-02	-7.516033e-02	4.752412e-03	1.556663e-02	-1.758627e-02	6.773491e-03	-2.435977e-02
154           	5.336405e-01	2.715882e-01	2.620523e-01	-2.611488e-01	-2.026996e-01	-5.844918e-02	-7.212523e-02	4.767953e-03	1.745769e-02	-1.650002e-02	9.207677e-03	-2.570770e-02
155           	5.365607e-01	2.730970e-01	2.634637e-01	-2.572142e-01	-2.001598e-01	-5.705443e-02	-7.155268e-02	4.816672e-03	1.971046e-02	-1.658233e-02	1.141930e-02	-2.800163e-02
156           	5.388860e-01	2.742734e-01	2.646126e-01	-2.559307e-01	-2.009125e-01	-5.501819e-02	-7.294717e-02	4.830403e-03	2.177688e-02	-1.712298e-02	1.321539e-02	-3.033837e-02
157           	5.405631e-01	2.750202e-01	2.655429e-01	-2.565001e-01	-2.038225e-01	-5.267765e-02	-7.557242e-02	4.738627e-03	2.306281e-02	-1.736110e-02	1.438226e-02	-3.174336e-02
158           	5.413674e-01	2.752675e-01	2.660999e-01	-2.582636e-01	-2.080801e-01	-5.018357e-02	-7.894825e-02	4.583793e-03	2.334987e-02	-1.701662e-02	1.484156e-02	-3.185818e-02
159           	5.411600e-01	2.749532e-01	2.662068e-01	-2.607873e-01	-2.132681e-01	-4.751921e-02	-8.287445e-02	4.373186e-03	2.263325e-02	-1.602338e-02	1.462156e-02	-3.064494e-02
160           	5.400127e-01	2.740665e-01	2.659462e-01	-2.636897e-01	-2.190166e-01	-4.467304e-02	-8.717179e-02	4.060127e-03	2.065787e-02	-1.413578e-02	1.358998e-02	-2.772576e-02
161           	5.381935e-01	2.727635e-01	2.654300e-01	-2.671272e-01	-2.254833e-01	-4.164392e-02	-9.191970e-02	3.666784e-03	1.764200e-02	-1.146524e-02	1.190938e-02	-2.337462e-02
162           	5.359869e-01	2.712273e-01	2.647596e-01	-2.717869e-01	-2.333726e-01	-3.841439e-02	-9.747909e-02	3.233825e-03	1.399640e-02	-8.313512e-03	9.839642e-03	-1.815315e-02
163           	5.337043e-01	2.696658e-01	2.640384e-01	-2.777922e-01	-2.424992e-01	-3.529302e-02	-1.036031e-01	2.813687e-03	1.013365e-02	-5.158601e-03	7.554354e-03	-1.271295e-02
164           	5.316443e-01	2.682936e-01	2.633506e-01	-2.850745e-01	-2.524081e-01	-3.266638e-02	-1.098709e-01	2.471498e-03	6.480077e-03	-2.640102e-03	5.160026e-03	-7.800128e-03
165           	5.299416e-01	2.672408e-01	2.627008e-01	-2.933659e-01	-2.625541e-01	-3.081186e-02	-1.158711e-01	2.270008e-03	3.656497e-03	-1.649306e-03	2.831844e-03	-4.481149e-03
166           	5.287284e-01	2.665949e-01	2.621335e-01	-3.024014e-01	-2.725277e-01	-2.987364e-02	-1.213270e-01	2.230718e-03	2.066210e-03	-2.534359e-03	7.990309e-04	-3.333390e-03
167           	5.279264e-01	2.662933e-01	2.616331e-01	-3.118945e-01	-2.822042e-01	-2.969036e-02	-1.262569e-01	2.330066e-03	1.781440e-03	-5.171056e-03	-8.040878e-04	-4.366969e-03
168           	5.271448e-01	2.661105e-01	2.610343e-01	-3.205983e-01	-2.903652e-01	-3.023311e-02	-1.300661e-01	2.538116e-03	2.657611e-03	-9.247438e-03	-1.966108e-03	-7.281330e-03
169           	5.260388e-01	2.658787e-01	2.601601e-01	-3.271626e-01	-2.957625e-01	-3.140003e-02	-1.321812e-01	2.859343e-03	4.508406e-03	-1.457063e-02	-2.776911e-03	-1.179372e-02
170           	5.245647e-01	2.655702e-01	2.589944e-01	-3.306917e-01	-2.974699e-01	-3.322186e-02	-1.321240e-01	3.287922e-03	7.040255e-03	-2.061295e-02	-3.266222e-03	-1.734673e-02
171           	5.232078e-01	2.653354e-01	2.578724e-01	-3.316289e-01	-2.960379e-01	-3.559094e-02	-1.302235e-01	3.731496e-03	9.667404e-03	-2.631353e-02	-3.489359e-03	-2.282417e-02
172           	5.222940e-01	2.653424e-01	2.569516e-01	-3.294836e-01	-2.913130e-01	-3.817059e-02	-1.265712e-01	4.195404e-03	1.236536e-02	-3.126855e-02	-3.268913e-03	-2.799964e-02
173           	5.220998e-01	2.656881e-01	2.564117e-01	-3.258416e-01	-2.849852e-01	-4.085642e-02	-1.220644e-01	4.638218e-03	1.506159e-02	-3.483485e-02	-2.355829e-03	-3.247902e-02
174           	5.227971e-01	2.663642e-01	2.564329e-01	-3.199839e-01	-2.761266e-01	-4.385731e-02	-1.161346e-01	4.965619e-03	1.737398e-02	-3.614385e-02	-6.979396e-04	-3.544591e-02
175           	5.243744e-01	2.673195e-01	2.570549e-01	-3.118693e-01	-2.652609e-01	-4.660837e-02	-1.093263e-01	5.132268e-03	1.898194e-02	-3.507320e-02	1.445337e-03	-3.651854e-02
176           	5.266295e-01	2.685001e-01	2.581294e-01	-3.029212e-01	-2.541800e-01	-4.874118e-02	-1.027194e-01	5.185318e-03	2.020607e-02	-3.236446e-02	4.023837e-03	-3.638830e-02
177           	5.291595e-01	2.697585e-01	2.594010e-01	-2.937837e-01	-2.434873e-01	-5.029635e-02	-9.659548e-02	5.178755e-03	2.123939e-02	-2.882921e-02	6.824787e-03	-3.565400e-02
178           	5.314206e-01	2.708568e-01	2.605638e-01	-2.842363e-01	-2.328188e-01	-5.141755e-02	-9.070062e-02	5.146473e-03	2.193623e-02	-2.519141e-02	9.340531e-03	-3.453194e-02
179           	5.329923e-01	2.716071e-01	2.613851e-01	-2.747010e-01	-2.226587e-01	-5.204236e-02	-8.530815e-02	5.110994e-03	2.204442e-02	-2.187383e-02	1.110750e-02	-3.298134e-02
180           	5.336966e-01	2.719366e-01	2.617600e-01	-2.660058e-01	-2.139308e-01	-5.207503e-02	-8.092789e-02	5.088301e-03	2.147215e-02	-1.916615e-02	1.188907e-02	-3.105522e-02
181           	5.335378e-01	2.718150e-01	2.617228e-01	-2.584849e-01	-2.068268e-01	-5.165806e-02	-7.758438e-02	5.046130e-03	2.024527e-02	-1.708595e-02	1.170230e-02	-2.878825e-02
182           	5.327443e-01	2.712821e-01	2.614622e-01	-2.522706e-01	-2.012585e-01	-5.101210e-02	-7.512321e-02	4.909970e-03	1.826215e-02	-1.531884e-02	1.060273e-02	-2.592157e-02
183           	5.316789e-01	2.705050e-01	2.611739e-01	-2.479384e-01	-1.977940e-01	-5.014443e-02	-7.382477e-02	4.665524e-03	1.576206e-02	-1.394118e-02	8.791470e-03	-2.273265e-02
184           	5.306829e-01	2.696730e-01	2.610099e-01	-2.459816e-01	-1.969002e-01	-4.908141e-02	-7.390940e-02	4.331564e-03	1.325125e-02	-1.329501e-02	6.603742e-03	-1.989875e-02
185           	5.299973e-01	2.688919e-01	2.611054e-01	-2.463800e-01	-1.983672e-01	-4.801278e-02	-7.517720e-02	3.893234e-03	1.088976e-02	-1.321324e-02	4.283138e-03	-1.749637e-02
186           	5.297638e-01	2.682487e-01	2.615151e-01	-2.497841e-01	-2.029761e-01	-4.680799e-02	-7.808407e-02	3.366815e-03	8.746476e-03	-1.365881e-02	1.917073e-03	-1.557588e-02
187           	5.298663e-01	2.676878e-01	2.621785e-01	-2.561838e-01	-2.107194e-01	-4.546438e-02	-8.262753e-02	2.754639e-03	6.711512e-03	-1.443524e-02	-5.061107e-04	-1.392913e-02
188           	5.301200e-01	2.671492e-01	2.629707e-01	-2.648090e-01	-2.207643e-01	-4.404472e-02	-8.835980e-02	2.089238e-03	4.857704e-03	-1.542096e-02	-2.852777e-03	-1.256818e-02
189           	5.303055e-01	2.665733e-01	2.637322e-01	-2.740435e-01	-2.312184e-01	-4.282508e-02	-9.419665e-02	1.420522e-03	3.264676e-03	-1.649069e-02	-4.980668e-03	-1.151002e-02
190           	5.303527e-01	2.660014e-01	2.643513e-01	-2.826767e-01	-2.407265e-01	-4.195019e-02	-9.938816e-02	8.250717e-04	2.043247e-03	-1.763788e-02	-6.775695e-03	-1.086219e-02
191           	5.304215e-01	2.656050e-01	2.648165e-01	-2.901479e-01	-2.489006e-01	-4.124724e-02	-1.038267e-01	3.942918e-04	1.281812e-03	-1.892778e-02	-8.182080e-03	-1.074570e-02
192           	5.304055e-01	2.654313e-01	2.649741e-01	-2.963969e-01	-2.558081e-01	-4.058881e-02	-1.076097e-01	2.285910e-04	1.313369e-03	-2.067733e-02	-9.025298e-03	-1.165204e-02
193           	5.303190e-01	2.655641e-01	2.647548e-01	-3.018901e-01	-2.622036e-01	-3.968643e-02	-1.112586e-01	4.046655e-04	2.568502e-03	-2.325334e-02	-9.058167e-03	-1.419517e-02
194           	5.302226e-01	2.660479e-01	2.641748e-01	-3.073126e-01	-2.689310e-01	-3.838163e-02	-1.152747e-01	9.365386e-04	5.197929e-03	-2.671177e-02	-8.157956e-03	-1.855381e-02
195           	5.302937e-01	2.668681e-01	2.634256e-01	-3.131725e-01	-2.765063e-01	-3.666624e-02	-1.199200e-01	1.721220e-03	8.516971e-03	-3.031292e-02	-6.639490e-03	-2.367343e-02
196           	5.306613e-01	2.679618e-01	2.626995e-01	-3.192852e-01	-2.846725e-01	-3.461270e-02	-1.250299e-01	2.631183e-03	1.212496e-02	-3.343338e-02	-4.591727e-03	-2.884165e-02
197           	5.312086e-01	2.691176e-01	2.620910e-01	-3.252974e-01	-2.929184e-01	-3.237907e-02	-1.302697e-01	3.513259e-03	1.551997e-02	-3.539861e-02	-2.179336e-03	-3.321927e-02
198           	5.317096e-01	2.701168e-01	2.615928e-01	-3.308902e-01	-3.006595e-01	-3.023074e-02	-1.352144e-01	4.261992e-03	1.834904e-02	-3.598352e-02	3.572816e-04	-3.634080e-02
199           	5.319112e-01	2.707758e-01	2.611354e-01	-3.359694e-01	-3.075554e-01	-2.841393e-02	-1.395707e-01	4.820163e-03	2.031977e-02	-3.521663e-02	2.711456e-03	-3.792808e-02
200           	5.316593e-01	2.710080e-01	2.606513e-01	-3.401718e-01	-3.131232e-01	-2.704862e-02	-1.430373e-01	5.178355e-03	2.132053e-02	-3.337265e-02	4.634209e-03	-3.800686e-02
201           	5.307788e-01	2.707365e-01	2.600423e-01	-3.416904e-01	-3.152949e-01	-2.639553e-02	-1.444497e-01	5.347083e-03	2.141400e-02	-3.086959e-02	5.979206e-03	-3.684880e-02
202           	5.292340e-01	2.699958e-01	2.592382e-01	-3.397353e-01	-3.131956e-01	-2.653965e-02	-1.433280e-01	5.378772e-03	2.068689e-02	-2.814417e-02	6.614801e-03	-3.475897e-02
203           	5.271759e-01	2.688918e-01	2.582841e-01	-3.346434e-01	-3.073261e-01	-2.731730e-02	-1.400044e-01	5.303816e-03	1.914710e-02	-2.529896e-02	6.497616e-03	-3.179658e-02
204           	5.248732e-01	2.675810e-01	2.572922e-01	-3.243652e-01	-2.953131e-01	-2.905213e-02	-1.331305e-01	5.144401e-03	1.678817e-02	-2.234525e-02	5.615544e-03	-2.796079e-02
205           	5.225766e-01	2.662100e-01	2.563666e-01	-3.082591e-01	-2.765564e-01	-3.170277e-02	-1.224268e-01	4.921687e-03	1.415813e-02	-1.991532e-02	4.200464e-03	-2.411579e-02
206           	5.204318e-01	2.648485e-01	2.555832e-01	-2.909244e-01	-2.565801e-01	-3.434428e-02	-1.111179e-01	4.632647e-03	1.156436e-02	-1.812024e-02	2.504237e-03	-2.062447e-02
207           	5.187975e-01	2.637251e-01	2.550724e-01	-2.747804e-01	-2.379933e-01	-3.678710e-02	-1.006031e-01	4.326316e-03	9.115678e-03	-1.699661e-02	6.173708e-04	-1.761398e-02
208           	5.180216e-01	2.630672e-01	2.549544e-01	-2.615898e-01	-2.225979e-01	-3.899182e-02	-9.180305e-02	4.056375e-03	7.181962e-03	-1.689680e-02	-1.266439e-03	-1.563036e-02
209           	5.181591e-01	2.629712e-01	2.551879e-01	-2.527011e-01	-2.116651e-01	-4.103596e-02	-8.531457e-02	3.891631e-03	6.211781e-03	-1.819422e-02	-2.885329e-03	-1.530889e-02
210           	5.189976e-01	2.633685e-01	2.556291e-01	-2.485152e-01	-2.054506e-01	-4.306459e-02	-8.119303e-02	3.869661e-03	6.361870e-03	-2.084126e-02	-4.058762e-03	-1.678250e-02
211           	5.201545e-01	2.640450e-01	2.561095e-01	-2.487077e-01	-2.035756e-01	-4.513207e-02	-7.922177e-02	3.967774e-03	7.492718e-03	-2.451188e-02	-4.763224e-03	-1.974866e-02
212           	5.214992e-01	2.649026e-01	2.565966e-01	-2.526910e-01	-2.056151e-01	-4.707592e-02	-7.926957e-02	4.152975e-03	9.367004e-03	-2.874204e-02	-5.004016e-03	-2.373802e-02
213           	5.226956e-01	2.657499e-01	2.569456e-01	-2.591516e-01	-2.103397e-01	-4.881189e-02	-8.076389e-02	4.402156e-03	1.181163e-02	-3.316382e-02	-4.770281e-03	-2.839354e-02
214           	5.238685e-01	2.666359e-01	2.572325e-01	-2.662726e-01	-2.160868e-01	-5.018578e-02	-8.295050e-02	4.701707e-03	1.437394e-02	-3.710198e-02	-4.177052e-03	-3.292493e-02
215           	5.250304e-01	2.675382e-01	2.574921e-01	-2.730675e-01	-2.218850e-01	-5.118253e-02	-8.535121e-02	5.023046e-03	1.658881e-02	-3.984736e-02	-3.334873e-03	-3.651249e-02
216           	5.261345e-01	2.684254e-01	2.577091e-01	-2.791200e-01	-2.277754e-01	-5.134462e-02	-8.821541e-02	5.358114e-03	1.817921e-02	-4.101664e-02	-2.329106e-03	-3.868753e-02
217           	5.271568e-01	2.692925e-01	2.578644e-01	-2.833112e-01	-2.323809e-01	-5.093030e-02	-9.072529e-02	5.714036e-03	1.921763e-02	-4.076519e-02	-1.164965e-03	-3.960023e-02
218           	5.282998e-01	2.702058e-01	2.580940e-01	-2.856813e-01	-2.355852e-01	-5.009613e-02	-9.274454e-02	6.055915e-03	1.985848e-02	-3.946233e-02	1.273164e-04	-3.958964e-02
219           	5.297087e-01	2.712007e-01	2.585081e-01	-2.865751e-01	-2.375977e-01	-4.897734e-02	-9.431020e-02	6.346283e-03	2.029279e-02	-3.748709e-02	1.549242e-03	-3.903633e-02
220           	5.314302e-01	2.722855e-01	2.591446e-01	-2.865310e-01	-2.389476e-01	-4.758341e-02	-9.568210e-02	6.570438e-03	2.061849e-02	-3.520950e-02	3.013740e-03	-3.822324e-02
221           	5.332146e-01	2.733157e-01	2.598989e-01	-2.858945e-01	-2.399212e-01	-4.597335e-02	-9.697391e-02	6.708375e-03	2.057553e-02	-3.261743e-02	4.266820e-03	-3.688425e-02
222           	5.346853e-01	2.740764e-01	2.606090e-01	-2.847505e-01	-2.405602e-01	-4.419030e-02	-9.818493e-02	6.733701e-03	1.982157e-02	-2.958919e-02	5.026978e-03	-3.461617e-02
223           	5.354998e-01	2.743874e-01	2.611123e-01	-2.832896e-01	-2.411027e-01	-4.218689e-02	-9.945793e-02	6.637570e-03	1.823199e-02	-2.624061e-02	5.111687e-03	-3.135230e-02
224           	5.353912e-01	2.741310e-01	2.612602e-01	-2.823799e-01	-2.425617e-01	-3.981825e-02	-1.013717e-01	6.435413e-03	1.591400e-02	-2.290063e-02	4.463688e-03	-2.736432e-02
225           	5.343314e-01	2.733640e-01	2.609675e-01	-2.827084e-01	-2.456459e-01	-3.706249e-02	-1.042917e-01	6.198263e-03	1.334627e-02	-2.029229e-02	3.200120e-03	-2.349241e-02
226           	5.326046e-01	2.722725e-01	2.603321e-01	-2.836166e-01	-2.493149e-01	-3.430175e-02	-1.075066e-01	5.970194e-03	1.077711e-02	-1.864879e-02	1.452713e-03	-2.010151e-02
227           	5.306998e-01	2.711090e-01	2.595908e-01	-2.842088e-01	-2.522211e-01	-3.198773e-02	-1.101167e-01	5.759057e-03	8.314927e-03	-1.789730e-02	-6.337251e-04	-1.726358e-02
228           	5.290366e-01	2.700862e-01	2.589504e-01	-2.843706e-01	-2.540200e-01	-3.035058e-02	-1.118347e-01	5.567930e-03	6.026251e-03	-1.781568e-02	-2.881590e-03	-1.493409e-02
229           	5.278108e-01	2.693128e-01	2.584980e-01	-2.850830e-01	-2.558387e-01	-2.924433e-02	-1.132972e-01	5.407383e-03	3.953097e-03	-1.821222e-02	-5.153016e-03	-1.305921e-02
230           	5.268884e-01	2.687022e-01	2.581862e-01	-2.859389e-01	-2.572164e-01	-2.872249e-02	-1.142470e-01	5.257982e-03	2.204528e-03	-1.895869e-02	-7.274817e-03	-1.168387e-02
231           	5.259659e-01	2.680748e-01	2.578911e-01	-2.862653e-01	-2.572371e-01	-2.902821e-02	-1.141045e-01	5.091852e-03	1.080361e-03	-2.021773e-02	-9.028506e-03	-1.118923e-02
232           	5.249258e-01	2.672821e-01	2.576437e-01	-2.845429e-01	-2.541393e-01	-3.040369e-02	-1.118678e-01	4.819171e-03	8.055877e-04	-2.209626e-02	-1.024254e-02	-1.185372e-02
233           	5.239473e-01	2.664736e-01	2.574738e-01	-2.796904e-01	-2.468813e-01	-3.280909e-02	-1.070361e-01	4.499893e-03	1.766373e-03	-2.499908e-02	-1.073317e-02	-1.426591e-02
234           	5.234630e-01	2.658357e-01	2.576273e-01	-2.704971e-01	-2.340542e-01	-3.644294e-02	-9.880561e-02	4.104170e-03	3.708508e-03	-2.830653e-02	-1.044475e-02	-1.786177e-02
235           	5.237894e-01	2.655318e-01	2.582576e-01	-2.614186e-01	-2.214742e-01	-3.994439e-02	-9.076493e-02	3.637114e-03	5.822580e-03	-3.081953e-02	-9.587187e-03	-2.123235e-02
236           	5.248199e-01	2.656665e-01	2.591534e-01	-2.564747e-01	-2.142761e-01	-4.219858e-02	-8.603879e-02	3.256585e-03	7.915327e-03	-3.215048e-02	-8.159913e-03	-2.399057e-02
237           	5.263987e-01	2.662396e-01	2.601591e-01	-2.548073e-01	-2.113445e-01	-4.346285e-02	-8.394082e-02	3.040246e-03	9.918121e-03	-3.205842e-02	-6.111090e-03	-2.594733e-02
238           	5.283999e-01	2.671611e-01	2.612388e-01	-2.550162e-01	-2.110215e-01	-4.399468e-02	-8.351341e-02	2.961165e-03	1.190982e-02	-3.041580e-02	-3.298082e-03	-2.711772e-02
239           	5.308686e-01	2.684135e-01	2.624551e-01	-2.565121e-01	-2.125046e-01	-4.400742e-02	-8.424861e-02	2.979199e-03	1.345814e-02	-2.736814e-02	-2.259286e-04	-2.714221e-02
240           	5.335145e-01	2.698421e-01	2.636724e-01	-2.587093e-01	-2.151546e-01	-4.355471e-02	-8.579992e-02	3.084820e-03	1.437969e-02	-2.327019e-02	2.744591e-03	-2.601478e-02
241           	5.361393e-01	2.713487e-01	2.647906e-01	-2.611558e-01	-2.182593e-01	-4.289656e-02	-8.768136e-02	3.279026e-03	1.457590e-02	-1.852888e-02	5.311458e-03	-2.384034e-02
242           	5.384127e-01	2.727856e-01	2.656271e-01	-2.638949e-01	-2.217560e-01	-4.213892e-02	-8.980853e-02	3.579231e-03	1.424012e-02	-1.390560e-02	7.287322e-03	-2.119292e-02
243           	5.400125e-01	2.739662e-01	2.660463e-01	-2.672399e-01	-2.258720e-01	-4.136786e-02	-9.225208e-02	3.959949e-03	1.368313e-02	-1.004228e-02	8.661989e-03	-1.870427e-02
244           	5.403257e-01	2.745458e-01	2.657798e-01	-2.700712e-01	-2.294142e-01	-4.065702e-02	-9.437860e-02	4.382994e-03	1.286348e-02	-7.476981e-03	9.124991e-03	-1.660197e-02
245           	5.393035e-01	2.744306e-01	2.648729e-01	-2.714116e-01	-2.312447e-01	-4.016689e-02	-9.553889e-02	4.778819e-03	1.201284e-02	-6.312949e-03	8.856368e-03	-1.516932e-02
246           	5.371660e-01	2.737317e-01	2.634343e-01	-2.714078e-01	-2.315588e-01	-3.984900e-02	-9.585492e-02	5.148681e-03	1.145115e-02	-6.741227e-03	8.080537e-03	-1.482176e-02
247           	5.343201e-01	2.726678e-01	2.616523e-01	-2.702770e-01	-2.306481e-01	-3.962890e-02	-9.550959e-02	5.507726e-03	1.130742e-02	-8.655944e-03	6.979450e-03	-1.563539e-02
248           	5.312688e-01	2.714515e-01	2.598173e-01	-2.679821e-01	-2.284949e-01	-3.948728e-02	-9.450379e-02	5.817082e-03	1.146915e-02	-1.156421e-02	5.687044e-03	-1.725125e-02
249           	5.286022e-01	2.703521e-01	2.582501e-01	-2.654987e-01	-2.263159e-01	-3.918275e-02	-9.356660e-02	6.050958e-03	1.163672e-02	-1.463441e-02	4.319518e-03	-1.895393e-02
250           	5.267037e-01	2.695836e-01	2.571201e-01	-2.646508e-01	-2.262975e-01	-3.835324e-02	-9.397215e-02	6.231738e-03	1.160002e-02	-1.728374e-02	2.958151e-03	-2.024189e-02
251           	5.257102e-01	2.692039e-01	2.565063e-01	-2.663024e-01	-2.294863e-01	-3.681604e-02	-9.633514e-02	6.348805e-03	1.127067e-02	-1.924219e-02	1.649571e-03	-2.089177e-02
252           	5.255177e-01	2.691658e-01	2.563519e-01	-2.699838e-01	-2.351695e-01	-3.481426e-02	-1.001776e-01	6.406983e-03	1.077473e-02	-2.059630e-02	4.765777e-04	-2.107287e-02
253           	5.258606e-01	2.693559e-01	2.565048e-01	-2.750788e-01	-2.423136e-01	-3.276522e-02	-1.047742e-01	6.425544e-03	1.046067e-02	-2.176680e-02	-4.227364e-04	-2.134407e-02
254           	5.264465e-01	2.696472e-01	2.567993e-01	-2.811835e-01	-2.501802e-01	-3.100331e-02	-1.095885e-01	6.423928e-03	1.038269e-02	-2.290794e-02	-1.071277e-03	-2.183667e-02
255           	5.270063e-01	2.699211e-01	2.570852e-01	-2.877749e-01	-2.580857e-01	-2.968922e-02	-1.141982e-01	6.417930e-03	1.037872e-02	-2.387207e-02	-1.557316e-03	-2.231475e-02
256           	5.275155e-01	2.701550e-01	2.573605e-01	-2.936365e-01	-2.648139e-01	-2.882259e-02	-1.179957e-01	6.397271e-03	1.028290e-02	-2.445913e-02	-1.946666e-03	-2.251247e-02
257           	5.279079e-01	2.703453e-01	2.575626e-01	-2.979396e-01	-2.694682e-01	-2.847146e-02	-1.204984e-01	6.391356e-03	1.019447e-02	-2.476848e-02	-2.189768e-03	-2.257871e-02
258           	5.282003e-01	2.705028e-01	2.576975e-01	-2.998790e-01	-2.712139e-01	-2.866511e-02	-1.212744e-01	6.402634e-03	1.025687e-02	-2.496900e-02	-2.227623e-03	-2.274137e-02
259           	5.285370e-01	2.706545e-01	2.578825e-01	-2.994016e-01	-2.700974e-01	-2.930419e-02	-1.203966e-01	6.386014e-03	1.051882e-02	-2.510334e-02	-2.032852e-03	-2.307049e-02
260           	5.292445e-01	2.708790e-01	2.583655e-01	-2.950793e-01	-2.644255e-01	-3.065378e-02	-1.168859e-01	6.256728e-03	1.089253e-02	-2.493826e-02	-1.576595e-03	-2.336166e-02
261           	5.304449e-01	2.711990e-01	2.592459e-01	-2.878824e-01	-2.555182e-01	-3.236428e-02	-1.115769e-01	5.976561e-03	1.103280e-02	-2.420175e-02	-1.068081e-03	-2.313367e-02
262           	5.319254e-01	2.716440e-01	2.602813e-01	-2.814114e-01	-2.477336e-01	-3.367782e-02	-1.070279e-01	5.681366e-03	1.104328e-02	-2.325414e-02	-5.837897e-04	-2.267036e-02
263           	5.335238e-01	2.721506e-01	2.613731e-01	-2.755321e-01	-2.411691e-01	-3.436301e-02	-1.034031e-01	5.388749e-03	1.107357e-02	-2.216226e-02	-7.556040e-06	-2.215470e-02
264           	5.350551e-01	2.726600e-01	2.623952e-01	-2.701563e-01	-2.356191e-01	-3.453712e-02	-1.005410e-01	5.132395e-03	1.116595e-02	-2.095309e-02	6.893984e-04	-2.164249e-02
265           	5.363155e-01	2.730812e-01	2.632342e-01	-2.651582e-01	-2.307203e-01	-3.443790e-02	-9.814122e-02	4.923506e-03	1.126658e-02	-1.961270e-02	1.460230e-03	-2.107293e-02
266           	5.370485e-01	2.732915e-01	2.637570e-01	-2.604326e-01	-2.261470e-01	-3.428552e-02	-9.593076e-02	4.767245e-03	1.122928e-02	-1.804772e-02	2.205420e-03	-2.025314e-02
267           	5.370427e-01	2.732217e-01	2.638211e-01	-2.559082e-01	-2.216855e-01	-3.422276e-02	-9.373136e-02	4.700293e-03	1.112587e-02	-1.643221e-02	2.909759e-03	-1.934197e-02
268           	5.362353e-01	2.728451e-01	2.633901e-01	-2.514298e-01	-2.170205e-01	-3.440930e-02	-9.130561e-02	4.727510e-03	1.102304e-02	-1.491596e-02	3.565059e-03	-1.848102e-02
269           	5.348631e-01	2.722266e-01	2.626366e-01	-2.472615e-01	-2.124696e-01	-3.479186e-02	-8.883887e-02	4.795011e-03	1.085966e-02	-1.341812e-02	4.150602e-03	-1.756872e-02
270           	5.333665e-01	2.715602e-01	2.618063e-01	-2.437913e-01	-2.085109e-01	-3.528036e-02	-8.661527e-02	4.876959e-03	1.062453e-02	-1.195011e-02	4.649471e-03	-1.659959e-02
271           	5.320788e-01	2.710113e-01	2.610675e-01	-2.416378e-01	-2.058683e-01	-3.576952e-02	-8.504938e-02	4.971908e-03	1.049051e-02	-1.080728e-02	5.086867e-03	-1.589415e-02
272           	5.311419e-01	2.706521e-01	2.604898e-01	-2.413581e-01	-2.052468e-01	-3.611128e-02	-8.456775e-02	5.081179e-03	1.062425e-02	-1.028497e-02	5.481760e-03	-1.576673e-02
273           	5.305332e-01	2.704663e-01	2.600669e-01	-2.427750e-01	-2.064058e-01	-3.636914e-02	-8.501834e-02	5.199708e-03	1.098240e-02	-1.034272e-02	5.811038e-03	-1.615375e-02
274           	5.302331e-01	2.704324e-01	2.598008e-01	-2.452265e-01	-2.085634e-01	-3.666311e-02	-8.595014e-02	5.315796e-03	1.136027e-02	-1.069427e-02	6.013137e-03	-1.670741e-02
275           	5.301832e-01	2.705150e-01	2.596682e-01	-2.485001e-01	-2.115901e-01	-3.691003e-02	-8.734003e-02	5.423367e-03	1.170324e-02	-1.128957e-02	6.058458e-03	-1.734803e-02
276           	5.303663e-01	2.707032e-01	2.596631e-01	-2.526669e-01	-2.157116e-01	-3.695530e-02	-8.937813e-02	5.520083e-03	1.200417e-02	-1.214900e-02	5.929673e-03	-1.807868e-02
277           	5.308777e-01	2.710269e-01	2.598508e-01	-2.576113e-01	-2.209674e-01	-3.664396e-02	-9.216171e-02	5.588058e-03	1.221564e-02	-1.325099e-02	5.590148e-03	-1.884114e-02
278           	5.317331e-01	2.714774e-01	2.602557e-01	-2.631863e-01	-2.273540e-01	-3.583227e-02	-9.576088e-02	5.610850e-03	1.230391e-02	-1.460270e-02	5.002564e-03	-1.960526e-02
279           	5.328582e-01	2.720349e-01	2.608233e-01	-2.696312e-01	-2.352930e-01	-3.433824e-02	-1.004774e-01	5.605791e-03	1.234497e-02	-1.635125e-02	4.169342e-03	-2.052059e-02
280           	5.341641e-01	2.726836e-01	2.614805e-01	-2.767819e-01	-2.445428e-01	-3.223908e-02	-1.061519e-01	5.601577e-03	1.245091e-02	-1.856492e-02	3.168447e-03	-2.173336e-02
281           	5.356018e-01	2.734210e-01	2.621807e-01	-2.841892e-01	-2.542962e-01	-2.989292e-02	-1.122017e-01	5.620132e-03	1.260430e-02	-2.107851e-02	2.065052e-03	-2.314356e-02
282           	5.371172e-01	2.742369e-01	2.628803e-01	-2.917065e-01	-2.642239e-01	-2.748259e-02	-1.183706e-01	5.678324e-03	1.281364e-02	-2.374456e-02	9.413548e-04	-2.468592e-02
283           	5.385451e-01	2.750452e-01	2.635000e-01	-2.989749e-01	-2.738043e-01	-2.517059e-02	-1.243168e-01	5.772583e-03	1.308632e-02	-2.638927e-02	-1.083183e-04	-2.628096e-02
284           	5.397009e-01	2.757296e-01	2.639712e-01	-3.054619e-01	-2.823274e-01	-2.313459e-02	-1.295964e-01	5.879189e-03	1.336791e-02	-2.876439e-02	-1.014290e-03	-2.775010e-02
285           	5.404196e-01	2.761740e-01	2.642456e-01	-3.104239e-01	-2.888099e-01	-2.161403e-02	-1.335979e-01	5.964207e-03	1.359792e-02	-3.065994e-02	-1.732047e-03	-2.892789e-02
286           	5.406273e-01	2.762867e-01	2.643406e-01	-3.138025e-01	-2.932261e-01	-2.057638e-02	-1.363249e-01	5.973051e-03	1.357186e-02	-3.173701e-02	-2.296646e-03	-2.944037e-02
287           	5.402119e-01	2.759836e-01	2.642283e-01	-3.149911e-01	-2.949031e-01	-2.008800e-02	-1.374075e-01	5.877671e-03	1.326628e-02	-3.192241e-02	-2.694924e-03	-2.922748e-02
288           	5.391090e-01	2.752571e-01	2.638519e-01	-3.135666e-01	-2.933254e-01	-2.024128e-02	-1.365420e-01	5.702630e-03	1.280131e-02	-3.140640e-02	-2.901890e-03	-2.850451e-02
289           	5.375905e-01	2.742673e-01	2.633232e-01	-3.090241e-01	-2.878921e-01	-2.113197e-02	-1.333801e-01	5.472040e-03	1.226910e-02	-3.030280e-02	-2.882300e-03	-2.742050e-02
290           	5.361030e-01	2.732185e-01	2.628845e-01	-3.006199e-01	-2.776109e-01	-2.300901e-02	-1.273010e-01	5.167016e-03	1.150989e-02	-2.839167e-02	-2.685940e-03	-2.570572e-02
291           	5.348397e-01	2.722850e-01	2.625548e-01	-2.904042e-01	-2.649902e-01	-2.541396e-02	-1.197881e-01	4.865103e-03	1.051329e-02	-2.585053e-02	-2.411975e-03	-2.343855e-02
292           	5.338179e-01	2.715194e-01	2.622986e-01	-2.801253e-01	-2.520835e-01	-2.804173e-02	-1.120209e-01	4.610406e-03	9.375135e-03	-2.293416e-02	-2.091945e-03	-2.084221e-02
293           	5.331547e-01	2.709726e-01	2.621822e-01	-2.703620e-01	-2.395176e-01	-3.084433e-02	-1.043367e-01	4.395194e-03	8.057547e-03	-1.968897e-02	-1.786940e-03	-1.790203e-02
294           	5.330124e-01	2.707322e-01	2.622802e-01	-2.620297e-01	-2.284028e-01	-3.362693e-02	-9.738793e-02	4.226009e-03	6.565949e-03	-1.625540e-02	-1.561754e-03	-1.469365e-02
295           	5.333249e-01	2.707754e-01	2.625495e-01	-2.556624e-01	-2.193732e-01	-3.628926e-02	-9.154196e-02	4.112964e-03	4.893232e-03	-1.277916e-02	-1.496348e-03	-1.128281e-02
296           	5.339593e-01	2.710527e-01	2.629066e-01	-2.513752e-01	-2.125939e-01	-3.878128e-02	-8.690630e-02	4.073061e-03	3.123048e-03	-9.475163e-03	-1.614534e-03	-7.860629e-03
297           	5.346739e-01	2.714436e-01	2.632303e-01	-2.490383e-01	-2.080753e-01	-4.096301e-02	-8.355614e-02	4.106676e-03	1.325442e-03	-6.511797e-03	-1.930457e-03	-4.581340e-03
298           	5.353202e-01	2.718362e-01	2.634840e-01	-2.483931e-01	-2.057084e-01	-4.268477e-02	-8.151179e-02	4.176100e-03	-4.075630e-04	-4.059587e-03	-2.437357e-03	-1.622231e-03
299           	5.358581e-01	2.721865e-01	2.636716e-01	-2.491879e-01	-2.053534e-01	-4.383455e-02	-8.075943e-02	4.257464e-03	-1.942802e-03	-2.335813e-03	-3.110708e-03	7.748953e-04
300           	5.363861e-01	2.725380e-01	2.638481e-01	-2.512802e-01	-2.069976e-01	-4.428261e-02	-8.135749e-02	4.344983e-03	-3.113773e-03	-1.620127e-03	-3.923837e-03	2.303710e-03
301           	5.369318e-01	2.729192e-01	2.640127e-01	-2.540945e-01	-2.100112e-01	-4.408327e-02	-8.296399e-02	4.453249e-03	-3.746887e-03	-2.139302e-03	-4.816538e-03	2.677235e-03
302           	5.375623e-01	2.733629e-01	2.641994e-01	-2.574253e-01	-2.141633e-01	-4.326197e-02	-8.545067e-02	4.581738e-03	-3.727758e-03	-3.984995e-03	-5.720256e-03	1.735261e-03
303           	5.382485e-01	2.738309e-01	2.644176e-01	-2.608742e-01	-2.190260e-01	-4.184817e-02	-8.858894e-02	4.706630e-03	-3.161523e-03	-6.897404e-03	-6.610225e-03	-2.871790e-04
304           	5.388212e-01	2.741903e-01	2.646309e-01	-2.636486e-01	-2.238791e-01	-3.976955e-02	-9.205477e-02	4.779740e-03	-2.288737e-03	-1.021471e-02	-7.396093e-03	-2.818619e-03
305           	5.393233e-01	2.744005e-01	2.649228e-01	-2.658840e-01	-2.285274e-01	-3.735657e-02	-9.558543e-02	4.738826e-03	-1.443718e-03	-1.342208e-02	-8.154760e-03	-5.267323e-03
306           	5.396903e-01	2.744316e-01	2.652587e-01	-2.673075e-01	-2.326263e-01	-3.468120e-02	-9.897256e-02	4.586417e-03	-7.839297e-04	-1.602520e-02	-8.796527e-03	-7.228668e-03
307           	5.398785e-01	2.742722e-01	2.656063e-01	-2.676925e-01	-2.357510e-01	-3.194147e-02	-1.019048e-01	4.332951e-03	-3.665923e-04	-1.773179e-02	-9.232485e-03	-8.499301e-03
308           	5.397916e-01	2.738989e-01	2.658927e-01	-2.671280e-01	-2.378217e-01	-2.930638e-02	-1.042576e-01	4.003136e-03	-1.605762e-04	-1.840495e-02	-9.363050e-03	-9.041898e-03
309           	5.392905e-01	2.732826e-01	2.660079e-01	-2.660460e-01	-2.391396e-01	-2.690644e-02	-1.061166e-01	3.637354e-03	-1.042536e-04	-1.799646e-02	-9.102483e-03	-8.893976e-03
310           	5.385130e-01	2.725337e-01	2.659794e-01	-2.654157e-01	-2.406930e-01	-2.472262e-02	-1.079852e-01	3.277150e-03	2.327788e-08	-1.669774e-02	-8.348849e-03	-8.348895e-03
311           	5.376355e-01	2.717684e-01	2.658671e-01	-2.663275e-01	-2.437065e-01	-2.262102e-02	-1.105427e-01	2.950659e-03	3.518208e-04	-1.471216e-02	-7.004257e-03	-7.707899e-03
312           	5.366522e-01	2.709826e-01	2.656697e-01	-2.686053e-01	-2.478114e-01	-2.079391e-02	-1.135088e-01	2.656437e-03	9.074857e-04	-1.207621e-02	-5.130620e-03	-6.945592e-03
313           	5.355011e-01	2.701672e-01	2.653339e-01	-2.718951e-01	-2.522828e-01	-1.961230e-02	-1.163353e-01	2.416693e-03	1.764650e-03	-9.262953e-03	-2.866826e-03	-6.396127e-03
314           	5.342900e-01	2.694020e-01	2.648881e-01	-2.763193e-01	-2.571803e-01	-1.913903e-02	-1.190206e-01	2.256947e-03	3.052218e-03	-6.871421e-03	-3.834929e-04	-6.487928e-03
315           	5.330949e-01	2.687593e-01	2.643356e-01	-2.816948e-01	-2.623459e-01	-1.934889e-02	-1.214985e-01	2.211815e-03	4.793751e-03	-5.358320e-03	2.114591e-03	-7.472910e-03
316           	5.319757e-01	2.682830e-01	2.636927e-01	-2.876717e-01	-2.675170e-01	-2.015472e-02	-1.236811e-01	2.295133e-03	6.830749e-03	-4.772503e-03	4.444498e-03	-9.217000e-03
317           	5.311054e-01	2.680051e-01	2.631003e-01	-2.933525e-01	-2.719511e-01	-2.140138e-02	-1.252749e-01	2.452387e-03	8.907981e-03	-4.805648e-03	6.505157e-03	-1.131081e-02
318           	5.303995e-01	2.678956e-01	2.625039e-01	-2.979858e-01	-2.749166e-01	-2.306915e-02	-1.259237e-01	2.695863e-03	1.091135e-02	-5.627509e-03	8.097593e-03	-1.372510e-02
319           	5.299608e-01	2.679402e-01	2.620206e-01	-2.999794e-01	-2.745860e-01	-2.539334e-02	-1.245963e-01	2.959803e-03	1.265023e-02	-6.874840e-03	9.212814e-03	-1.608765e-02
320           	5.300094e-01	2.682074e-01	2.618019e-01	-2.973669e-01	-2.686991e-01	-2.866776e-02	-1.200157e-01	3.202748e-03	1.385326e-02	-8.203321e-03	9.751604e-03	-1.795492e-02
321           	5.305101e-01	2.686580e-01	2.618521e-01	-2.923271e-01	-2.602815e-01	-3.204558e-02	-1.141180e-01	3.402948e-03	1.426578e-02	-9.152303e-03	9.689627e-03	-1.884193e-02
322           	5.313651e-01	2.692099e-01	2.621553e-01	-2.864067e-01	-2.512333e-01	-3.517347e-02	-1.080299e-01	3.527301e-03	1.380844e-02	-9.562936e-03	9.026973e-03	-1.858991e-02
323           	5.324509e-01	2.698033e-01	2.626476e-01	-2.804169e-01	-2.425684e-01	-3.784850e-02	-1.023600e-01	3.577837e-03	1.261825e-02	-9.536137e-03	7.850183e-03	-1.738632e-02
324           	5.335735e-01	2.703429e-01	2.632305e-01	-2.752280e-01	-2.353988e-01	-3.982923e-02	-9.778478e-02	3.556193e-03	1.087672e-02	-9.184454e-03	6.284492e-03	-1.546895e-02
325           	5.345078e-01	2.707400e-01	2.637678e-01	-2.714324e-01	-2.304729e-01	-4.095950e-02	-9.475669e-02	3.486122e-03	8.880302e-03	-8.793146e-03	4.483729e-03	-1.327688e-02
326           	5.351011e-01	2.709477e-01	2.641535e-01	-2.689970e-01	-2.277938e-01	-4.120313e-02	-9.329535e-02	3.397094e-03	6.851318e-03	-8.559008e-03	2.571814e-03	-1.113082e-02
327           	5.351867e-01	2.709339e-01	2.642528e-01	-2.673763e-01	-2.266873e-01	-4.068907e-02	-9.299909e-02	3.340510e-03	5.074596e-03	-8.692313e-03	7.284399e-04	-9.420753e-03
328           	5.346812e-01	2.707029e-01	2.639783e-01	-2.661878e-01	-2.266222e-01	-3.956563e-02	-9.352826e-02	3.362295e-03	3.804584e-03	-9.363274e-03	-8.770531e-04	-8.486221e-03
329           	5.336466e-01	2.703126e-01	2.633340e-01	-2.652016e-01	-2.271088e-01	-3.809274e-02	-9.450804e-02	3.489324e-03	3.146537e-03	-1.056373e-02	-2.135327e-03	-8.428400e-03
330           	5.323377e-01	2.698628e-01	2.624748e-01	-2.647819e-01	-2.284342e-01	-3.634769e-02	-9.604325e-02	3.693999e-03	2.958446e-03	-1.208942e-02	-3.086265e-03	-9.003156e-03
331           	5.310019e-01	2.694266e-01	2.615753e-01	-2.649411e-01	-2.305089e-01	-3.443228e-02	-9.803829e-02	3.925651e-03	3.092244e-03	-1.373404e-02	-3.774778e-03	-9.959266e-03
332           	5.297814e-01	2.690440e-01	2.607374e-01	-2.657803e-01	-2.334354e-01	-3.234488e-02	-1.005453e-01	4.153336e-03	3.487138e-03	-1.532595e-02	-4.175838e-03	-1.115011e-02
333           	5.286600e-01	2.686811e-01	2.599789e-01	-2.673553e-01	-2.373122e-01	-3.004312e-02	-1.036345e-01	4.351105e-03	4.042977e-03	-1.668652e-02	-4.300282e-03	-1.238624e-02
334           	5.276591e-01	2.683331e-01	2.593260e-01	-2.698408e-01	-2.422865e-01	-2.755429e-02	-1.073661e-01	4.503564e-03	4.648533e-03	-1.769939e-02	-4.201162e-03	-1.349823e-02
335           	5.268351e-01	2.680465e-01	2.587886e-01	-2.734287e-01	-2.484287e-01	-2.499999e-02	-1.117144e-01	4.628988e-03	5.258896e-03	-1.833931e-02	-3.910758e-03	-1.442855e-02
336           	5.261701e-01	2.678202e-01	2.583499e-01	-2.778576e-01	-2.553129e-01	-2.254470e-02	-1.163841e-01	4.735159e-03	5.766010e-03	-1.854269e-02	-3.505333e-03	-1.503735e-02
337           	5.258457e-01	2.677438e-01	2.581019e-01	-2.831277e-01	-2.628583e-01	-2.026937e-02	-1.212945e-01	4.820927e-03	6.139191e-03	-1.835372e-02	-3.037669e-03	-1.531605e-02
338           	5.259142e-01	2.678353e-01	2.580789e-01	-2.889169e-01	-2.705173e-01	-1.839967e-02	-1.260588e-01	4.878221e-03	6.457366e-03	-1.801150e-02	-2.548384e-03	-1.546312e-02
339           	5.262507e-01	2.680251e-01	2.582256e-01	-2.948736e-01	-2.777361e-01	-1.713748e-02	-1.302993e-01	4.899745e-03	6.809157e-03	-1.774405e-02	-2.062871e-03	-1.568118e-02
340           	5.266870e-01	2.682227e-01	2.584642e-01	-3.010477e-01	-2.845009e-01	-1.654681e-02	-1.339770e-01	4.879251e-03	7.280612e-03	-1.775838e-02	-1.598578e-03	-1.615980e-02
341           	5.271067e-01	2.683645e-01	2.587422e-01	-3.069027e-01	-2.902750e-01	-1.662773e-02	-1.368236e-01	4.811133e-03	7.878083e-03	-1.815323e-02	-1.198533e-03	-1.695470e-02
342           	5.273940e-01	2.683703e-01	2.590237e-01	-3.116741e-01	-2.943328e-01	-1.734124e-02	-1.384958e-01	4.673273e-03	8.414131e-03	-1.873035e-02	-9.510420e-04	-1.777930e-02
343           	5.274740e-01	2.681820e-01	2.592920e-01	-3.150512e-01	-2.964771e-01	-1.857414e-02	-1.389515e-01	4.445005e-03	8.611166e-03	-1.916830e-02	-9.729840e-04	-1.819532e-02
344           	5.273489e-01	2.677978e-01	2.595511e-01	-3.165039e-01	-2.963929e-01	-2.011107e-02	-1.381409e-01	4.123357e-03	8.318447e-03	-1.929452e-02	-1.328813e-03	-1.796571e-02
345           	5.270640e-01	2.672617e-01	2.598023e-01	-3.157753e-01	-2.940060e-01	-2.176923e-02	-1.361184e-01	3.729705e-03	7.516810e-03	-1.903716e-02	-2.001771e-03	-1.703539e-02
346           	5.266465e-01	2.666428e-01	2.600037e-01	-3.130573e-01	-2.896589e-01	-2.339834e-02	-1.331303e-01	3.319520e-03	6.402406e-03	-1.856861e-02	-2.881899e-03	-1.568671e-02
347           	5.261229e-01	2.660190e-01	2.601039e-01	-3.090505e-01	-2.841947e-01	-2.485579e-02	-1.296695e-01	2.957532e-03	5.242226e-03	-1.809015e-02	-3.802848e-03	-1.428730e-02
348           	5.256611e-01	2.655242e-01	2.601369e-01	-3.048652e-01	-2.789621e-01	-2.590308e-02	-1.265295e-01	2.693634e-03	4.205321e-03	-1.768772e-02	-4.638537e-03	-1.304918e-02
349           	5.253488e-01	2.652406e-01	2.601082e-01	-3.006559e-01	-2.740885e-01	-2.656740e-02	-1.237605e-01	2.566170e-03	3.493237e-03	-1.745556e-02	-5.234542e-03	-1.222102e-02
350           	5.253179e-01	2.652616e-01	2.600563e-01	-2.960372e-01	-2.690036e-01	-2.703363e-02	-1.209850e-01	2.602653e-03	3.319453e-03	-1.751712e-02	-5.439108e-03	-1.207801e-02
351           	5.256896e-01	2.656312e-01	2.600584e-01	-2.909519e-01	-2.636110e-01	-2.734087e-02	-1.181351e-01	2.786381e-03	3.604598e-03	-1.764927e-02	-5.220037e-03	-1.242923e-02
352           	5.263188e-01	2.662583e-01	2.600605e-01	-2.854544e-01	-2.579897e-01	-2.746470e-02	-1.152625e-01	3.098899e-03	4.214851e-03	-1.767256e-02	-4.621432e-03	-1.305113e-02
353           	5.269656e-01	2.669944e-01	2.599712e-01	-2.795625e-01	-2.520496e-01	-2.751289e-02	-1.122683e-01	3.511579e-03	5.126283e-03	-1.762215e-02	-3.684794e-03	-1.393736e-02
354           	5.275798e-01	2.677288e-01	2.598509e-01	-2.735366e-01	-2.459665e-01	-2.757013e-02	-1.091982e-01	3.938947e-03	6.179114e-03	-1.736077e-02	-2.501273e-03	-1.485950e-02
355           	5.280720e-01	2.683405e-01	2.597315e-01	-2.676571e-01	-2.399534e-01	-2.770375e-02	-1.061248e-01	4.304537e-03	7.170526e-03	-1.674562e-02	-1.202285e-03	-1.554334e-02
356           	5.283993e-01	2.687843e-01	2.596150e-01	-2.622948e-01	-2.343180e-01	-2.797686e-02	-1.031706e-01	4.584679e-03	8.103361e-03	-1.589674e-02	1.549926e-04	-1.605173e-02
357           	5.286318e-01	2.690968e-01	2.595351e-01	-2.578858e-01	-2.295115e-01	-2.837429e-02	-1.005686e-01	4.780839e-03	9.077872e-03	-1.502572e-02	1.565014e-03	-1.659073e-02
358           	5.288701e-01	2.693345e-01	2.595356e-01	-2.550201e-01	-2.261515e-01	-2.886854e-02	-9.864150e-02	4.899419e-03	1.003692e-02	-1.419345e-02	2.940190e-03	-1.713364e-02
359           	5.291643e-01	2.695354e-01	2.596289e-01	-2.541754e-01	-2.248369e-01	-2.933856e-02	-9.774916e-02	4.953282e-03	1.085297e-02	-1.337207e-02	4.166932e-03	-1.753900e-02
360           	5.295317e-01	2.697262e-01	2.598054e-01	-2.552710e-01	-2.255844e-01	-2.968658e-02	-9.794890e-02	4.960398e-03	1.142220e-02	-1.257548e-02	5.134463e-03	-1.770994e-02
361           	5.299826e-01	2.699245e-01	2.600581e-01	-2.578873e-01	-2.280560e-01	-2.983126e-02	-9.911237e-02	4.933165e-03	1.163675e-02	-1.176881e-02	5.752341e-03	-1.752115e-02
362           	5.304882e-01	2.701302e-01	2.603580e-01	-2.618280e-01	-2.322147e-01	-2.961322e-02	-1.013008e-01	4.886086e-03	1.140569e-02	-1.089552e-02	5.957931e-03	-1.685345e-02
363           	5.309274e-01	2.703204e-01	2.606071e-01	-2.674532e-01	-2.386539e-01	-2.879925e-02	-1.049273e-01	4.856656e-03	1.082892e-02	-1.018741e-02	5.735213e-03	-1.592263e-02
364           	5.311712e-01	2.704404e-01	2.607309e-01	-2.749396e-01	-2.476911e-01	-2.724847e-02	-1.102213e-01	4.854756e-03	1.011910e-02	-9.941624e-03	5.148292e-03	-1.508992e-02
365           	5.311505e-01	2.703786e-01	2.607719e-01	-2.830695e-01	-2.577729e-01	-2.529652e-02	-1.162382e-01	4.803380e-03	9.299229e-03	-1.003051e-02	4.283976e-03	-1.431448e-02
366           	5.308594e-01	2.700746e-01	2.607848e-01	-2.912373e-01	-2.679646e-01	-2.327277e-02	-1.223459e-01	4.644911e-03	8.365853e-03	-1.034299e-02	3.194356e-03	-1.353735e-02
367           	5.302878e-01	2.695026e-01	2.607851e-01	-2.991396e-01	-2.777352e-01	-2.140441e-02	-1.281654e-01	4.358740e-03	7.310248e-03	-1.079722e-02	1.911640e-03	-1.270886e-02
368           	5.294531e-01	2.687162e-01	2.607369e-01	-3.063360e-01	-2.865331e-01	-1.980287e-02	-1.333651e-01	3.989655e-03	6.245503e-03	-1.141187e-02	5.395688e-04	-1.195144e-02
369           	5.284741e-01	2.678720e-01	2.606020e-01	-3.126751e-01	-2.941960e-01	-1.847916e-02	-1.378584e-01	3.634995e-03	5.375390e-03	-1.241416e-02	-8.316879e-04	-1.158247e-02
370           	5.278114e-01	2.672806e-01	2.605308e-01	-3.176223e-01	-3.000549e-01	-1.756738e-02	-1.412438e-01	3.374891e-03	4.897280e-03	-1.384288e-02	-2.024160e-03	-1.181872e-02
371           	5.276804e-01	2.670665e-01	2.606139e-01	-3.205466e-01	-3.034217e-01	-1.712496e-02	-1.431484e-01	3.226282e-03	4.820764e-03	-1.560215e-02	-2.980311e-03	-1.262184e-02
372           	5.279871e-01	2.671497e-01	2.608373e-01	-3.206162e-01	-3.033422e-01	-1.727392e-02	-1.430342e-01	3.156210e-03	5.036093e-03	-1.749856e-02	-3.713187e-03	-1.378537e-02
373           	5.285864e-01	2.674267e-01	2.611597e-01	-3.175069e-01	-2.994660e-01	-1.804087e-02	-1.407126e-01	3.133484e-03	5.451023e-03	-1.931267e-02	-4.205313e-03	-1.510736e-02
374           	5.293475e-01	2.678174e-01	2.615301e-01	-3.121281e-01	-2.929408e-01	-1.918724e-02	-1.368768e-01	3.143657e-03	5.964551e-03	-2.087756e-02	-4.474229e-03	-1.640333e-02
375           	5.300219e-01	2.682002e-01	2.618217e-01	-3.057017e-01	-2.851825e-01	-2.051925e-02	-1.323316e-01	3.189222e-03	6.621035e-03	-2.225059e-02	-4.504260e-03	-1.774633e-02
376           	5.304291e-01	2.684822e-01	2.619469e-01	-2.989593e-01	-2.770469e-01	-2.191239e-02	-1.275672e-01	3.267613e-03	7.384619e-03	-2.332120e-02	-4.275981e-03	-1.904522e-02
377           	5.306359e-01	2.686802e-01	2.619557e-01	-2.923726e-01	-2.691182e-01	-2.325444e-02	-1.229319e-01	3.362224e-03	8.204679e-03	-2.393542e-02	-3.763030e-03	-2.017239e-02
378           	5.307876e-01	2.688503e-01	2.619373e-01	-2.861501e-01	-2.616081e-01	-2.454199e-02	-1.185331e-01	3.456479e-03	9.021465e-03	-2.398009e-02	-2.968582e-03	-2.101151e-02
379           	5.309859e-01	2.690376e-01	2.619484e-01	-2.803621e-01	-2.545772e-01	-2.578491e-02	-1.143962e-01	3.544603e-03	9.757607e-03	-2.333708e-02	-1.910933e-03	-2.142615e-02
380           	5.312721e-01	2.692635e-01	2.620086e-01	-2.752366e-01	-2.482754e-01	-2.696126e-02	-1.106571e-01	3.627494e-03	1.037457e-02	-2.203621e-02	-6.435399e-04	-2.139267e-02
381           	5.316193e-01	2.695214e-01	2.620979e-01	-2.712051e-01	-2.431682e-01	-2.803693e-02	-1.075656e-01	3.711789e-03	1.086418e-02	-2.021878e-02	7.547901e-04	-2.097357e-02
382           	5.319950e-01	2.697990e-01	2.621961e-01	-2.684918e-01	-2.395071e-01	-2.898473e-02	-1.052612e-01	3.801454e-03	1.120604e-02	-1.803212e-02	2.189974e-03	-2.022210e-02
383           	5.323260e-01	2.700608e-01	2.622652e-01	-2.670322e-01	-2.372688e-01	-2.976339e-02	-1.037527e-01	3.897769e-03	1.138120e-02	-1.569277e-02	3.534812e-03	-1.922759e-02
384           	5.324462e-01	2.702259e-01	2.622203e-01	-2.666344e-01	-2.363248e-01	-3.030961e-02	-1.030076e-01	4.002759e-03	1.144020e-02	-1.349025e-02	4.695075e-03	-1.818532e-02
385           	5.321759e-01	2.701896e-01	2.619863e-01	-2.669016e-01	-2.362812e-01	-3.062038e-02	-1.028304e-01	4.101673e-03	1.134076e-02	-1.154800e-02	5.566761e-03	-1.711476e-02
386           	5.314052e-01	2.698725e-01	2.615326e-01	-2.674806e-01	-2.367690e-01	-3.071158e-02	-1.030287e-01	4.169945e-03	1.097243e-02	-9.886303e-03	6.029275e-03	-1.591558e-02
387           	5.301030e-01	2.692524e-01	2.608505e-01	-2.683832e-01	-2.378565e-01	-3.052670e-02	-1.036649e-01	4.200958e-03	1.038759e-02	-8.657638e-03	6.058767e-03	-1.471641e-02
388           	5.283808e-01	2.683940e-01	2.599868e-01	-2.696638e-01	-2.395825e-01	-3.008126e-02	-1.047506e-01	4.203581e-03	9.714032e-03	-7.988096e-03	5.719983e-03	-1.370808e-02
389           	5.265479e-01	2.674769e-01	2.590710e-01	-2.712299e-01	-2.417507e-01	-2.947917e-02	-1.061358e-01	4.202946e-03	9.132338e-03	-8.043727e-03	5.110475e-03	-1.315420e-02
390           	5.249897e-01	2.667050e-01	2.582847e-01	-2.732073e-01	-2.444218e-01	-2.878543e-02	-1.078182e-01	4.210116e-03	8.751437e-03	-8.861521e-03	4.320677e-03	-1.318220e-02
391           	5.239035e-01	2.661911e-01	2.577124e-01	-2.759203e-01	-2.479422e-01	-2.797809e-02	-1.099820e-01	4.239353e-03	8.630183e-03	-1.040054e-02	3.429912e-03	-1.383045e-02
392           	5.232744e-01	2.659322e-01	2.573422e-01	-2.794496e-01	-2.523717e-01	-2.707790e-02	-1.126469e-01	4.295026e-03	8.693408e-03	-1.245346e-02	2.466677e-03	-1.492014e-02
393           	5.230454e-01	2.659028e-01	2.571426e-01	-2.835639e-01	-2.573438e-01	-2.622005e-02	-1.155619e-01	4.380112e-03	8.859071e-03	-1.482330e-02	1.447422e-03	-1.627072e-02
394           	5.232023e-01	2.660995e-01	2.571028e-01	-2.881888e-01	-2.626931e-01	-2.549567e-02	-1.185987e-01	4.498336e-03	9.068433e-03	-1.736255e-02	3.871604e-04	-1.774971e-02
395           	5.236229e-01	2.664691e-01	2.571538e-01	-2.932658e-01	-2.682861e-01	-2.497967e-02	-1.216532e-01	4.657657e-03	9.359237e-03	-2.006014e-02	-6.708318e-04	-1.938931e-02
396           	5.240681e-01	2.669009e-01	2.571672e-01	-2.982393e-01	-2.735051e-01	-2.473422e-02	-1.243854e-01	4.866807e-03	9.806942e-03	-2.288613e-02	-1.636124e-03	-2.125001e-02
397           	5.246723e-01	2.674380e-01	2.572343e-01	-3.026343e-01	-2.778529e-01	-2.478142e-02	-1.265357e-01	5.101874e-03	1.033410e-02	-2.563496e-02	-2.483374e-03	-2.315158e-02
398           	5.253874e-01	2.680520e-01	2.573354e-01	-3.057471e-01	-2.805356e-01	-2.521151e-02	-1.276620e-01	5.358294e-03	1.085523e-02	-2.813874e-02	-3.214137e-03	-2.492460e-02
399           	5.261222e-01	2.687038e-01	2.574184e-01	-3.072537e-01	-2.812974e-01	-2.595636e-02	-1.276705e-01	5.642719e-03	1.129782e-02	-3.026651e-02	-3.835435e-03	-2.643107e-02
400           	5.268236e-01	2.693507e-01	2.574729e-01	-3.073282e-01	-2.804792e-01	-2.684904e-02	-1.268151e-01	5.938859e-03	1.158134e-02	-3.186985e-02	-4.353584e-03	-2.751627e-02
401           	5.275191e-01	2.699849e-01	2.575342e-01	-3.062783e-01	-2.785802e-01	-2.769810e-02	-1.254411e-01	6.225311e-03	1.156908e-02	-3.286356e-02	-4.862698e-03	-2.800087e-02
402           	5.283465e-01	2.706630e-01	2.576835e-01	-3.028191e-01	-2.741821e-01	-2.863702e-02	-1.227725e-01	6.489723e-03	1.124062e-02	-3.325960e-02	-5.389181e-03	-2.787041e-02
403           	5.293593e-01	2.713615e-01	2.579978e-01	-2.965660e-01	-2.668663e-01	-2.969973e-02	-1.185833e-01	6.681871e-03	1.070862e-02	-3.310508e-02	-5.843923e-03	-2.726115e-02
404           	5.303813e-01	2.719276e-01	2.584537e-01	-2.897143e-01	-2.593135e-01	-3.040084e-02	-1.144563e-01	6.736956e-03	9.969241e-03	-3.247522e-02	-6.268366e-03	-2.620685e-02
405           	5.313816e-01	2.723456e-01	2.590360e-01	-2.825743e-01	-2.519475e-01	-3.062677e-02	-1.106604e-01	6.654805e-03	9.186430e-03	-3.167572e-02	-6.651429e-03	-2.502429e-02
406           	5.323246e-01	2.725948e-01	2.597298e-01	-2.752193e-01	-2.447709e-01	-3.044842e-02	-1.071612e-01	6.432490e-03	8.362307e-03	-3.071540e-02	-6.995391e-03	-2.372001e-02
407           	5.330821e-01	2.726124e-01	2.604697e-01	-2.673147e-01	-2.373512e-01	-2.996347e-02	-1.036939e-01	6.071384e-03	7.478198e-03	-2.944217e-02	-7.242886e-03	-2.219928e-02
408           	5.336241e-01	2.724765e-01	2.611476e-01	-2.589712e-01	-2.294782e-01	-2.949308e-02	-9.999254e-02	5.664448e-03	6.673123e-03	-2.812899e-02	-7.391373e-03	-2.073762e-02
409           	5.339603e-01	2.722489e-01	2.617114e-01	-2.504950e-01	-2.214406e-01	-2.905440e-02	-9.619311e-02	5.268719e-03	6.004209e-03	-2.670899e-02	-7.350285e-03	-1.935870e-02
410           	5.340477e-01	2.719347e-01	2.621130e-01	-2.426569e-01	-2.140443e-01	-2.861258e-02	-9.271585e-02	4.910845e-03	5.447886e-03	-2.511783e-02	-7.111029e-03	-1.800680e-02
411           	5.339337e-01	2.715719e-01	2.623619e-01	-2.359675e-01	-2.076955e-01	-2.827204e-02	-8.971173e-02	4.604989e-03	4.989466e-03	-2.334669e-02	-6.683881e-03	-1.666281e-02
412           	5.337846e-01	2.712433e-01	2.625413e-01	-2.309492e-01	-2.028613e-01	-2.808791e-02	-8.738670e-02	4.351007e-03	4.618013e-03	-2.140203e-02	-6.083003e-03	-1.531903e-02
413           	5.335776e-01	2.709390e-01	2.626386e-01	-2.281236e-01	-2.000909e-01	-2.803274e-02	-8.602906e-02	4.150169e-03	4.341190e-03	-1.934869e-02	-5.333156e-03	-1.401554e-02
414           	5.331202e-01	2.705568e-01	2.625634e-01	-2.277892e-01	-1.997326e-01	-2.805659e-02	-8.583801e-02	3.996715e-03	4.183584e-03	-1.735096e-02	-4.491897e-03	-1.285906e-02
415           	5.325980e-01	2.701883e-01	2.624097e-01	-2.302844e-01	-2.019044e-01	-2.838001e-02	-8.676218e-02	3.889303e-03	4.201413e-03	-1.552179e-02	-3.559484e-03	-1.196231e-02
416           	5.320182e-01	2.698306e-01	2.621875e-01	-2.355296e-01	-2.065408e-01	-2.898875e-02	-8.877603e-02	3.821532e-03	4.402679e-03	-1.399824e-02	-2.596443e-03	-1.140180e-02
417           	5.313441e-01	2.694517e-01	2.618923e-01	-2.436098e-01	-2.138285e-01	-2.978130e-02	-9.202360e-02	3.779690e-03	4.767816e-03	-1.289359e-02	-1.678979e-03	-1.121461e-02
418           	5.307279e-01	2.691037e-01	2.616241e-01	-2.538083e-01	-2.231835e-01	-3.062484e-02	-9.627932e-02	3.739799e-03	5.223413e-03	-1.232229e-02	-9.377326e-04	-1.138456e-02
419           	5.301875e-01	2.688124e-01	2.613751e-01	-2.640480e-01	-2.323636e-01	-3.168433e-02	-1.003397e-01	3.718671e-03	5.807068e-03	-1.243731e-02	-4.115880e-04	-1.202572e-02
420           	5.296171e-01	2.685333e-01	2.610838e-01	-2.735767e-01	-2.406782e-01	-3.289846e-02	-1.038899e-01	3.724709e-03	6.449402e-03	-1.313512e-02	-1.181607e-04	-1.301696e-02
421           	5.290480e-01	2.682905e-01	2.607575e-01	-2.818883e-01	-2.477652e-01	-3.412307e-02	-1.068211e-01	3.766465e-03	7.033625e-03	-1.419938e-02	-6.606341e-05	-1.413331e-02
422           	5.285987e-01	2.681416e-01	2.604570e-01	-2.888298e-01	-2.536910e-01	-3.513875e-02	-1.092761e-01	3.842315e-03	7.441770e-03	-1.539002e-02	-2.532398e-04	-1.513678e-02
423           	5.283548e-01	2.681256e-01	2.602292e-01	-2.946476e-01	-2.588434e-01	-3.580425e-02	-1.115196e-01	3.948230e-03	7.631354e-03	-1.661832e-02	-6.778047e-04	-1.594051e-02
424           	5.283980e-01	2.682690e-01	2.601290e-01	-2.985409e-01	-2.623037e-01	-3.623719e-02	-1.130332e-01	4.069994e-03	7.650886e-03	-1.788558e-02	-1.291904e-03	-1.659368e-02
425           	5.287382e-01	2.685217e-01	2.602165e-01	-2.998547e-01	-2.632957e-01	-3.655900e-02	-1.133684e-01	4.152584e-03	7.452058e-03	-1.895122e-02	-2.023550e-03	-1.692767e-02
426           	5.292465e-01	2.687727e-01	2.604738e-01	-2.994060e-01	-2.626775e-01	-3.672842e-02	-1.129746e-01	4.149475e-03	6.952484e-03	-1.958598e-02	-2.840505e-03	-1.674547e-02
427           	5.297593e-01	2.689596e-01	2.607997e-01	-2.978026e-01	-2.610557e-01	-3.674690e-02	-1.121544e-01	4.079956e-03	6.230097e-03	-1.984228e-02	-3.691041e-03	-1.615123e-02
428           	5.301477e-01	2.690496e-01	2.610981e-01	-2.952739e-01	-2.586016e-01	-3.667235e-02	-1.109646e-01	3.975759e-03	5.378730e-03	-1.976967e-02	-4.506104e-03	-1.526356e-02
429           	5.302879e-01	2.690023e-01	2.612856e-01	-2.921356e-01	-2.556496e-01	-3.648593e-02	-1.095818e-01	3.858369e-03	4.457060e-03	-1.937504e-02	-5.230461e-03	-1.414458e-02
430           	5.301100e-01	2.688005e-01	2.613095e-01	-2.887545e-01	-2.526101e-01	-3.614440e-02	-1.082328e-01	3.745527e-03	3.573059e-03	-1.872324e-02	-5.788563e-03	-1.293468e-02
431           	5.296373e-01	2.684770e-01	2.611603e-01	-2.854249e-01	-2.498125e-01	-3.561243e-02	-1.071000e-01	3.658319e-03	2.807599e-03	-1.785288e-02	-6.118839e-03	-1.173404e-02
432           	5.290740e-01	2.681559e-01	2.609181e-01	-2.821639e-01	-2.472542e-01	-3.490972e-02	-1.061722e-01	3.618930e-03	2.228749e-03	-1.683123e-02	-6.186866e-03	-1.064437e-02
433           	5.285726e-01	2.679356e-01	2.606371e-01	-2.791495e-01	-2.451631e-01	-3.398645e-02	-1.055883e-01	3.649236e-03	1.903724e-03	-1.572759e-02	-5.960073e-03	-9.767521e-03
434           	5.281323e-01	2.678034e-01	2.603289e-01	-2.767145e-01	-2.438811e-01	-3.283341e-02	-1.055238e-01	3.737223e-03	1.824996e-03	-1.451840e-02	-5.434206e-03	-9.084197e-03
435           	5.277082e-01	2.677007e-01	2.600075e-01	-2.748751e-01	-2.432357e-01	-3.163941e-02	-1.057982e-01	3.846586e-03	1.939728e-03	-1.317631e-02	-4.648429e-03	-8.527885e-03
436           	5.273583e-01	2.676336e-01	2.597247e-01	-2.743136e-01	-2.438382e-01	-3.047540e-02	-1.066814e-01	3.954436e-03	2.254004e-03	-1.184752e-02	-3.669758e-03	-8.177766e-03
437           	5.271319e-01	2.676203e-01	2.595116e-01	-2.756243e-01	-2.461969e-01	-2.942736e-02	-1.083848e-01	4.054331e-03	2.762932e-03	-1.065226e-02	-2.563196e-03	-8.089059e-03
438           	5.269828e-01	2.676324e-01	2.593504e-01	-2.788118e-01	-2.501526e-01	-2.865918e-02	-1.107467e-01	4.141009e-03	3.414220e-03	-9.625341e-03	-1.398450e-03	-8.226891e-03
439           	5.269020e-01	2.676668e-01	2.592352e-01	-2.836208e-01	-2.553651e-01	-2.825568e-02	-1.135547e-01	4.215814e-03	4.108804e-03	-8.737223e-03	-2.598081e-04	-8.477415e-03
440           	5.268750e-01	2.677279e-01	2.591471e-01	-2.893610e-01	-2.610580e-01	-2.830299e-02	-1.163775e-01	4.290413e-03	4.698267e-03	-7.917891e-03	7.393220e-04	-8.657213e-03
441           	5.268044e-01	2.677842e-01	2.590202e-01	-2.949705e-01	-2.660998e-01	-2.887063e-02	-1.186146e-01	4.382010e-03	5.079024e-03	-7.191128e-03	1.483460e-03	-8.674588e-03
442           	5.266495e-01	2.678138e-01	2.588357e-01	-2.996002e-01	-2.697111e-01	-2.988917e-02	-1.199110e-01	4.489041e-03	5.209102e-03	-6.560967e-03	1.928618e-03	-8.489586e-03
443           	5.264552e-01	2.678282e-01	2.586270e-01	-3.028772e-01	-2.716937e-01	-3.118350e-02	-1.202551e-01	4.600567e-03	5.125334e-03	-6.094254e-03	2.078207e-03	-8.172461e-03
444           	5.263482e-01	2.678681e-01	2.584802e-01	-3.044347e-01	-2.718778e-01	-3.255689e-02	-1.196605e-01	4.693944e-03	4.950302e-03	-5.965102e-03	1.967751e-03	-7.932852e-03
445           	5.264268e-01	2.679324e-01	2.584945e-01	-3.045947e-01	-2.708319e-01	-3.376280e-02	-1.185345e-01	4.718956e-03	4.695030e-03	-6.141235e-03	1.624412e-03	-7.765648e-03
446           	5.266894e-01	2.679842e-01	2.587052e-01	-3.039493e-01	-2.693263e-01	-3.462297e-02	-1.173517e-01	4.639475e-03	4.335940e-03	-6.578020e-03	1.046930e-03	-7.624950e-03
447           	5.270842e-01	2.679916e-01	2.590926e-01	-3.027650e-01	-2.677151e-01	-3.504988e-02	-1.163326e-01	4.449499e-03	3.868304e-03	-7.282504e-03	2.270518e-04	-7.509556e-03
448           	5.274472e-01	2.678877e-01	2.595594e-01	-3.011686e-01	-2.661478e-01	-3.502078e-02	-1.155635e-01	4.164142e-03	3.275161e-03	-8.239744e-03	-8.447110e-04	-7.395033e-03
449           	5.275424e-01	2.675802e-01	2.599623e-01	-2.992548e-01	-2.647068e-01	-3.454798e-02	-1.150794e-01	3.808955e-03	2.527685e-03	-9.338118e-03	-2.141373e-03	-7.196744e-03
450           	5.272329e-01	2.670552e-01	2.601777e-01	-2.971758e-01	-2.634861e-01	-3.368976e-02	-1.148982e-01	3.438728e-03	1.696567e-03	-1.057661e-02	-3.591738e-03	-6.984872e-03
451           	5.266541e-01	2.664420e-01	2.602121e-01	-2.949603e-01	-2.623907e-01	-3.256962e-02	-1.149105e-01	3.114952e-03	9.244793e-04	-1.198810e-02	-5.069572e-03	-6.918530e-03
452           	5.260619e-01	2.659047e-01	2.601572e-01	-2.925732e-01	-2.612577e-01	-3.131549e-02	-1.149711e-01	2.873717e-03	2.536738e-04	-1.344207e-02	-6.467363e-03	-6.974710e-03
453           	5.256072e-01	2.655368e-01	2.600703e-01	-2.902406e-01	-2.602662e-01	-2.997442e-02	-1.151459e-01	2.733236e-03	-2.399912e-04	-1.487318e-02	-7.676580e-03	-7.196597e-03
454           	5.252754e-01	2.653266e-01	2.599489e-01	-2.880980e-01	-2.595018e-01	-2.859621e-02	-1.154528e-01	2.688841e-03	-4.828951e-04	-1.620842e-02	-8.587104e-03	-7.621314e-03
455           	5.250882e-01	2.652474e-01	2.598408e-01	-2.860934e-01	-2.587268e-01	-2.736659e-02	-1.156801e-01	2.703311e-03	-4.179367e-04	-1.724354e-02	-9.039706e-03	-8.203833e-03
456           	5.249703e-01	2.652551e-01	2.597152e-01	-2.844415e-01	-2.580382e-01	-2.640332e-02	-1.158175e-01	2.769959e-03	-9.570384e-05	-1.803748e-02	-9.114445e-03	-8.923038e-03
457           	5.249009e-01	2.653276e-01	2.595733e-01	-2.835160e-01	-2.577642e-01	-2.575180e-02	-1.160062e-01	2.877161e-03	5.911594e-04	-1.856719e-02	-8.692435e-03	-9.874754e-03
458           	5.247862e-01	2.654051e-01	2.593811e-01	-2.834404e-01	-2.580173e-01	-2.542310e-02	-1.162971e-01	3.012004e-03	1.599155e-03	-1.872476e-02	-7.763227e-03	-1.096154e-02
459           	5.246046e-01	2.654819e-01	2.591228e-01	-2.838659e-01	-2.585364e-01	-2.532950e-02	-1.166034e-01	3.179541e-03	2.729419e-03	-1.848501e-02	-6.513085e-03	-1.197192e-02
460           	5.244448e-01	2.655989e-01	2.588460e-01	-2.845486e-01	-2.589836e-01	-2.556500e-02	-1.167093e-01	3.376443e-03	3.970305e-03	-1.785675e-02	-4.958072e-03	-1.289868e-02
461           	5.242962e-01	2.657573e-01	2.585389e-01	-2.852964e-01	-2.592480e-01	-2.604845e-02	-1.165998e-01	3.609235e-03	5.164522e-03	-1.686403e-02	-3.267494e-03	-1.359654e-02
462           	5.241594e-01	2.659392e-01	2.582202e-01	-2.858899e-01	-2.592049e-01	-2.668494e-02	-1.162600e-01	3.859509e-03	6.082804e-03	-1.539902e-02	-1.616705e-03	-1.378231e-02
463           	5.241162e-01	2.661820e-01	2.579342e-01	-2.854671e-01	-2.579074e-01	-2.755970e-02	-1.151738e-01	4.123921e-03	6.601974e-03	-1.352950e-02	-1.627772e-04	-1.336673e-02
464           	5.242088e-01	2.665342e-01	2.576746e-01	-2.848057e-01	-2.562365e-01	-2.856918e-02	-1.138337e-01	4.429832e-03	6.822297e-03	-1.191718e-02	8.637066e-04	-1.278089e-02
465           	5.243802e-01	2.668982e-01	2.574820e-01	-2.848088e-01	-2.552877e-01	-2.952109e-02	-1.128833e-01	4.708060e-03	6.657521e-03	-1.044865e-02	1.433194e-03	-1.188185e-02
466           	5.246153e-01	2.672210e-01	2.573943e-01	-2.850532e-01	-2.545993e-01	-3.045393e-02	-1.120727e-01	4.913329e-03	6.148060e-03	-9.178523e-03	1.558798e-03	-1.073732e-02
467           	5.248731e-01	2.674516e-01	2.574214e-01	-2.852941e-01	-2.538720e-01	-3.142207e-02	-1.112250e-01	5.015106e-03	5.394291e-03	-8.259393e-03	1.264595e-03	-9.523988e-03
468           	5.250885e-01	2.675369e-01	2.575516e-01	-2.853153e-01	-2.528674e-01	-3.244791e-02	-1.102097e-01	4.992632e-03	4.503225e-03	-7.767920e-03	6.192652e-04	-8.387185e-03
469           	5.252144e-01	2.674815e-01	2.577329e-01	-2.848777e-01	-2.513479e-01	-3.352979e-02	-1.089091e-01	4.874291e-03	3.617284e-03	-7.762649e-03	-2.640403e-04	-7.498608e-03
470           	5.252358e-01	2.673384e-01	2.578974e-01	-2.841272e-01	-2.495710e-01	-3.455625e-02	-1.075074e-01	4.720476e-03	2.980294e-03	-8.412347e-03	-1.225880e-03	-7.186467e-03
471           	5.252093e-01	2.671992e-01	2.580101e-01	-2.833685e-01	-2.479757e-01	-3.539283e-02	-1.062914e-01	4.594540e-03	2.844917e-03	-9.900915e-03	-2.105541e-03	-7.795374e-03
472           	5.252937e-01	2.671611e-01	2.581326e-01	-2.829405e-01	-2.470644e-01	-3.587610e-02	-1.055942e-01	4.514273e-03	3.179041e-03	-1.201283e-02	-2.827373e-03	-9.185454e-03
473           	5.255516e-01	2.672216e-01	2.583300e-01	-2.828970e-01	-2.470425e-01	-3.585450e-02	-1.055940e-01	4.445766e-03	3.693696e-03	-1.419754e-02	-3.405074e-03	-1.079247e-02
474           	5.258574e-01	2.673030e-01	2.585544e-01	-2.830023e-01	-2.476337e-01	-3.536860e-02	-1.061326e-01	4.374288e-03	4.191776e-03	-1.614818e-02	-3.882316e-03	-1.226587e-02
475           	5.260987e-01	2.673605e-01	2.587382e-01	-2.831583e-01	-2.486167e-01	-3.454160e-02	-1.070376e-01	4.311159e-03	4.671410e-03	-1.789336e-02	-4.275272e-03	-1.361809e-02
476           	5.262977e-01	2.674181e-01	2.588796e-01	-2.836055e-01	-2.501733e-01	-3.343215e-02	-1.083706e-01	4.269278e-03	5.219339e-03	-1.955885e-02	-4.560088e-03	-1.499877e-02
477           	5.264042e-01	2.674620e-01	2.589422e-01	-2.844844e-01	-2.524020e-01	-3.208244e-02	-1.101598e-01	4.259894e-03	5.856215e-03	-2.116247e-02	-4.725021e-03	-1.643745e-02
478           	5.263647e-01	2.674642e-01	2.589005e-01	-2.858955e-01	-2.553560e-01	-3.053944e-02	-1.124083e-01	4.281848e-03	6.549284e-03	-2.264022e-02	-4.770828e-03	-1.786940e-02
479           	5.262010e-01	2.674212e-01	2.587798e-01	-2.877128e-01	-2.588040e-01	-2.890881e-02	-1.149476e-01	4.320662e-03	7.222902e-03	-2.388451e-02	-4.719352e-03	-1.916516e-02
480           	5.259867e-01	2.673571e-01	2.586296e-01	-2.896495e-01	-2.623039e-01	-2.734564e-02	-1.174791e-01	4.363763e-03	7.844576e-03	-2.486565e-02	-4.588246e-03	-2.027740e-02
481           	5.257697e-01	2.672941e-01	2.584756e-01	-2.914274e-01	-2.654489e-01	-2.597847e-02	-1.197352e-01	4.409256e-03	8.411193e-03	-2.559568e-02	-4.386648e-03	-2.120903e-02
482           	5.255719e-01	2.672486e-01	2.583233e-01	-2.928999e-01	-2.680259e-01	-2.487399e-02	-1.215759e-01	4.462650e-03	8.856184e-03	-2.598703e-02	-4.137330e-03	-2.184970e-02
483           	5.254205e-01	2.672375e-01	2.581830e-01	-2.941522e-01	-2.700895e-01	-2.406265e-02	-1.230134e-01	4.527236e-03	9.069628e-03	-2.590819e-02	-3.884469e-03	-2.202372e-02
484           	5.253479e-01	2.672612e-01	2.580867e-01	-2.954634e-01	-2.720432e-01	-2.342015e-02	-1.243115e-01	4.587282e-03	8.923057e-03	-2.516389e-02	-3.658889e-03	-2.150500e-02
485           	5.254428e-01	2.673626e-01	2.580802e-01	-2.964249e-01	-2.734429e-01	-2.298195e-02	-1.252305e-01	4.641195e-03	8.366808e-03	-2.364806e-02	-3.457223e-03	-2.019084e-02
486           	5.258148e-01	2.676234e-01	2.581914e-01	-2.962108e-01	-2.730944e-01	-2.311640e-02	-1.249890e-01	4.715959e-03	7.680037e-03	-2.189718e-02	-3.268553e-03	-1.862863e-02
487           	5.263366e-01	2.679366e-01	2.584000e-01	-2.959997e-01	-2.723811e-01	-2.361854e-02	-1.243813e-01	4.768281e-03	6.920259e-03	-2.008193e-02	-3.120706e-03	-1.696122e-02
488           	5.268807e-01	2.682125e-01	2.586682e-01	-2.957959e-01	-2.714933e-01	-2.430260e-02	-1.235953e-01	4.772127e-03	6.073129e-03	-1.814381e-02	-2.998776e-03	-1.514503e-02
489           	5.273453e-01	2.684184e-01	2.589268e-01	-2.951130e-01	-2.699050e-01	-2.520804e-02	-1.223485e-01	4.745822e-03	5.261798e-03	-1.633689e-02	-2.906649e-03	-1.343025e-02
490           	5.275958e-01	2.685020e-01	2.590938e-01	-2.937883e-01	-2.674930e-01	-2.629526e-02	-1.205989e-01	4.704103e-03	4.564070e-03	-1.483249e-02	-2.852177e-03	-1.198032e-02
491           	5.275690e-01	2.684521e-01	2.591169e-01	-2.916246e-01	-2.640332e-01	-2.759143e-02	-1.182209e-01	4.667591e-03	4.053750e-03	-1.376511e-02	-2.828806e-03	-1.093631e-02
492           	5.273487e-01	2.683354e-01	2.590133e-01	-2.887096e-01	-2.596640e-01	-2.904564e-02	-1.153092e-01	4.661069e-03	3.810751e-03	-1.326259e-02	-2.820544e-03	-1.044205e-02
493           	5.269836e-01	2.681741e-01	2.588094e-01	-2.854057e-01	-2.548919e-01	-3.051383e-02	-1.121890e-01	4.682367e-03	3.799788e-03	-1.328601e-02	-2.843215e-03	-1.044279e-02
494           	5.265102e-01	2.679762e-01	2.585339e-01	-2.819828e-01	-2.500643e-01	-3.191855e-02	-1.090729e-01	4.721157e-03	4.006879e-03	-1.380724e-02	-2.896739e-03	-1.091050e-02
495           	5.259941e-01	2.677639e-01	2.582302e-01	-2.786140e-01	-2.453359e-01	-3.327811e-02	-1.060289e-01	4.766824e-03	4.427189e-03	-1.479218e-02	-2.968903e-03	-1.182328e-02
496           	5.255771e-01	2.676105e-01	2.579666e-01	-2.754061e-01	-2.407187e-01	-3.468738e-02	-1.030157e-01	4.821972e-03	5.163671e-03	-1.629851e-02	-2.985583e-03	-1.331293e-02
497           	5.253826e-01	2.675854e-01	2.577972e-01	-2.727676e-01	-2.366035e-01	-3.616412e-02	-1.002197e-01	4.894118e-03	6.207598e-03	-1.825585e-02	-2.920327e-03	-1.533552e-02
498           	5.253926e-01	2.676737e-01	2.577189e-01	-2.711010e-01	-2.334318e-01	-3.766924e-02	-9.788126e-02	4.977402e-03	7.334315e-03	-2.033771e-02	-2.834542e-03	-1.750317e-02
499           	5.254682e-01	2.678025e-01	2.576657e-01	-2.707422e-01	-2.316416e-01	-3.910062e-02	-9.627048e-02	5.068381e-03	8.324413e-03	-2.221552e-02	-2.783347e-03	-1.943217e-02
500           	5.255166e-01	2.679256e-01	2.575911e-01	-2.719925e-01	-2.317236e-01	-4.026890e-02	-9.572737e-02	5.167242e-03	8.983969e-03	-2.357582e-02	-2.803943e-03	-2.077188e-02
501           	5.254942e-01	2.680314e-01	2.574628e-01	-2.746370e-01	-2.336025e-01	-4.103452e-02	-9.628399e-02	5.284302e-03	9.200684e-03	-2.425229e-02	-2.925461e-03	-2.132683e-02
502           	5.254082e-01	2.681380e-01	2.572701e-01	-2.783480e-01	-2.369679e-01	-4.138010e-02	-9.779391e-02	5.433971e-03	9.007196e-03	-2.429626e-02	-3.140932e-03	-2.115532e-02
503           	5.252888e-01	2.682668e-01	2.570220e-01	-2.828965e-01	-2.415574e-01	-4.133914e-02	-1.001091e-01	5.622396e-03	8.505761e-03	-2.385003e-02	-3.419252e-03	-2.043077e-02
504           	5.252254e-01	2.684623e-01	2.567631e-01	-2.877429e-01	-2.467507e-01	-4.099228e-02	-1.028792e-01	5.849625e-03	7.833575e-03	-2.312966e-02	-3.731254e-03	-1.939840e-02
505           	5.253079e-01	2.687651e-01	2.565427e-01	-2.919692e-01	-2.514727e-01	-4.049650e-02	-1.054881e-01	6.111210e-03	7.272828e-03	-2.257490e-02	-4.014624e-03	-1.856028e-02
506           	5.255164e-01	2.691464e-01	2.563701e-01	-2.951703e-01	-2.552618e-01	-3.990846e-02	-1.076767e-01	6.388143e-03	7.105593e-03	-2.262177e-02	-4.205294e-03	-1.841648e-02
507           	5.256831e-01	2.694498e-01	2.562333e-01	-2.976884e-01	-2.585462e-01	-3.914227e-02	-1.097019e-01	6.608274e-03	7.215057e-03	-2.315406e-02	-4.361973e-03	-1.879209e-02
508           	5.256766e-01	2.695339e-01	2.561427e-01	-2.993932e-01	-2.613414e-01	-3.805183e-02	-1.116448e-01	6.695581e-03	7.243788e-03	-2.381963e-02	-4.666026e-03	-1.915360e-02
509           	5.255171e-01	2.694085e-01	2.561086e-01	-3.004846e-01	-2.637121e-01	-3.677253e-02	-1.134698e-01	6.649966e-03	7.157841e-03	-2.467015e-02	-5.177236e-03	-1.949292e-02
510           	5.252364e-01	2.690838e-01	2.561526e-01	-3.007762e-01	-2.655046e-01	-3.527164e-02	-1.151165e-01	6.465618e-03	6.752029e-03	-2.551670e-02	-6.006320e-03	-1.951038e-02
511           	5.249350e-01	2.686661e-01	2.562689e-01	-3.002134e-01	-2.667075e-01	-3.350590e-02	-1.166008e-01	6.198606e-03	6.187216e-03	-2.670176e-02	-7.163664e-03	-1.953810e-02
512           	5.247386e-01	2.682501e-01	2.564885e-01	-2.985281e-01	-2.670300e-01	-3.149809e-02	-1.177660e-01	5.880756e-03	5.548725e-03	-2.807854e-02	-8.490544e-03	-1.958799e-02
513           	5.245811e-01	2.678610e-01	2.567201e-01	-2.955216e-01	-2.661589e-01	-2.936266e-02	-1.183981e-01	5.570484e-03	5.092716e-03	-2.979601e-02	-9.805288e-03	-1.999072e-02
514           	5.243687e-01	2.674618e-01	2.569069e-01	-2.910847e-01	-2.638453e-01	-2.723940e-02	-1.183029e-01	5.277435e-03	4.760033e-03	-3.166288e-02	-1.107141e-02	-2.059147e-02
515           	5.240425e-01	2.670215e-01	2.570210e-01	-2.851809e-01	-2.599237e-01	-2.525723e-02	-1.173332e-01	5.000203e-03	4.529384e-03	-3.347073e-02	-1.220598e-02	-2.126475e-02
516           	5.236120e-01	2.665248e-01	2.570872e-01	-2.781056e-01	-2.546176e-01	-2.348798e-02	-1.155648e-01	4.718821e-03	4.304858e-03	-3.486878e-02	-1.312953e-02	-2.173925e-02
517           	5.231330e-01	2.659882e-01	2.571448e-01	-2.704119e-01	-2.484158e-01	-2.199612e-02	-1.132098e-01	4.421708e-03	4.009104e-03	-3.554600e-02	-1.376390e-02	-2.178210e-02
518           	5.226635e-01	2.654627e-01	2.572008e-01	-2.628660e-01	-2.420459e-01	-2.082003e-02	-1.106130e-01	4.130962e-03	4.071008e-03	-3.552009e-02	-1.368904e-02	-2.183105e-02
519           	5.223645e-01	2.650079e-01	2.573567e-01	-2.562129e-01	-2.361727e-01	-2.004020e-02	-1.080663e-01	3.825596e-03	4.306841e-03	-3.447337e-02	-1.292985e-02	-2.154353e-02
520           	5.224444e-01	2.647430e-01	2.577014e-01	-2.507901e-01	-2.310480e-01	-1.974206e-02	-1.056530e-01	3.520772e-03	4.746343e-03	-3.230883e-02	-1.140807e-02	-2.090076e-02
521           	5.228129e-01	2.646435e-01	2.581694e-01	-2.466756e-01	-2.267925e-01	-1.988311e-02	-1.034547e-01	3.237025e-03	5.573088e-03	-2.900245e-02	-8.928139e-03	-2.007431e-02
522           	5.234369e-01	2.646783e-01	2.587586e-01	-2.438677e-01	-2.234473e-01	-2.042036e-02	-1.015135e-01	2.959873e-03	6.529679e-03	-2.456389e-02	-5.752269e-03	-1.881163e-02
523           	5.242174e-01	2.648540e-01	2.593634e-01	-2.424339e-01	-2.212297e-01	-2.120429e-02	-1.000127e-01	2.745314e-03	7.529991e-03	-1.944408e-02	-2.192047e-03	-1.725203e-02
524           	5.249896e-01	2.651185e-01	2.598711e-01	-2.424250e-01	-2.204285e-01	-2.199648e-02	-9.921603e-02	2.623679e-03	8.586846e-03	-1.403569e-02	1.569003e-03	-1.560469e-02
525           	5.256223e-01	2.654258e-01	2.601965e-01	-2.436745e-01	-2.209932e-01	-2.268125e-02	-9.915600e-02	2.614624e-03	9.508172e-03	-8.876905e-03	5.069719e-03	-1.394662e-02
526           	5.259498e-01	2.656961e-01	2.602537e-01	-2.459751e-01	-2.228315e-01	-2.314363e-02	-9.984393e-02	2.721181e-03	1.018982e-02	-4.399841e-03	7.989901e-03	-1.238974e-02
527           	5.260021e-01	2.658791e-01	2.601230e-01	-2.490301e-01	-2.257187e-01	-2.331139e-02	-1.012037e-01	2.878092e-03	1.040167e-02	-4.266512e-04	1.018835e-02	-1.061500e-02
528           	5.254083e-01	2.658144e-01	2.595939e-01	-2.525956e-01	-2.293182e-01	-2.327740e-02	-1.030204e-01	3.110248e-03	1.021180e-02	2.309079e-03	1.136634e-02	-9.057263e-03
529           	5.242666e-01	2.654830e-01	2.587836e-01	-2.563373e-01	-2.332136e-01	-2.312368e-02	-1.050450e-01	3.349671e-03	9.655359e-03	3.951187e-03	1.163095e-02	-7.679766e-03
530           	5.228382e-01	2.649322e-01	2.579060e-01	-2.599909e-01	-2.370446e-01	-2.294625e-02	-1.070492e-01	3.513081e-03	8.763789e-03	4.692183e-03	1.110988e-02	-6.417697e-03
531           	5.213222e-01	2.641985e-01	2.571237e-01	-2.632495e-01	-2.403593e-01	-2.289019e-02	-1.087345e-01	3.537393e-03	7.612977e-03	4.650170e-03	9.938062e-03	-5.287892e-03
532           	5.199737e-01	2.634217e-01	2.565521e-01	-2.658576e-01	-2.428097e-01	-2.304783e-02	-1.098810e-01	3.434791e-03	6.436007e-03	3.729055e-03	8.300534e-03	-4.571479e-03
533           	5.190467e-01	2.627982e-01	2.562486e-01	-2.680810e-01	-2.447306e-01	-2.335048e-02	-1.106900e-01	3.274796e-03	5.495648e-03	1.821694e-03	6.406495e-03	-4.584801e-03
534           	5.185923e-01	2.624031e-01	2.561893e-01	-2.701278e-01	-2.464015e-01	-2.372636e-02	-1.113376e-01	3.106897e-03	4.865562e-03	-9.169932e-04	4.407065e-03	-5.324058e-03
535           	5.183652e-01	2.621334e-01	2.562318e-01	-2.719782e-01	-2.478618e-01	-2.411639e-02	-1.118727e-01	2.950805e-03	4.554337e-03	-4.208273e-03	2.450200e-03	-6.658473e-03
536           	5.181345e-01	2.618820e-01	2.562524e-01	-2.733904e-01	-2.488851e-01	-2.450528e-02	-1.121899e-01	2.814810e-03	4.576002e-03	-7.808254e-03	6.718752e-04	-8.480129e-03
537           	5.179091e-01	2.616592e-01	2.562499e-01	-2.742426e-01	-2.493314e-01	-2.491121e-02	-1.122101e-01	2.704661e-03	4.938579e-03	-1.157349e-02	-8.481670e-04	-1.072532e-02
538           	5.177815e-01	2.615254e-01	2.562560e-01	-2.746588e-01	-2.492833e-01	-2.537554e-02	-1.119539e-01	2.634685e-03	5.689445e-03	-1.554721e-02	-2.084162e-03	-1.346305e-02
539           	5.179178e-01	2.615622e-01	2.563556e-01	-2.750499e-01	-2.491714e-01	-2.587851e-02	-1.116464e-01	2.603275e-03	6.795842e-03	-1.965172e-02	-3.030017e-03	-1.662170e-02
540           	5.184460e-01	2.618280e-01	2.566180e-01	-2.759518e-01	-2.495588e-01	-2.639297e-02	-1.115829e-01	2.605029e-03	8.060565e-03	-2.359864e-02	-3.738753e-03	-1.985988e-02
541           	5.193322e-01	2.623247e-01	2.570075e-01	-2.778604e-01	-2.510523e-01	-2.680814e-02	-1.121221e-01	2.658603e-03	9.427911e-03	-2.724545e-02	-4.194811e-03	-2.305063e-02
542           	5.204361e-01	2.630051e-01	2.574310e-01	-2.809285e-01	-2.539765e-01	-2.695200e-02	-1.135122e-01	2.787041e-03	1.110863e-02	-3.055359e-02	-4.168171e-03	-2.638542e-02
543           	5.216784e-01	2.637982e-01	2.578803e-01	-2.849471e-01	-2.581364e-01	-2.681077e-02	-1.156628e-01	2.958949e-03	1.283998e-02	-3.319011e-02	-3.755073e-03	-2.943504e-02
544           	5.229732e-01	2.646360e-01	2.583371e-01	-2.894224e-01	-2.630707e-01	-2.635164e-02	-1.183595e-01	3.149460e-03	1.458794e-02	-3.483592e-02	-2.830025e-03	-3.200590e-02
545           	5.241894e-01	2.654068e-01	2.587827e-01	-2.937671e-01	-2.682068e-01	-2.556027e-02	-1.213233e-01	3.312056e-03	1.608848e-02	-3.507553e-02	-1.449289e-03	-3.362624e-02
546           	5.252285e-01	2.660608e-01	2.591677e-01	-2.974909e-01	-2.730302e-01	-2.446067e-02	-1.242848e-01	3.446570e-03	1.723321e-02	-3.392050e-02	2.729568e-04	-3.419346e-02
547           	5.259734e-01	2.665531e-01	2.594203e-01	-2.999818e-01	-2.768514e-01	-2.313036e-02	-1.268605e-01	3.566405e-03	1.806541e-02	-3.161917e-02	2.255829e-03	-3.387499e-02
548           	5.263808e-01	2.668757e-01	2.595050e-01	-3.005961e-01	-2.788332e-01	-2.176290e-02	-1.285351e-01	3.685350e-03	1.849890e-02	-2.861600e-02	4.190900e-03	-3.280690e-02
549           	5.264334e-01	2.670371e-01	2.593964e-01	-2.995635e-01	-2.790598e-01	-2.050366e-02	-1.292781e-01	3.820337e-03	1.853123e-02	-2.558061e-02	5.740919e-03	-3.132153e-02
550           	5.260882e-01	2.670242e-01	2.590641e-01	-2.980659e-01	-2.787662e-01	-1.929971e-02	-1.297332e-01	3.980051e-03	1.818335e-02	-2.291111e-02	6.727799e-03	-2.963891e-02
551           	5.253741e-01	2.668370e-01	2.585371e-01	-2.964413e-01	-2.782655e-01	-1.817582e-02	-1.300448e-01	4.149924e-03	1.746058e-02	-2.066627e-02	7.127446e-03	-2.779371e-02
552           	5.245093e-01	2.665756e-01	2.579337e-01	-2.947218e-01	-2.774476e-01	-1.727417e-02	-1.300867e-01	4.320994e-03	1.641480e-02	-1.898836e-02	6.920624e-03	-2.590898e-02
553           	5.236438e-01	2.663009e-01	2.573429e-01	-2.932914e-01	-2.766057e-01	-1.668572e-02	-1.299600e-01	4.479003e-03	1.516378e-02	-1.800262e-02	6.162471e-03	-2.416510e-02
554           	5.227142e-01	2.659720e-01	2.567422e-01	-2.925566e-01	-2.762000e-01	-1.635655e-02	-1.299217e-01	4.614915e-03	1.384320e-02	-1.776209e-02	4.962153e-03	-2.272424e-02
555           	5.215480e-01	2.654930e-01	2.560551e-01	-2.922250e-01	-2.759406e-01	-1.628438e-02	-1.298281e-01	4.718949e-03	1.255550e-02	-1.817332e-02	3.468842e-03	-2.164217e-02
556           	5.201678e-01	2.648538e-01	2.553140e-01	-2.919886e-01	-2.755762e-01	-1.641241e-02	-1.295819e-01	4.769875e-03	1.124054e-02	-1.899234e-02	1.744372e-03	-2.073671e-02
557           	5.186218e-01	2.640900e-01	2.545318e-01	-2.916481e-01	-2.749468e-01	-1.670127e-02	-1.291228e-01	4.779112e-03	1.005087e-02	-2.026738e-02	-8.281848e-05	-2.018456e-02
558           	5.169784e-01	2.632489e-01	2.537295e-01	-2.908691e-01	-2.736490e-01	-1.722015e-02	-1.282144e-01	4.759708e-03	9.171060e-03	-2.209209e-02	-1.874984e-03	-2.021710e-02
559           	5.155491e-01	2.625085e-01	2.530406e-01	-2.892893e-01	-2.712782e-01	-1.801120e-02	-1.266335e-01	4.733962e-03	8.794401e-03	-2.461716e-02	-3.514177e-03	-2.110298e-02
560           	5.145966e-01	2.620315e-01	2.525651e-01	-2.866183e-01	-2.674512e-01	-1.916708e-02	-1.241421e-01	4.733223e-03	9.088852e-03	-2.798112e-02	-4.901708e-03	-2.307941e-02
561           	5.142893e-01	2.619130e-01	2.523764e-01	-2.827595e-01	-2.620506e-01	-2.070893e-02	-1.206708e-01	4.768306e-03	1.007780e-02	-3.209503e-02	-5.969715e-03	-2.612532e-02
562           	5.147119e-01	2.621756e-01	2.525363e-01	-2.778673e-01	-2.553307e-01	-2.253653e-02	-1.163971e-01	4.819681e-03	1.160155e-02	-3.655058e-02	-6.673733e-03	-2.987684e-02
563           	5.158157e-01	2.627829e-01	2.530328e-01	-2.723656e-01	-2.479065e-01	-2.445917e-02	-1.117236e-01	4.875062e-03	1.345387e-02	-4.087724e-02	-6.984750e-03	-3.389249e-02
564           	5.174537e-01	2.636565e-01	2.537972e-01	-2.671146e-01	-2.409098e-01	-2.620481e-02	-1.073525e-01	4.929640e-03	1.539542e-02	-4.463327e-02	-6.921211e-03	-3.771206e-02
565           	5.194768e-01	2.647355e-01	2.547414e-01	-2.627331e-01	-2.351432e-01	-2.758996e-02	-1.037766e-01	4.997031e-03	1.734651e-02	-4.757782e-02	-6.442398e-03	-4.113542e-02
566           	5.217092e-01	2.659031e-01	2.558060e-01	-2.593146e-01	-2.307470e-01	-2.856764e-02	-1.010897e-01	5.048546e-03	1.912126e-02	-4.931987e-02	-5.538670e-03	-4.378120e-02
567           	5.240115e-01	2.670406e-01	2.569709e-01	-2.567204e-01	-2.274932e-01	-2.922721e-02	-9.913298e-02	5.034816e-03	2.042094e-02	-4.956983e-02	-4.363976e-03	-4.520585e-02
568           	5.261884e-01	2.680164e-01	2.581721e-01	-2.549690e-01	-2.253766e-01	-2.959238e-02	-9.789213e-02	4.922157e-03	2.099186e-02	-4.808748e-02	-3.051881e-03	-4.503559e-02
569           	5.279235e-01	2.686670e-01	2.592564e-01	-2.540545e-01	-2.243151e-01	-2.973944e-02	-9.728782e-02	4.705292e-03	2.069550e-02	-4.493861e-02	-1.773807e-03	-4.316481e-02
570           	5.289439e-01	2.688839e-01	2.600600e-01	-2.538432e-01	-2.241108e-01	-2.973243e-02	-9.718917e-02	4.411968e-03	1.966048e-02	-4.059596e-02	-6.374994e-04	-3.995846e-02
571           	5.291098e-01	2.686445e-01	2.604653e-01	-2.541932e-01	-2.246198e-01	-2.957342e-02	-9.752318e-02	4.089573e-03	1.816479e-02	-3.558796e-02	3.708170e-04	-3.595877e-02
572           	5.286748e-01	2.681270e-01	2.605478e-01	-2.549998e-01	-2.257039e-01	-2.929587e-02	-9.820402e-02	3.789577e-03	1.639032e-02	-3.046257e-02	1.159036e-03	-3.162160e-02
573           	5.280169e-01	2.675430e-01	2.604739e-01	-2.561863e-01	-2.272339e-01	-2.895249e-02	-9.914068e-02	3.534571e-03	1.441227e-02	-2.553867e-02	1.642940e-03	-2.718161e-02
574           	5.274210e-01	2.670589e-01	2.603621e-01	-2.577028e-01	-2.290875e-01	-2.861532e-02	-1.002361e-01	3.348416e-03	1.228260e-02	-2.092908e-02	1.818059e-03	-2.274714e-02
575           	5.269515e-01	2.667134e-01	2.602381e-01	-2.595575e-01	-2.312005e-01	-2.835703e-02	-1.014217e-01	3.237647e-03	9.957267e-03	-1.668539e-02	1.614572e-03	-1.829996e-02
576           	5.265551e-01	2.664863e-01	2.600688e-01	-2.620264e-01	-2.337183e-01	-2.830806e-02	-1.027051e-01	3.208751e-03	7.541689e-03	-1.297409e-02	1.054646e-03	-1.402873e-02
577           	5.262525e-01	2.663667e-01	2.598858e-01	-2.657226e-01	-2.372538e-01	-2.846882e-02	-1.043925e-01	3.240440e-03	5.087042e-03	-9.807990e-03	1.830469e-04	-9.991036e-03
578           	5.259551e-01	2.662858e-01	2.596693e-01	-2.704485e-01	-2.415526e-01	-2.889590e-02	-1.063284e-01	3.308284e-03	2.775360e-03	-7.329016e-03	-8.891481e-04	-6.439868e-03
579           	5.256185e-01	2.661874e-01	2.594311e-01	-2.756200e-01	-2.459979e-01	-2.962212e-02	-1.081879e-01	3.378161e-03	8.205373e-04	-5.687622e-03	-2.023274e-03	-3.664349e-03
580           	5.253257e-01	2.660715e-01	2.592542e-01	-2.805057e-01	-2.498903e-01	-3.061540e-02	-1.096374e-01	3.408654e-03	-6.455853e-04	-4.923456e-03	-3.107313e-03	-1.816143e-03
581           	5.251262e-01	2.659400e-01	2.591861e-01	-2.844079e-01	-2.525148e-01	-3.189311e-02	-1.103108e-01	3.376941e-03	-1.599246e-03	-4.960106e-03	-4.079299e-03	-8.808073e-04
582           	5.251310e-01	2.658341e-01	2.592968e-01	-2.868004e-01	-2.534010e-01	-3.339940e-02	-1.100008e-01	3.268661e-03	-2.154551e-03	-5.548782e-03	-4.928942e-03	-6.198396e-04
583           	5.254368e-01	2.658118e-01	2.596250e-01	-2.879420e-01	-2.530633e-01	-3.487877e-02	-1.090922e-01	3.093364e-03	-2.432992e-03	-6.441932e-03	-5.653958e-03	-7.879737e-04
584           	5.260166e-01	2.659169e-01	2.600997e-01	-2.887176e-01	-2.526850e-01	-3.603259e-02	-1.083262e-01	2.908615e-03	-2.385985e-03	-7.734478e-03	-6.253224e-03	-1.481254e-03
585           	5.268824e-01	2.662018e-01	2.606806e-01	-2.895995e-01	-2.529431e-01	-3.665647e-02	-1.081433e-01	2.760592e-03	-1.946616e-03	-9.482113e-03	-6.687672e-03	-2.794441e-03
586           	5.280145e-01	2.666677e-01	2.613468e-01	-2.906009e-01	-2.539462e-01	-3.665466e-02	-1.086458e-01	2.660435e-03	-1.129250e-03	-1.152414e-02	-6.891321e-03	-4.632822e-03
587           	5.292891e-01	2.672548e-01	2.620343e-01	-2.914752e-01	-2.554065e-01	-3.606872e-02	-1.096689e-01	2.610268e-03	-5.722193e-05	-1.363689e-02	-6.875669e-03	-6.761225e-03
588           	5.304968e-01	2.678508e-01	2.626460e-01	-2.917275e-01	-2.566347e-01	-3.509283e-02	-1.107709e-01	2.602368e-03	1.186507e-03	-1.569998e-02	-6.663484e-03	-9.036499e-03
589           	5.313492e-01	2.682891e-01	2.630601e-01	-2.908121e-01	-2.568686e-01	-3.394349e-02	-1.114626e-01	2.614475e-03	2.515603e-03	-1.747934e-02	-6.224064e-03	-1.125527e-02
590           	5.316593e-01	2.684367e-01	2.632227e-01	-2.887019e-01	-2.559515e-01	-3.275035e-02	-1.116006e-01	2.606997e-03	3.705418e-03	-1.868955e-02	-5.639359e-03	-1.305019e-02
591           	5.313401e-01	2.682310e-01	2.631091e-01	-2.860810e-01	-2.546113e-01	-3.146972e-02	-1.115708e-01	2.560993e-03	4.591795e-03	-1.918226e-02	-4.999337e-03	-1.418293e-02
592           	5.304998e-01	2.677440e-01	2.627558e-01	-2.835830e-01	-2.535602e-01	-3.002281e-02	-1.117687e-01	2.494063e-03	5.063844e-03	-1.897055e-02	-4.421431e-03	-1.454912e-02
593           	5.293501e-01	2.671069e-01	2.622432e-01	-2.814157e-01	-2.528786e-01	-2.853709e-02	-1.121708e-01	2.431865e-03	5.138828e-03	-1.821929e-02	-3.970817e-03	-1.424847e-02
594           	5.282056e-01	2.665182e-01	2.616874e-01	-2.796481e-01	-2.523941e-01	-2.725400e-02	-1.125701e-01	2.415412e-03	4.933567e-03	-1.728201e-02	-3.707438e-03	-1.357457e-02
595           	5.271930e-01	2.660560e-01	2.611370e-01	-2.786595e-01	-2.524488e-01	-2.621078e-02	-1.131190e-01	2.459515e-03	4.596667e-03	-1.652024e-02	-3.663452e-03	-1.285679e-02
596           	5.262662e-01	2.656746e-01	2.605916e-01	-2.787054e-01	-2.532133e-01	-2.549215e-02	-1.138606e-01	2.541518e-03	4.184674e-03	-1.602756e-02	-3.829105e-03	-1.219845e-02
597           	5.255249e-01	2.653959e-01	2.601290e-01	-2.800640e-01	-2.549816e-01	-2.508239e-02	-1.149496e-01	2.633442e-03	3.741987e-03	-1.588236e-02	-4.199195e-03	-1.168317e-02
598           	5.249340e-01	2.651733e-01	2.597607e-01	-2.824290e-01	-2.573198e-01	-2.510920e-02	-1.161053e-01	2.706283e-03	3.223103e-03	-1.603667e-02	-4.795235e-03	-1.124144e-02
599           	5.245841e-01	2.650415e-01	2.595426e-01	-2.854549e-01	-2.598846e-01	-2.557025e-02	-1.171572e-01	2.749474e-03	2.668619e-03	-1.650488e-02	-5.583820e-03	-1.092106e-02
600           	5.246215e-01	2.650811e-01	2.595403e-01	-2.886187e-01	-2.621901e-01	-2.642864e-02	-1.178807e-01	2.770388e-03	2.116819e-03	-1.730250e-02	-6.534433e-03	-1.076807e-02
601           	5.250458e-01	2.653095e-01	2.597363e-01	-2.914083e-01	-2.637409e-01	-2.766740e-02	-1.180368e-01	2.786631e-03	1.564810e-03	-1.848830e-02	-7.679342e-03	-1.080896e-02
602           	5.258845e-01	2.657699e-01	2.601145e-01	-2.932455e-01	-2.640858e-01	-2.915967e-02	-1.174631e-01	2.827687e-03	1.156339e-03	-2.017515e-02	-8.931234e-03	-1.124391e-02
603           	5.270099e-01	2.664277e-01	2.605822e-01	-2.938704e-01	-2.631003e-01	-3.077008e-02	-1.161651e-01	2.922734e-03	1.102794e-03	-2.248577e-02	-1.014009e-02	-1.234568e-02
604           	5.282820e-01	2.672419e-01	2.610401e-01	-2.932446e-01	-2.609037e-01	-3.234092e-02	-1.142814e-01	3.100918e-03	1.582253e-03	-2.554903e-02	-1.119226e-02	-1.435677e-02
605           	5.295798e-01	2.681597e-01	2.614201e-01	-2.912980e-01	-2.576329e-01	-3.366504e-02	-1.119839e-01	3.369820e-03	2.788068e-03	-2.936460e-02	-1.189423e-02	-1.747037e-02
606           	5.309827e-01	2.691963e-01	2.617864e-01	-2.888286e-01	-2.543034e-01	-3.452519e-02	-1.098891e-01	3.704966e-03	4.441391e-03	-3.350719e-02	-1.231220e-02	-2.119499e-02
607           	5.324601e-01	2.702889e-01	2.621713e-01	-2.864578e-01	-2.517666e-01	-3.469120e-02	-1.085377e-01	4.058802e-03	6.377688e-03	-3.735027e-02	-1.229745e-02	-2.505282e-02
608           	5.338700e-01	2.712987e-01	2.625713e-01	-2.844964e-01	-2.503683e-01	-3.412816e-02	-1.081200e-01	4.363692e-03	8.284418e-03	-4.021734e-02	-1.182425e-02	-2.839309e-02
609           	5.349605e-01	2.720291e-01	2.629313e-01	-2.827301e-01	-2.496894e-01	-3.304067e-02	-1.083244e-01	4.548893e-03	9.881895e-03	-4.150788e-02	-1.087205e-02	-3.063584e-02
610           	5.354862e-01	2.722801e-01	2.632061e-01	-2.808158e-01	-2.490895e-01	-3.172626e-02	-1.086816e-01	4.537024e-03	1.093719e-02	-4.067436e-02	-9.399994e-03	-3.127436e-02
611           	5.352286e-01	2.719140e-01	2.633145e-01	-2.787276e-01	-2.483352e-01	-3.039236e-02	-1.089714e-01	4.299756e-03	1.129129e-02	-3.744350e-02	-7.430457e-03	-3.001304e-02
612           	5.341298e-01	2.709349e-01	2.631949e-01	-2.765802e-01	-2.474354e-01	-2.914481e-02	-1.091453e-01	3.870037e-03	1.084416e-02	-3.198663e-02	-5.149158e-03	-2.683747e-02
613           	5.324557e-01	2.695683e-01	2.628873e-01	-2.745051e-01	-2.464497e-01	-2.805538e-02	-1.091972e-01	3.340507e-03	9.831930e-03	-2.506602e-02	-2.701082e-03	-2.236494e-02
614           	5.305714e-01	2.680997e-01	2.624718e-01	-2.726803e-01	-2.455039e-01	-2.717632e-02	-1.091638e-01	2.813952e-03	8.589568e-03	-1.767223e-02	-2.465478e-04	-1.742568e-02
615           	5.287357e-01	2.667410e-01	2.619947e-01	-2.712530e-01	-2.446286e-01	-2.662443e-02	-1.090021e-01	2.373101e-03	7.282764e-03	-1.067553e-02	1.944997e-03	-1.262053e-02
616           	5.271002e-01	2.656118e-01	2.614884e-01	-2.706457e-01	-2.443633e-01	-2.628246e-02	-1.090404e-01	2.061664e-03	6.018433e-03	-4.670851e-03	3.683007e-03	-8.353858e-03
617           	5.255057e-01	2.647336e-01	2.607721e-01	-2.712461e-01	-2.448282e-01	-2.641789e-02	-1.092051e-01	1.980739e-03	5.047883e-03	-6.344585e-04	4.730654e-03	-5.365112e-03
618           	5.239558e-01	2.641108e-01	2.598450e-01	-2.729394e-01	-2.457742e-01	-2.716519e-02	-1.093045e-01	2.132910e-03	4.593638e-03	1.256785e-03	5.222031e-03	-3.965246e-03
619           	5.226423e-01	2.638069e-01	2.588354e-01	-2.754234e-01	-2.467957e-01	-2.862770e-02	-1.090840e-01	2.485704e-03	4.692417e-03	1.175836e-03	5.280335e-03	-4.104499e-03
620           	5.217798e-01	2.638746e-01	2.579052e-01	-2.782291e-01	-2.474335e-01	-3.079559e-02	-1.083189e-01	2.984708e-03	5.252347e-03	-5.316338e-04	4.986530e-03	-5.518164e-03
621           	5.214709e-01	2.643039e-01	2.571670e-01	-2.808071e-01	-2.472616e-01	-3.354548e-02	-1.068581e-01	3.568416e-03	6.145126e-03	-3.443332e-03	4.423460e-03	-7.866792e-03
622           	5.217033e-01	2.650357e-01	2.566675e-01	-2.832436e-01	-2.468239e-01	-3.641968e-02	-1.052021e-01	4.184099e-03	7.217680e-03	-7.033624e-03	3.700868e-03	-1.073449e-02
623           	5.223234e-01	2.659478e-01	2.563756e-01	-2.859586e-01	-2.469660e-01	-3.899265e-02	-1.039867e-01	4.786063e-03	8.294401e-03	-1.080992e-02	2.889442e-03	-1.369936e-02
624           	5.232124e-01	2.669229e-01	2.562894e-01	-2.888451e-01	-2.477719e-01	-4.107329e-02	-1.033493e-01	5.316754e-03	9.212686e-03	-1.445933e-02	1.983024e-03	-1.644235e-02
625           	5.242796e-01	2.678793e-01	2.564003e-01	-2.916105e-01	-2.490346e-01	-4.257598e-02	-1.032293e-01	5.739472e-03	9.911439e-03	-1.783061e-02	9.961329e-04	-1.882674e-02
626           	5.254542e-01	2.687632e-01	2.566909e-01	-2.939674e-01	-2.504631e-01	-4.350435e-02	-1.034794e-01	6.036150e-03	1.035664e-02	-2.084602e-02	-6.636747e-05	-2.077965e-02
627           	5.267121e-01	2.695522e-01	2.571600e-01	-2.956668e-01	-2.517732e-01	-4.389360e-02	-1.039398e-01	6.196106e-03	1.054753e-02	-2.348136e-02	-1.193153e-03	-2.228820e-02
628           	5.279858e-01	2.702033e-01	2.577825e-01	-2.963458e-01	-2.524787e-01	-4.386715e-02	-1.043058e-01	6.210431e-03	1.041697e-02	-2.562911e-02	-2.397581e-03	-2.323152e-02
629           	5.292250e-01	2.706993e-01	2.585257e-01	-2.957324e-01	-2.521260e-01	-4.360636e-02	-1.042598e-01	6.086782e-03	9.921753e-03	-2.719205e-02	-3.674272e-03	-2.351778e-02
630           	5.303325e-01	2.710119e-01	2.593206e-01	-2.941945e-01	-2.510135e-01	-4.318098e-02	-1.039162e-01	5.845670e-03	9.075542e-03	-2.820202e-02	-5.025466e-03	-2.317655e-02
631           	5.312439e-01	2.711421e-01	2.601019e-01	-2.922667e-01	-2.496916e-01	-4.257511e-02	-1.035582e-01	5.520100e-03	7.947359e-03	-2.874420e-02	-6.424740e-03	-2.231946e-02
632           	5.318744e-01	2.710825e-01	2.607919e-01	-2.903788e-01	-2.486146e-01	-4.176427e-02	-1.034251e-01	5.145299e-03	6.656902e-03	-2.893036e-02	-7.808279e-03	-2.112208e-02
633           	5.321013e-01	2.708120e-01	2.612892e-01	-2.888185e-01	-2.481414e-01	-4.067717e-02	-1.037321e-01	4.761390e-03	5.393578e-03	-2.893843e-02	-9.075639e-03	-1.986279e-02
634           	5.319476e-01	2.703792e-01	2.615684e-01	-2.874329e-01	-2.480471e-01	-3.938584e-02	-1.043306e-01	4.405395e-03	4.384059e-03	-2.902601e-02	-1.012895e-02	-1.889706e-02
635           	5.316498e-01	2.699180e-01	2.617318e-01	-2.858526e-01	-2.478309e-01	-3.802176e-02	-1.049046e-01	4.093141e-03	3.739589e-03	-2.929157e-02	-1.090620e-02	-1.838537e-02
636           	5.311570e-01	2.693894e-01	2.617677e-01	-2.838120e-01	-2.471830e-01	-3.662903e-02	-1.052770e-01	3.810850e-03	3.315797e-03	-2.952553e-02	-1.144697e-02	-1.807856e-02
637           	5.303292e-01	2.687270e-01	2.616022e-01	-2.812292e-01	-2.458682e-01	-3.536105e-02	-1.052535e-01	3.562431e-03	3.089789e-03	-2.972669e-02	-1.177356e-02	-1.795314e-02
638           	5.292890e-01	2.679921e-01	2.612970e-01	-2.785358e-01	-2.442451e-01	-3.429071e-02	-1.049772e-01	3.347547e-03	3.036609e-03	-2.986696e-02	-1.189687e-02	-1.797009e-02
639           	5.281419e-01	2.672401e-01	2.609018e-01	-2.761587e-01	-2.426696e-01	-3.348903e-02	-1.045903e-01	3.169190e-03	3.081801e-03	-2.985742e-02	-1.184691e-02	-1.801051e-02
640           	5.270126e-01	2.665409e-01	2.604717e-01	-2.747273e-01	-2.417600e-01	-3.296735e-02	-1.043963e-01	3.034621e-03	3.099503e-03	-2.952493e-02	-1.166296e-02	-1.786197e-02
641           	5.261688e-01	2.660305e-01	2.601383e-01	-2.744568e-01	-2.417731e-01	-3.268369e-02	-1.045447e-01	2.946090e-03	3.008017e-03	-2.872826e-02	-1.135611e-02	-1.737215e-02
642           	5.257055e-01	2.657482e-01	2.599573e-01	-2.751739e-01	-2.424593e-01	-3.271455e-02	-1.048724e-01	2.895457e-03	2.766396e-03	-2.740017e-02	-1.093369e-02	-1.646648e-02
643           	5.257031e-01	2.657428e-01	2.599603e-01	-2.767634e-01	-2.437188e-01	-3.304462e-02	-1.053371e-01	2.891225e-03	2.411650e-03	-2.559093e-02	-1.038381e-02	-1.520711e-02
644           	5.262273e-01	2.660621e-01	2.601652e-01	-2.792341e-01	-2.456993e-01	-3.353479e-02	-1.060822e-01	2.948442e-03	1.987844e-03	-2.341950e-02	-9.721909e-03	-1.369760e-02
645           	5.272343e-01	2.667005e-01	2.605338e-01	-2.824187e-01	-2.483481e-01	-3.407064e-02	-1.071387e-01	3.083392e-03	1.612267e-03	-2.111403e-02	-8.944748e-03	-1.216928e-02
646           	5.286372e-01	2.676286e-01	2.610086e-01	-2.859709e-01	-2.513715e-01	-3.459948e-02	-1.083860e-01	3.309994e-03	1.463289e-03	-1.902836e-02	-8.050893e-03	-1.097747e-02
647           	5.302442e-01	2.687457e-01	2.614985e-01	-2.893706e-01	-2.542697e-01	-3.510084e-02	-1.095844e-01	3.623622e-03	1.768781e-03	-1.760026e-02	-7.031349e-03	-1.056891e-02
648           	5.317981e-01	2.698973e-01	2.619008e-01	-2.921079e-01	-2.565814e-01	-3.552653e-02	-1.105274e-01	3.998241e-03	2.663312e-03	-1.711882e-02	-5.896098e-03	-1.122272e-02
649           	5.330903e-01	2.709370e-01	2.621533e-01	-2.938825e-01	-2.580898e-01	-3.579277e-02	-1.111485e-01	4.391840e-03	4.132912e-03	-1.763970e-02	-4.686936e-03	-1.295276e-02
650           	5.340333e-01	2.717741e-01	2.622592e-01	-2.946466e-01	-2.588013e-01	-3.584529e-02	-1.114780e-01	4.757472e-03	6.002314e-03	-1.898252e-02	-3.488947e-03	-1.549357e-02
651           	5.345617e-01	2.723200e-01	2.622417e-01	-2.942433e-01	-2.584980e-01	-3.574531e-02	-1.113763e-01	5.039180e-03	7.970267e-03	-2.078554e-02	-2.422504e-03	-1.836304e-02
652           	5.346159e-01	2.724890e-01	2.621269e-01	-2.929007e-01	-2.573182e-01	-3.558241e-02	-1.108679e-01	5.181052e-03	9.655508e-03	-2.258689e-02	-1.637937e-03	-2.094895e-02
653           	5.341386e-01	2.722385e-01	2.619001e-01	-2.912813e-01	-2.559270e-01	-3.535426e-02	-1.102864e-01	5.169219e-03	1.075202e-02	-2.399308e-02	-1.244526e-03	-2.274856e-02
654           	5.329737e-01	2.715191e-01	2.614547e-01	-2.898761e-01	-2.549095e-01	-3.496662e-02	-1.099714e-01	5.032201e-03	1.120420e-02	-2.485132e-02	-1.221460e-03	-2.362986e-02
655           	5.311385e-01	2.703785e-01	2.607600e-01	-2.884177e-01	-2.539158e-01	-3.450197e-02	-1.097069e-01	4.809286e-03	1.114067e-02	-2.524594e-02	-1.482303e-03	-2.376364e-02
656           	5.289835e-01	2.690360e-01	2.599476e-01	-2.868227e-01	-2.527740e-01	-3.404865e-02	-1.093627e-01	4.544201e-03	1.062936e-02	-2.518525e-02	-1.963264e-03	-2.322198e-02
657           	5.269516e-01	2.677274e-01	2.592242e-01	-2.855799e-01	-2.519464e-01	-3.363347e-02	-1.091565e-01	4.251612e-03	9.644324e-03	-2.459132e-02	-2.651337e-03	-2.193998e-02
658           	5.254383e-01	2.666706e-01	2.587677e-01	-2.853163e-01	-2.520167e-01	-3.329968e-02	-1.093585e-01	3.951470e-03	8.262560e-03	-2.353182e-02	-3.503350e-03	-2.002847e-02
659           	5.246967e-01	2.660103e-01	2.586863e-01	-2.856377e-01	-2.523207e-01	-3.331707e-02	-1.095018e-01	3.662001e-03	6.652420e-03	-2.221020e-02	-4.452682e-03	-1.775752e-02
660           	5.246853e-01	2.657527e-01	2.589326e-01	-2.853961e-01	-2.514259e-01	-3.397027e-02	-1.087278e-01	3.410032e-03	5.066267e-03	-2.090516e-02	-5.386314e-03	-1.551885e-02
661           	5.251189e-01	2.658008e-01	2.593181e-01	-2.856397e-01	-2.505711e-01	-3.506866e-02	-1.077512e-01	3.241353e-03	3.701110e-03	-1.985109e-02	-6.224437e-03	-1.362666e-02
662           	5.260611e-01	2.662070e-01	2.598540e-01	-2.872370e-01	-2.508207e-01	-3.641622e-02	-1.072023e-01	3.176497e-03	2.624378e-03	-1.919353e-02	-6.972387e-03	-1.222114e-02
663           	5.272688e-01	2.668475e-01	2.604212e-01	-2.897008e-01	-2.517232e-01	-3.797757e-02	-1.068728e-01	3.213160e-03	1.833415e-03	-1.894110e-02	-7.637137e-03	-1.130397e-02
664           	5.286377e-01	2.676523e-01	2.609855e-01	-2.923527e-01	-2.528322e-01	-3.952047e-02	-1.066559e-01	3.333401e-03	1.275364e-03	-1.901957e-02	-8.234422e-03	-1.078515e-02
665           	5.299807e-01	2.685193e-01	2.614614e-01	-2.948233e-01	-2.539106e-01	-4.091270e-02	-1.064989e-01	3.528968e-03	9.225310e-04	-1.938969e-02	-8.772313e-03	-1.061737e-02
666           	5.311187e-01	2.693453e-01	2.617734e-01	-2.966089e-01	-2.545236e-01	-4.208529e-02	-1.062192e-01	3.785955e-03	7.583510e-04	-2.002832e-02	-9.255808e-03	-1.077251e-02
667           	5.319586e-01	2.700613e-01	2.618973e-01	-2.974297e-01	-2.545410e-01	-4.288873e-02	-1.058261e-01	4.082039e-03	7.944788e-04	-2.091112e-02	-9.661079e-03	-1.125004e-02
668           	5.323676e-01	2.705479e-01	2.618197e-01	-2.970476e-01	-2.539413e-01	-4.310633e-02	-1.054175e-01	4.364106e-03	1.017469e-03	-2.176055e-02	-9.862808e-03	-1.189775e-02
669           	5.325021e-01	2.708374e-01	2.616646e-01	-2.959915e-01	-2.530980e-01	-4.289355e-02	-1.051022e-01	4.586392e-03	1.289171e-03	-2.242481e-02	-9.923232e-03	-1.250157e-02
670           	5.324617e-01	2.709380e-01	2.615237e-01	-2.940039e-01	-2.515888e-01	-4.241508e-02	-1.045869e-01	4.707149e-03	1.496760e-03	-2.260542e-02	-9.805950e-03	-1.279947e-02
671           	5.322878e-01	2.708555e-01	2.614323e-01	-2.912975e-01	-2.496026e-01	-4.169492e-02	-1.039538e-01	4.711612e-03	1.514561e-03	-2.199607e-02	-9.483473e-03	-1.251259e-02
672           	5.319382e-01	2.705862e-01	2.613519e-01	-2.881690e-01	-2.473937e-01	-4.077536e-02	-1.033092e-01	4.617159e-03	1.302267e-03	-2.045662e-02	-8.926042e-03	-1.153058e-02
673           	5.313115e-01	2.701129e-01	2.611986e-01	-2.851285e-01	-2.454708e-01	-3.965773e-02	-1.029065e-01	4.457172e-03	7.838908e-04	-1.788247e-02	-8.157346e-03	-9.725127e-03
674           	5.305007e-01	2.695344e-01	2.609664e-01	-2.828470e-01	-2.444756e-01	-3.837137e-02	-1.030521e-01	4.284008e-03	3.256657e-05	-1.461455e-02	-7.274709e-03	-7.339842e-03
675           	5.294646e-01	2.688398e-01	2.606248e-01	-2.814926e-01	-2.445804e-01	-3.691215e-02	-1.038342e-01	4.107455e-03	-7.352742e-04	-1.087591e-02	-6.173228e-03	-4.702680e-03
676           	5.284686e-01	2.681944e-01	2.602742e-01	-2.813598e-01	-2.460570e-01	-3.530271e-02	-1.053772e-01	3.960102e-03	-1.352308e-03	-7.121002e-03	-4.912809e-03	-2.208193e-03
677           	5.276367e-01	2.676819e-01	2.599548e-01	-2.824778e-01	-2.488813e-01	-3.359647e-02	-1.076424e-01	3.863578e-03	-1.582064e-03	-3.915022e-03	-3.539575e-03	-3.754469e-04
678           	5.269518e-01	2.672886e-01	2.596632e-01	-2.848339e-01	-2.529551e-01	-3.187879e-02	-1.105381e-01	3.812719e-03	-1.393786e-03	-1.543291e-03	-2.165431e-03	6.221402e-04
679           	5.263562e-01	2.669789e-01	2.593773e-01	-2.882432e-01	-2.579612e-01	-3.028195e-02	-1.138396e-01	3.800828e-03	-8.551660e-04	-1.309666e-04	-9.206493e-04	7.896827e-04
680           	5.258182e-01	2.667296e-01	2.590886e-01	-2.925464e-01	-2.635193e-01	-2.902709e-02	-1.172461e-01	3.820515e-03	6.139008e-05	1.255014e-04	1.241408e-04	1.360614e-06
681           	5.253976e-01	2.665587e-01	2.588389e-01	-2.974426e-01	-2.691167e-01	-2.832588e-02	-1.203954e-01	3.859862e-03	1.337652e-03	-7.942442e-04	9.405296e-04	-1.734774e-03
682           	5.251679e-01	2.665034e-01	2.586645e-01	-3.025416e-01	-2.742393e-01	-2.830235e-02	-1.229685e-01	3.919473e-03	2.887991e-03	-2.740920e-03	1.517531e-03	-4.258451e-03
683           	5.251276e-01	2.665695e-01	2.585581e-01	-3.073157e-01	-2.783467e-01	-2.896893e-02	-1.246889e-01	4.005683e-03	4.596568e-03	-5.466087e-03	1.863524e-03	-7.329612e-03
684           	5.253644e-01	2.667949e-01	2.585695e-01	-3.112410e-01	-2.810563e-01	-3.018472e-02	-1.254358e-01	4.112686e-03	6.269539e-03	-8.591256e-03	1.973911e-03	-1.056517e-02
685           	5.258767e-01	2.671669e-01	2.587097e-01	-3.139158e-01	-2.821062e-01	-3.180966e-02	-1.251483e-01	4.228598e-03	7.699967e-03	-1.173761e-02	1.831160e-03	-1.356877e-02
686           	5.265975e-01	2.676413e-01	2.589561e-01	-3.150382e-01	-2.813668e-01	-3.367140e-02	-1.238477e-01	4.342594e-03	8.678639e-03	-1.458318e-02	1.387049e-03	-1.597023e-02
687           	5.274497e-01	2.681765e-01	2.592731e-01	-3.143065e-01	-2.787264e-01	-3.558003e-02	-1.215732e-01	4.451677e-03	9.086048e-03	-1.695820e-02	6.069501e-04	-1.756515e-02
688           	5.283768e-01	2.687498e-01	2.596270e-01	-3.115644e-01	-2.741984e-01	-3.736600e-02	-1.184162e-01	4.561412e-03	8.960390e-03	-1.889567e-02	-4.874438e-04	-1.840822e-02
689           	5.293387e-01	2.693732e-01	2.599655e-01	-3.070960e-01	-2.682752e-01	-3.882078e-02	-1.147272e-01	4.703839e-03	8.520877e-03	-2.061346e-02	-1.785851e-03	-1.882761e-02
690           	5.302982e-01	2.700429e-01	2.602553e-01	-3.013830e-01	-2.615626e-01	-3.982041e-02	-1.108711e-01	4.893818e-03	8.007819e-03	-2.232761e-02	-3.155988e-03	-1.917163e-02
691           	5.312387e-01	2.707499e-01	2.604888e-01	-2.948624e-01	-2.545125e-01	-4.034989e-02	-1.070813e-01	5.130563e-03	7.576963e-03	-2.418947e-02	-4.517772e-03	-1.967170e-02
692           	5.321577e-01	2.714785e-01	2.606793e-01	-2.879192e-01	-2.474729e-01	-4.044629e-02	-1.035133e-01	5.399591e-03	7.252673e-03	-2.616861e-02	-5.831633e-03	-2.033698e-02
693           	5.329924e-01	2.721662e-01	2.608262e-01	-2.810245e-01	-2.408576e-01	-4.016683e-02	-1.003454e-01	5.670006e-03	6.891611e-03	-2.795108e-02	-7.083928e-03	-2.086715e-02
694           	5.336014e-01	2.727060e-01	2.608954e-01	-2.746411e-01	-2.350301e-01	-3.961099e-02	-9.770957e-02	5.905330e-03	6.353733e-03	-2.922068e-02	-8.256608e-03	-2.096407e-02
695           	5.337462e-01	2.729587e-01	2.607875e-01	-2.691299e-01	-2.303233e-01	-3.880661e-02	-9.575834e-02	6.085590e-03	5.654067e-03	-2.988707e-02	-9.289466e-03	-2.059760e-02
696           	5.334221e-01	2.729247e-01	2.604974e-01	-2.644339e-01	-2.265323e-01	-3.790155e-02	-9.431538e-02	6.213623e-03	4.845401e-03	-2.995795e-02	-1.013357e-02	-1.982438e-02
697           	5.328238e-01	2.727031e-01	2.601207e-01	-2.608009e-01	-2.239259e-01	-3.687494e-02	-9.352550e-02	6.291172e-03	4.062051e-03	-2.958045e-02	-1.072818e-02	-1.885228e-02
698           	5.320517e-01	2.723316e-01	2.597201e-01	-2.584100e-01	-2.226858e-01	-3.572421e-02	-9.348080e-02	6.305769e-03	3.318858e-03	-2.875515e-02	-1.105872e-02	-1.769643e-02
699           	5.311130e-01	2.718041e-01	2.593089e-01	-2.572785e-01	-2.227560e-01	-3.452248e-02	-9.411677e-02	6.247629e-03	2.606557e-03	-2.749164e-02	-1.113926e-02	-1.635238e-02
700           	5.301850e-01	2.712133e-01	2.589717e-01	-2.575905e-01	-2.242045e-01	-3.338598e-02	-9.540925e-02	6.120804e-03	1.951447e-03	-2.589616e-02	-1.099663e-02	-1.489953e-02
701           	5.295154e-01	2.706905e-01	2.588248e-01	-2.595759e-01	-2.271754e-01	-3.240040e-02	-9.738752e-02	5.932871e-03	1.332158e-03	-2.404943e-02	-1.069256e-02	-1.335687e-02
702           	5.291621e-01	2.702742e-01	2.588879e-01	-2.629166e-01	-2.311645e-01	-3.175209e-02	-9.970620e-02	5.693175e-03	7.187652e-04	-2.206681e-02	-1.031464e-02	-1.175217e-02
703           	5.290038e-01	2.699332e-01	2.590707e-01	-2.670612e-01	-2.354195e-01	-3.164174e-02	-1.018889e-01	5.431260e-03	2.507239e-04	-2.027947e-02	-9.889013e-03	-1.039046e-02
704           	5.289401e-01	2.696250e-01	2.593150e-01	-2.715334e-01	-2.393990e-01	-3.213444e-02	-1.036323e-01	5.154998e-03	-2.265813e-05	-1.885347e-02	-9.449394e-03	-9.404078e-03
705           	5.289196e-01	2.693234e-01	2.595962e-01	-2.758895e-01	-2.427317e-01	-3.315779e-02	-1.047869e-01	4.863606e-03	-1.367914e-04	-1.783245e-02	-9.053018e-03	-8.779435e-03
706           	5.289005e-01	2.690077e-01	2.598928e-01	-2.798768e-01	-2.453484e-01	-3.452844e-02	-1.054100e-01	4.557412e-03	-2.204116e-04	-1.714450e-02	-8.792663e-03	-8.351839e-03
707           	5.288753e-01	2.686761e-01	2.601992e-01	-2.832348e-01	-2.471722e-01	-3.606258e-02	-1.055548e-01	4.238426e-03	-3.630535e-04	-1.670574e-02	-8.715924e-03	-7.989817e-03
708           	5.289307e-01	2.683836e-01	2.605472e-01	-2.859549e-01	-2.484128e-01	-3.754210e-02	-1.054353e-01	3.918195e-03	-6.112306e-04	-1.648190e-02	-8.852181e-03	-7.629720e-03
709           	5.291112e-01	2.681794e-01	2.609318e-01	-2.880388e-01	-2.492750e-01	-3.876378e-02	-1.052556e-01	3.623775e-03	-9.269563e-04	-1.649491e-02	-9.174412e-03	-7.320499e-03
710           	5.294106e-01	2.680735e-01	2.613371e-01	-2.893443e-01	-2.498521e-01	-3.949213e-02	-1.051800e-01	3.368207e-03	-1.259597e-03	-1.670047e-02	-9.609833e-03	-7.090639e-03
711           	5.297106e-01	2.679966e-01	2.617141e-01	-2.893451e-01	-2.496566e-01	-3.968842e-02	-1.049841e-01	3.141249e-03	-1.617996e-03	-1.695591e-02	-1.009595e-02	-6.859961e-03
712           	5.299028e-01	2.678993e-01	2.620034e-01	-2.879243e-01	-2.485152e-01	-3.940905e-02	-1.045531e-01	2.947940e-03	-1.978146e-03	-1.724544e-02	-1.060087e-02	-6.644574e-03
713           	5.299088e-01	2.677655e-01	2.621433e-01	-2.852700e-01	-2.465747e-01	-3.869535e-02	-1.039397e-01	2.811125e-03	-2.262608e-03	-1.757609e-02	-1.105065e-02	-6.525438e-03
714           	5.297412e-01	2.676135e-01	2.621277e-01	-2.816909e-01	-2.441174e-01	-3.757350e-02	-1.032720e-01	2.742909e-03	-2.431807e-03	-1.786038e-02	-1.136200e-02	-6.498385e-03
715           	5.294038e-01	2.674391e-01	2.619647e-01	-2.776358e-01	-2.415496e-01	-3.608623e-02	-1.027317e-01	2.737172e-03	-2.470393e-03	-1.794950e-02	-1.144514e-02	-6.504356e-03
716           	5.289675e-01	2.672558e-01	2.617117e-01	-2.739074e-01	-2.395941e-01	-3.431334e-02	-1.026404e-01	2.772075e-03	-2.368613e-03	-1.776916e-02	-1.125319e-02	-6.515967e-03
717           	5.285265e-01	2.670895e-01	2.614370e-01	-2.712391e-01	-2.389649e-01	-3.227423e-02	-1.033453e-01	2.826232e-03	-2.078951e-03	-1.733402e-02	-1.074596e-02	-6.588058e-03
718           	5.280961e-01	2.669259e-01	2.611702e-01	-2.699633e-01	-2.399215e-01	-3.004179e-02	-1.049398e-01	2.877833e-03	-1.544611e-03	-1.668344e-02	-9.886331e-03	-6.797109e-03
719           	5.276229e-01	2.667240e-01	2.608989e-01	-2.701913e-01	-2.424237e-01	-2.776766e-02	-1.073280e-01	2.912538e-03	-7.274935e-04	-1.586089e-02	-8.657941e-03	-7.202954e-03
720           	5.271481e-01	2.664866e-01	2.606615e-01	-2.721158e-01	-2.464917e-01	-2.562412e-02	-1.104338e-01	2.912570e-03	3.063048e-04	-1.486515e-02	-7.126269e-03	-7.738878e-03
721           	5.266945e-01	2.662238e-01	2.604707e-01	-2.757532e-01	-2.519424e-01	-2.381079e-02	-1.140658e-01	2.876537e-03	1.436540e-03	-1.368039e-02	-5.403657e-03	-8.276737e-03
722           	5.263042e-01	2.659773e-01	2.603269e-01	-2.808099e-01	-2.582732e-01	-2.253667e-02	-1.178683e-01	2.825164e-03	2.594190e-03	-1.240167e-02	-3.606647e-03	-8.795027e-03
723           	5.260550e-01	2.658248e-01	2.602302e-01	-2.867984e-01	-2.648346e-01	-2.196376e-02	-1.214354e-01	2.797274e-03	3.772646e-03	-1.119480e-02	-1.824756e-03	-9.370049e-03
724           	5.260021e-01	2.658195e-01	2.601826e-01	-2.931469e-01	-2.709871e-01	-2.215978e-02	-1.244137e-01	2.818438e-03	4.933486e-03	-1.017430e-02	-1.536631e-04	-1.002064e-02
725           	5.261292e-01	2.659595e-01	2.601697e-01	-2.992620e-01	-2.761678e-01	-2.309414e-02	-1.265368e-01	2.894871e-03	5.990887e-03	-9.371951e-03	1.304912e-03	-1.067686e-02
726           	5.264089e-01	2.662267e-01	2.601822e-01	-3.045613e-01	-2.799315e-01	-2.462985e-02	-1.276508e-01	3.022287e-03	6.895040e-03	-8.827334e-03	2.481373e-03	-1.130871e-02
727           	5.268244e-01	2.665924e-01	2.602319e-01	-3.086153e-01	-2.820578e-01	-2.655744e-02	-1.277502e-01	3.180261e-03	7.583720e-03	-8.535606e-03	3.315917e-03	-1.185152e-02
728           	5.273363e-01	2.670074e-01	2.603289e-01	-3.110836e-01	-2.824430e-01	-2.864057e-02	-1.269012e-01	3.339266e-03	7.976437e-03	-8.412178e-03	3.770348e-03	-1.218253e-02
729           	5.279072e-01	2.674187e-01	2.604885e-01	-3.117682e-01	-2.810529e-01	-3.071524e-02	-1.251688e-01	3.465117e-03	8.019163e-03	-8.369803e-03	3.834262e-03	-1.220406e-02
730           	5.284307e-01	2.677503e-01	2.606804e-01	-3.107015e-01	-2.780688e-01	-3.263268e-02	-1.227181e-01	3.534972e-03	7.678564e-03	-8.324362e-03	3.516383e-03	-1.184074e-02
731           	5.287173e-01	2.678805e-01	2.608368e-01	-3.079078e-01	-2.736043e-01	-3.430351e-02	-1.196504e-01	3.521872e-03	6.971018e-03	-8.251514e-03	2.845261e-03	-1.109678e-02
732           	5.286405e-01	2.677433e-01	2.608972e-01	-3.035803e-01	-2.679227e-01	-3.565760e-02	-1.161326e-01	3.423018e-03	5.990523e-03	-8.198486e-03	1.891280e-03	-1.008977e-02
733           	5.282149e-01	2.673770e-01	2.608379e-01	-2.980688e-01	-2.613544e-01	-3.671439e-02	-1.123200e-01	3.269589e-03	4.872230e-03	-8.257849e-03	7.433059e-04	-9.001155e-03
734           	5.276032e-01	2.669405e-01	2.606628e-01	-2.920065e-01	-2.545183e-01	-3.748822e-02	-1.085150e-01	3.138861e-03	3.834934e-03	-8.624078e-03	-4.771047e-04	-8.146973e-03
735           	5.270462e-01	2.666172e-01	2.604290e-01	-2.859531e-01	-2.480090e-01	-3.794409e-02	-1.050325e-01	3.094117e-03	3.065475e-03	-9.444021e-03	-1.656536e-03	-7.787485e-03
736           	5.267079e-01	2.665127e-01	2.601952e-01	-2.799867e-01	-2.418156e-01	-3.817108e-02	-1.018223e-01	3.158738e-03	2.640447e-03	-1.068085e-02	-2.699977e-03	-7.980872e-03
737           	5.267164e-01	2.666526e-01	2.600638e-01	-2.742310e-01	-2.359881e-01	-3.824286e-02	-9.887262e-02	3.294375e-03	2.509071e-03	-1.213952e-02	-3.560689e-03	-8.578830e-03
738           	5.269179e-01	2.669092e-01	2.600087e-01	-2.691538e-01	-2.309995e-01	-3.815435e-02	-9.642256e-02	3.450264e-03	2.508619e-03	-1.361129e-02	-4.297025e-03	-9.314263e-03
739           	5.270045e-01	2.671160e-01	2.598885e-01	-2.652911e-01	-2.272463e-01	-3.804481e-02	-9.460073e-02	3.613768e-03	2.611938e-03	-1.511385e-02	-4.944987e-03	-1.016886e-02
740           	5.269401e-01	2.672466e-01	2.596935e-01	-2.630949e-01	-2.251586e-01	-3.793627e-02	-9.361118e-02	3.776564e-03	2.743343e-03	-1.658253e-02	-5.547920e-03	-1.103461e-02
741           	5.266316e-01	2.672481e-01	2.593835e-01	-2.627829e-01	-2.249272e-01	-3.785579e-02	-9.353568e-02	3.932299e-03	2.838243e-03	-1.787266e-02	-6.098088e-03	-1.177457e-02
742           	5.261714e-01	2.671516e-01	2.590198e-01	-2.641464e-01	-2.263096e-01	-3.783686e-02	-9.423636e-02	4.065870e-03	2.822958e-03	-1.880659e-02	-6.580337e-03	-1.222625e-02
743           	5.256709e-01	2.669942e-01	2.586767e-01	-2.668109e-01	-2.288467e-01	-3.796420e-02	-9.544127e-02	4.158744e-03	2.646171e-03	-1.926039e-02	-6.984022e-03	-1.227636e-02
744           	5.252396e-01	2.668150e-01	2.584246e-01	-2.704720e-01	-2.322075e-01	-3.826444e-02	-9.697155e-02	4.195179e-03	2.311154e-03	-1.917041e-02	-7.274048e-03	-1.189636e-02
745           	5.249864e-01	2.666564e-01	2.583301e-01	-2.746787e-01	-2.359253e-01	-3.875344e-02	-9.858592e-02	4.163155e-03	1.856081e-03	-1.853260e-02	-7.410219e-03	-1.112238e-02
746           	5.250049e-01	2.665820e-01	2.584229e-01	-2.789099e-01	-2.395646e-01	-3.934528e-02	-1.001097e-01	4.079587e-03	1.397668e-03	-1.755728e-02	-7.380974e-03	-1.017631e-02
747           	5.252546e-01	2.666256e-01	2.586290e-01	-2.833938e-01	-2.435931e-01	-3.980070e-02	-1.018962e-01	3.998288e-03	1.080010e-03	-1.656684e-02	-7.203411e-03	-9.363431e-03
748           	5.256213e-01	2.667287e-01	2.588926e-01	-2.882891e-01	-2.483121e-01	-3.997703e-02	-1.041675e-01	3.918057e-03	8.112535e-04	-1.548412e-02	-6.930805e-03	-8.553312e-03
749           	5.260128e-01	2.668343e-01	2.591785e-01	-2.932637e-01	-2.534571e-01	-3.980661e-02	-1.068252e-01	3.827898e-03	4.874397e-04	-1.427410e-02	-6.649610e-03	-7.624490e-03
750           	5.263613e-01	2.668966e-01	2.594647e-01	-2.978063e-01	-2.584996e-01	-3.930667e-02	-1.095965e-01	3.715968e-03	5.854438e-05	-1.301709e-02	-6.450001e-03	-6.567089e-03
751           	5.265911e-01	2.668635e-01	2.597276e-01	-3.014881e-01	-2.629338e-01	-3.855423e-02	-1.121898e-01	3.567962e-03	-4.653773e-04	-1.185856e-02	-6.394658e-03	-5.463904e-03
752           	5.266464e-01	2.667000e-01	2.599464e-01	-3.040580e-01	-2.664154e-01	-3.764257e-02	-1.143864e-01	3.376821e-03	-1.045824e-03	-1.093780e-02	-6.514726e-03	-4.423078e-03
753           	5.264768e-01	2.663895e-01	2.600873e-01	-3.050796e-01	-2.683679e-01	-3.671172e-02	-1.158281e-01	3.151121e-03	-1.657897e-03	-1.030104e-02	-6.808417e-03	-3.492624e-03
754           	5.260696e-01	2.659472e-01	2.601224e-01	-3.040818e-01	-2.681583e-01	-3.592346e-02	-1.161174e-01	2.912407e-03	-2.212738e-03	-1.000769e-02	-7.216583e-03	-2.791107e-03
755           	5.254087e-01	2.653853e-01	2.600234e-01	-3.011694e-01	-2.658845e-01	-3.528499e-02	-1.152997e-01	2.680935e-03	-2.662968e-03	-1.001394e-02	-7.669940e-03	-2.344004e-03
756           	5.247132e-01	2.648463e-01	2.598669e-01	-2.969659e-01	-2.622015e-01	-3.476441e-02	-1.137185e-01	2.489705e-03	-2.936398e-03	-1.035409e-02	-8.113444e-03	-2.240648e-03
757           	5.242055e-01	2.645232e-01	2.596823e-01	-2.916778e-01	-2.573613e-01	-3.431643e-02	-1.115224e-01	2.420422e-03	-2.709860e-03	-1.141544e-02	-8.417579e-03	-2.997859e-03
758           	5.239317e-01	2.644624e-01	2.594693e-01	-2.849945e-01	-2.508762e-01	-3.411831e-02	-1.083789e-01	2.496530e-03	-1.900948e-03	-1.309724e-02	-8.449567e-03	-4.647670e-03
759           	5.238377e-01	2.645465e-01	2.592912e-01	-2.791174e-01	-2.451180e-01	-3.399934e-02	-1.055593e-01	2.627643e-03	-9.042315e-04	-1.465475e-02	-8.231607e-03	-6.423144e-03
760           	5.239810e-01	2.647914e-01	2.591896e-01	-2.754212e-01	-2.416946e-01	-3.372669e-02	-1.039839e-01	2.800889e-03	2.707481e-04	-1.621583e-02	-7.837168e-03	-8.378665e-03
761           	5.241874e-01	2.650923e-01	2.590951e-01	-2.739218e-01	-2.404809e-01	-3.344087e-02	-1.035200e-01	2.998631e-03	1.587558e-03	-1.773519e-02	-7.280038e-03	-1.045515e-02
762           	5.245115e-01	2.654626e-01	2.590490e-01	-2.744255e-01	-2.412101e-01	-3.321535e-02	-1.039974e-01	3.206797e-03	2.964556e-03	-1.906696e-02	-6.568924e-03	-1.249804e-02
763           	5.250060e-01	2.659242e-01	2.590818e-01	-2.765876e-01	-2.434335e-01	-3.315410e-02	-1.051397e-01	3.421177e-03	4.352299e-03	-2.009522e-02	-5.695313e-03	-1.439991e-02
764           	5.256497e-01	2.664625e-01	2.591872e-01	-2.803715e-01	-2.471515e-01	-3.321999e-02	-1.069658e-01	3.637677e-03	5.658592e-03	-2.065132e-02	-4.667069e-03	-1.598425e-02
765           	5.264406e-01	2.670829e-01	2.593577e-01	-2.854880e-01	-2.521252e-01	-3.336286e-02	-1.093812e-01	3.862565e-03	6.825759e-03	-2.075000e-02	-3.549243e-03	-1.720076e-02
766           	5.273661e-01	2.677942e-01	2.595719e-01	-2.907581e-01	-2.570395e-01	-3.371861e-02	-1.116604e-01	4.111151e-03	7.923666e-03	-2.065280e-02	-2.402734e-03	-1.825007e-02
767           	5.283521e-01	2.685562e-01	2.597959e-01	-2.954816e-01	-2.612301e-01	-3.425151e-02	-1.134893e-01	4.380162e-03	8.992128e-03	-2.045337e-02	-1.234556e-03	-1.921881e-02
768           	5.293304e-01	2.693027e-01	2.600278e-01	-2.994576e-01	-2.646290e-01	-3.482859e-02	-1.149002e-01	4.637444e-03	9.979404e-03	-2.014279e-02	-9.199216e-05	-2.005080e-02
769           	5.302347e-01	2.699432e-01	2.602915e-01	-3.022721e-01	-2.668650e-01	-3.540718e-02	-1.157289e-01	4.825816e-03	1.074162e-02	-1.965970e-02	9.117694e-04	-2.057147e-02
770           	5.309051e-01	2.703441e-01	2.605609e-01	-3.034684e-01	-2.675187e-01	-3.594965e-02	-1.157845e-01	4.891603e-03	1.117021e-02	-1.905818e-02	1.641124e-03	-2.069930e-02
771           	5.314353e-01	2.705007e-01	2.609345e-01	-3.030264e-01	-2.665757e-01	-3.645069e-02	-1.150625e-01	4.783100e-03	1.099950e-02	-1.815648e-02	1.921265e-03	-2.007774e-02
772           	5.316578e-01	2.703376e-01	2.613202e-01	-3.012802e-01	-2.645372e-01	-3.674309e-02	-1.138970e-01	4.508684e-03	1.014790e-02	-1.692649e-02	1.684654e-03	-1.861114e-02
773           	5.314866e-01	2.698462e-01	2.616405e-01	-2.986893e-01	-2.619478e-01	-3.674159e-02	-1.126031e-01	4.102851e-03	8.648029e-03	-1.540720e-02	9.444291e-04	-1.635163e-02
774           	5.308987e-01	2.690835e-01	2.618152e-01	-2.956479e-01	-2.591980e-01	-3.644985e-02	-1.113741e-01	3.634171e-03	6.621580e-03	-1.368988e-02	-2.233601e-04	-1.346652e-02
775           	5.299283e-01	2.681398e-01	2.617885e-01	-2.922666e-01	-2.563748e-01	-3.589183e-02	-1.102415e-01	3.175664e-03	4.361899e-03	-1.206198e-02	-1.669091e-03	-1.039289e-02
776           	5.288601e-01	2.672288e-01	2.616312e-01	-2.881918e-01	-2.529208e-01	-3.527098e-02	-1.088249e-01	2.798797e-03	2.289397e-03	-1.096718e-02	-3.194195e-03	-7.772989e-03
777           	5.280123e-01	2.665564e-01	2.614559e-01	-2.834308e-01	-2.487415e-01	-3.468933e-02	-1.070261e-01	2.550221e-03	8.789012e-04	-1.087611e-02	-4.559156e-03	-6.316958e-03
778           	5.273208e-01	2.660597e-01	2.612611e-01	-2.788403e-01	-2.448118e-01	-3.402844e-02	-1.053917e-01	2.399292e-03	1.197155e-04	-1.157448e-02	-5.667523e-03	-5.906954e-03
779           	5.265068e-01	2.655965e-01	2.609103e-01	-2.752191e-01	-2.418203e-01	-3.339882e-02	-1.042107e-01	2.343146e-03	-2.277726e-06	-1.300105e-02	-6.502803e-03	-6.498247e-03
780           	5.256104e-01	2.651736e-01	2.604368e-01	-2.733372e-01	-2.404852e-01	-3.285201e-02	-1.038166e-01	2.368379e-03	4.405893e-04	-1.498833e-02	-7.053575e-03	-7.934753e-03
781           	5.247193e-01	2.648284e-01	2.598909e-01	-2.737705e-01	-2.412901e-01	-3.248036e-02	-1.044049e-01	2.468717e-03	1.470480e-03	-1.742390e-02	-7.241468e-03	-1.018243e-02
782           	5.240432e-01	2.646396e-01	2.594037e-01	-2.768349e-01	-2.446204e-01	-3.221454e-02	-1.062029e-01	2.617939e-03	2.965006e-03	-1.990839e-02	-6.989190e-03	-1.291920e-02
783           	5.237078e-01	2.646466e-01	2.590612e-01	-2.822972e-01	-2.502021e-01	-3.209511e-02	-1.090535e-01	2.792715e-03	4.571638e-03	-2.188675e-02	-6.371736e-03	-1.551501e-02
784           	5.239536e-01	2.649743e-01	2.589793e-01	-2.888245e-01	-2.565364e-01	-3.228805e-02	-1.121242e-01	2.997539e-03	6.043603e-03	-2.307597e-02	-5.494380e-03	-1.758159e-02
785           	5.247752e-01	2.656660e-01	2.591092e-01	-2.951365e-01	-2.622173e-01	-3.291918e-02	-1.146490e-01	3.278422e-03	7.495404e-03	-2.367223e-02	-4.340712e-03	-1.933152e-02
786           	5.260404e-01	2.666539e-01	2.593865e-01	-3.005974e-01	-2.667341e-01	-3.386333e-02	-1.164354e-01	3.633739e-03	8.917571e-03	-2.371599e-02	-2.940423e-03	-2.077556e-02
787           	5.275568e-01	2.678154e-01	2.597414e-01	-3.047384e-01	-2.698087e-01	-3.492971e-02	-1.174395e-01	4.036987e-03	1.023192e-02	-2.324079e-02	-1.388471e-03	-2.185231e-02
788           	5.291597e-01	2.690119e-01	2.601479e-01	-3.071312e-01	-2.712548e-01	-3.587635e-02	-1.176892e-01	4.431995e-03	1.133090e-02	-2.228730e-02	1.872524e-04	-2.247455e-02
789           	5.307124e-01	2.701106e-01	2.606018e-01	-3.072423e-01	-2.706786e-01	-3.656370e-02	-1.170575e-01	4.754418e-03	1.205648e-02	-2.087642e-02	1.618269e-03	-2.249469e-02
790           	5.320825e-01	2.710042e-01	2.610783e-01	-3.048768e-01	-2.679402e-01	-3.693663e-02	-1.155018e-01	4.962928e-03	1.230188e-02	-1.911588e-02	2.743939e-03	-2.185982e-02
791           	5.330362e-01	2.715760e-01	2.614602e-01	-3.006132e-01	-2.636603e-01	-3.695293e-02	-1.133537e-01	5.057894e-03	1.203593e-02	-1.719425e-02	3.438805e-03	-2.063305e-02
792           	5.333933e-01	2.717588e-01	2.616345e-01	-2.952772e-01	-2.587476e-01	-3.652959e-02	-1.111090e-01	5.062140e-03	1.129469e-02	-1.529011e-02	3.649633e-03	-1.893974e-02
793           	5.329917e-01	2.714939e-01	2.614978e-01	-2.897305e-01	-2.541167e-01	-3.561377e-02	-1.092515e-01	4.998055e-03	1.014248e-02	-1.358327e-02	3.350840e-03	-1.693411e-02
794           	5.317017e-01	2.706942e-01	2.610075e-01	-2.846453e-01	-2.504659e-01	-3.417945e-02	-1.081432e-01	4.843398e-03	8.623097e-03	-1.221967e-02	2.513264e-03	-1.473293e-02
795           	5.296204e-01	2.693659e-01	2.602545e-01	-2.800426e-01	-2.475393e-01	-3.250327e-02	-1.075180e-01	4.555663e-03	6.741926e-03	-1.116520e-02	1.159326e-03	-1.232453e-02
796           	5.271928e-01	2.677915e-01	2.594013e-01	-2.762132e-01	-2.454872e-01	-3.072605e-02	-1.073806e-01	4.195080e-03	4.793015e-03	-1.068065e-02	-5.473100e-04	-1.013334e-02
797           	5.247739e-01	2.662195e-01	2.585544e-01	-2.732163e-01	-2.441933e-01	-2.902292e-02	-1.075852e-01	3.832589e-03	3.154384e-03	-1.086967e-02	-2.280451e-03	-8.589218e-03
798           	5.227937e-01	2.649176e-01	2.578761e-01	-2.707264e-01	-2.430797e-01	-2.764674e-02	-1.077165e-01	3.520742e-03	1.999929e-03	-1.201419e-02	-4.007167e-03	-8.007026e-03
799           	5.214319e-01	2.640159e-01	2.574160e-01	-2.690288e-01	-2.423209e-01	-2.670787e-02	-1.078065e-01	3.299965e-03	1.438152e-03	-1.400190e-02	-5.562795e-03	-8.439100e-03
800           	5.208034e-01	2.636210e-01	2.571824e-01	-2.686081e-01	-2.423324e-01	-2.627561e-02	-1.080284e-01	3.219342e-03	1.588662e-03	-1.682207e-02	-6.822373e-03	-9.999697e-03
801           	5.208375e-01	2.637234e-01	2.571141e-01	-2.695578e-01	-2.431090e-01	-2.644882e-02	-1.083301e-01	3.304662e-03	2.540085e-03	-2.043575e-02	-7.677790e-03	-1.275796e-02
802           	5.213114e-01	2.641973e-01	2.571141e-01	-2.714615e-01	-2.440191e-01	-2.744235e-02	-1.082884e-01	3.541626e-03	4.309760e-03	-2.460056e-02	-7.990522e-03	-1.661004e-02
803           	5.220105e-01	2.648727e-01	2.571377e-01	-2.741502e-01	-2.450280e-01	-2.912222e-02	-1.079529e-01	3.867494e-03	6.630574e-03	-2.876298e-02	-7.750914e-03	-2.101206e-02
804           	5.230679e-01	2.657479e-01	2.573200e-01	-2.774959e-01	-2.464707e-01	-3.102518e-02	-1.077228e-01	4.213961e-03	9.079722e-03	-3.233448e-02	-7.087516e-03	-2.524696e-02
805           	5.243399e-01	2.667268e-01	2.576131e-01	-2.810827e-01	-2.480627e-01	-3.302006e-02	-1.075213e-01	4.556859e-03	1.139967e-02	-3.506034e-02	-6.130502e-03	-2.892984e-02
806           	5.257968e-01	2.677788e-01	2.580180e-01	-2.842529e-01	-2.493827e-01	-3.487023e-02	-1.072562e-01	4.880408e-03	1.334514e-02	-3.674511e-02	-5.027410e-03	-3.171770e-02
807           	5.273291e-01	2.688384e-01	2.584907e-01	-2.865666e-01	-2.501215e-01	-3.644509e-02	-1.068382e-01	5.173866e-03	1.473614e-02	-3.724321e-02	-3.885471e-03	-3.335774e-02
808           	5.288324e-01	2.698453e-01	2.589871e-01	-2.877735e-01	-2.501392e-01	-3.763433e-02	-1.062524e-01	5.429110e-03	1.546391e-02	-3.651560e-02	-2.793892e-03	-3.372171e-02
809           	5.303477e-01	2.708204e-01	2.595273e-01	-2.878384e-01	-2.494712e-01	-3.836719e-02	-1.055520e-01	5.646541e-03	1.544233e-02	-3.461813e-02	-1.866734e-03	-3.275140e-02
810           	5.319313e-01	2.717801e-01	2.601512e-01	-2.867606e-01	-2.480378e-01	-3.872277e-02	-1.046575e-01	5.814484e-03	1.465185e-02	-3.172078e-02	-1.208542e-03	-3.051224e-02
811           	5.334750e-01	2.726648e-01	2.608102e-01	-2.846411e-01	-2.458109e-01	-3.883024e-02	-1.034903e-01	5.927298e-03	1.318403e-02	-2.814538e-02	-8.886598e-04	-2.725672e-02
812           	5.347901e-01	2.733724e-01	2.614177e-01	-2.817654e-01	-2.429568e-01	-3.880864e-02	-1.020741e-01	5.977344e-03	1.118615e-02	-2.428153e-02	-9.546182e-04	-2.332691e-02
813           	5.356479e-01	2.737707e-01	2.618772e-01	-2.783994e-01	-2.396282e-01	-3.877117e-02	-1.004285e-01	5.946767e-03	8.826221e-03	-2.047668e-02	-1.412121e-03	-1.906456e-02
814           	5.358564e-01	2.737441e-01	2.621123e-01	-2.749389e-01	-2.362406e-01	-3.869830e-02	-9.877115e-02	5.815899e-03	6.247782e-03	-1.699428e-02	-2.249359e-03	-1.474492e-02
815           	5.353296e-01	2.732634e-01	2.620662e-01	-2.719472e-01	-2.334397e-01	-3.850741e-02	-9.746617e-02	5.598582e-03	3.668513e-03	-1.421567e-02	-3.439324e-03	-1.077635e-02
816           	5.339725e-01	2.723076e-01	2.616649e-01	-2.696130e-01	-2.315327e-01	-3.808030e-02	-9.672621e-02	5.321335e-03	1.211171e-03	-1.243650e-02	-5.007078e-03	-7.429420e-03
817           	5.320136e-01	2.710655e-01	2.609481e-01	-2.684432e-01	-2.312173e-01	-3.722585e-02	-9.699574e-02	5.058667e-03	-6.135044e-04	-1.209205e-02	-6.659531e-03	-5.432522e-03
818           	5.297355e-01	2.696882e-01	2.600473e-01	-2.678513e-01	-2.318423e-01	-3.600899e-02	-9.791667e-02	4.820463e-03	-1.909810e-03	-1.287385e-02	-8.346737e-03	-4.527117e-03
819           	5.274648e-01	2.683412e-01	2.591235e-01	-2.676780e-01	-2.330693e-01	-3.460866e-02	-9.923034e-02	4.608845e-03	-2.863607e-03	-1.448156e-02	-1.010439e-02	-4.377174e-03
820           	5.253458e-01	2.670995e-01	2.582463e-01	-2.679353e-01	-2.347623e-01	-3.317297e-02	-1.007947e-01	4.426578e-03	-3.545172e-03	-1.681956e-02	-1.195495e-02	-4.864609e-03
821           	5.234251e-01	2.660040e-01	2.574212e-01	-2.688854e-01	-2.370328e-01	-3.185259e-02	-1.025901e-01	4.291415e-03	-3.798238e-03	-1.994914e-02	-1.377281e-02	-6.176334e-03
822           	5.217816e-01	2.650839e-01	2.566977e-01	-2.701053e-01	-2.392319e-01	-3.087344e-02	-1.041792e-01	4.193125e-03	-3.593021e-03	-2.366554e-02	-1.542579e-02	-8.239751e-03
823           	5.205227e-01	2.643498e-01	2.561729e-01	-2.713992e-01	-2.411174e-01	-3.028179e-02	-1.054178e-01	4.088457e-03	-3.064431e-03	-2.749479e-02	-1.681183e-02	-1.068297e-02
824           	5.198258e-01	2.638643e-01	2.559614e-01	-2.727540e-01	-2.427883e-01	-2.996574e-02	-1.064113e-01	3.951459e-03	-2.302994e-03	-3.096975e-02	-1.778787e-02	-1.318188e-02
825           	5.197485e-01	2.636234e-01	2.561251e-01	-2.742552e-01	-2.443844e-01	-2.987074e-02	-1.072568e-01	3.749105e-03	-1.455274e-03	-3.357807e-02	-1.824431e-02	-1.533376e-02
826           	5.204186e-01	2.636742e-01	2.567443e-01	-2.757089e-01	-2.456706e-01	-3.003831e-02	-1.078162e-01	3.464961e-03	-6.100477e-04	-3.492716e-02	-1.807363e-02	-1.685353e-02
827           	5.218815e-01	2.640534e-01	2.578281e-01	-2.768664e-01	-2.463202e-01	-3.054619e-02	-1.078870e-01	3.112634e-03	2.147334e-04	-3.470440e-02	-1.713747e-02	-1.756693e-02
828           	5.241425e-01	2.647772e-01	2.593653e-01	-2.774206e-01	-2.460639e-01	-3.135671e-02	-1.073536e-01	2.705907e-03	9.488161e-04	-3.257128e-02	-1.533683e-02	-1.723446e-02
829           	5.266907e-01	2.656799e-01	2.610108e-01	-2.776890e-01	-2.453017e-01	-3.238735e-02	-1.064572e-01	2.334560e-03	1.887472e-03	-2.880113e-02	-1.251309e-02	-1.628804e-02
830           	5.295436e-01	2.667585e-01	2.627851e-01	-2.769726e-01	-2.434227e-01	-3.354988e-02	-1.049364e-01	1.986727e-03	2.786358e-03	-2.347288e-02	-8.950083e-03	-1.452280e-02
831           	5.324507e-01	2.679502e-01	2.645005e-01	-2.751844e-01	-2.405048e-01	-3.467963e-02	-1.029126e-01	1.724851e-03	3.666663e-03	-1.721088e-02	-4.938777e-03	-1.227210e-02
832           	5.351605e-01	2.692043e-01	2.659562e-01	-2.723103e-01	-2.365972e-01	-3.571307e-02	-1.004421e-01	1.624053e-03	4.812937e-03	-1.106775e-02	-7.209406e-04	-1.034681e-02
833           	5.373503e-01	2.703754e-01	2.669749e-01	-2.685199e-01	-2.319505e-01	-3.656948e-02	-9.769050e-02	1.700219e-03	6.221294e-03	-5.704351e-03	3.369118e-03	-9.073469e-03
834           	5.387797e-01	2.713064e-01	2.674734e-01	-2.642861e-01	-2.271855e-01	-3.710057e-02	-9.504245e-02	1.916508e-03	7.478660e-03	-1.301073e-03	6.828124e-03	-8.129196e-03
835           	5.393780e-01	2.718967e-01	2.674813e-01	-2.599871e-01	-2.227180e-01	-3.726912e-02	-9.272442e-02	2.207714e-03	8.292536e-03	2.034784e-03	9.309928e-03	-7.275144e-03
836           	5.390981e-01	2.720658e-01	2.670324e-01	-2.558664e-01	-2.187908e-01	-3.707559e-02	-9.085760e-02	2.516707e-03	8.652793e-03	4.209016e-03	1.075730e-02	-6.548285e-03
837           	5.379432e-01	2.717550e-01	2.661882e-01	-2.522556e-01	-2.156894e-01	-3.656617e-02	-8.956163e-02	2.783395e-03	8.627552e-03	5.286082e-03	1.127059e-02	-5.984511e-03
838           	5.359871e-01	2.709756e-01	2.650115e-01	-2.494529e-01	-2.135589e-01	-3.589396e-02	-8.883246e-02	2.982043e-03	8.260341e-03	5.382595e-03	1.095164e-02	-5.569043e-03
839           	5.336250e-01	2.699209e-01	2.637040e-01	-2.475685e-01	-2.122859e-01	-3.528260e-02	-8.850164e-02	3.108434e-03	7.733540e-03	4.832355e-03	1.014972e-02	-5.317363e-03
840           	5.315416e-01	2.689948e-01	2.625469e-01	-2.472167e-01	-2.121785e-01	-3.503813e-02	-8.857021e-02	3.223937e-03	7.200184e-03	3.228291e-03	8.814330e-03	-5.586039e-03
841           	5.299471e-01	2.682976e-01	2.616495e-01	-2.484857e-01	-2.133077e-01	-3.517804e-02	-8.906482e-02	3.324089e-03	6.591321e-03	1.129071e-03	7.155856e-03	-6.026785e-03
842           	5.287716e-01	2.677659e-01	2.610058e-01	-2.512019e-01	-2.153759e-01	-3.582595e-02	-8.977498e-02	3.380066e-03	5.768524e-03	-8.869574e-04	5.325045e-03	-6.212002e-03
843           	5.279780e-01	2.673744e-01	2.606037e-01	-2.556190e-01	-2.188018e-01	-3.681720e-02	-9.099228e-02	3.385336e-03	4.670318e-03	-2.534417e-03	3.403109e-03	-5.937526e-03
844           	5.272866e-01	2.669908e-01	2.602958e-01	-2.614103e-01	-2.233546e-01	-3.805571e-02	-9.264944e-02	3.347478e-03	3.310824e-03	-3.693100e-03	1.464274e-03	-5.157374e-03
845           	5.267057e-01	2.666353e-01	2.600704e-01	-2.679144e-01	-2.286191e-01	-3.929530e-02	-9.466191e-02	3.282494e-03	1.748348e-03	-4.377637e-03	-4.404710e-04	-3.937166e-03
846           	5.262301e-01	2.663384e-01	2.598917e-01	-2.744041e-01	-2.340412e-01	-4.036288e-02	-9.683914e-02	3.223346e-03	9.688610e-05	-4.798195e-03	-2.302211e-03	-2.495984e-03
847           	5.259725e-01	2.661964e-01	2.597762e-01	-2.806673e-01	-2.398092e-01	-4.085809e-02	-9.947553e-02	3.210121e-03	-1.408695e-03	-5.280735e-03	-4.049062e-03	-1.231673e-03
848           	5.260483e-01	2.662799e-01	2.597683e-01	-2.852810e-01	-2.444594e-01	-4.082162e-02	-1.018189e-01	3.255795e-03	-2.533373e-03	-6.049663e-03	-5.558204e-03	-4.914586e-04
849           	5.264183e-01	2.666070e-01	2.598113e-01	-2.875093e-01	-2.470207e-01	-4.048861e-02	-1.032660e-01	3.397825e-03	-3.014067e-03	-7.597669e-03	-6.812902e-03	-7.847670e-04
850           	5.269806e-01	2.671262e-01	2.598544e-01	-2.875095e-01	-2.476215e-01	-3.988799e-02	-1.038668e-01	3.635880e-03	-2.661667e-03	-1.015845e-02	-7.740894e-03	-2.417559e-03
851           	5.275611e-01	2.677036e-01	2.598575e-01	-2.856202e-01	-2.465950e-01	-3.902528e-02	-1.037848e-01	3.923081e-03	-1.609546e-03	-1.349152e-02	-8.355307e-03	-5.136216e-03
852           	5.280044e-01	2.682063e-01	2.597982e-01	-2.820195e-01	-2.440698e-01	-3.794971e-02	-1.030600e-01	4.204038e-03	-2.209156e-04	-1.710634e-02	-8.774086e-03	-8.332254e-03
853           	5.281701e-01	2.685158e-01	2.596543e-01	-2.770553e-01	-2.403708e-01	-3.668451e-02	-1.018432e-01	4.430774e-03	1.092423e-03	-2.037991e-02	-9.097531e-03	-1.128238e-02
854           	5.279646e-01	2.685208e-01	2.594438e-01	-2.712552e-01	-2.359592e-01	-3.529597e-02	-1.003316e-01	4.538496e-03	2.077359e-03	-2.284286e-02	-9.344071e-03	-1.349879e-02
855           	5.274288e-01	2.682121e-01	2.592167e-01	-2.657870e-01	-2.321005e-01	-3.368645e-02	-9.920703e-02	4.497715e-03	2.496782e-03	-2.409421e-02	-9.550325e-03	-1.454389e-02
856           	5.265813e-01	2.676157e-01	2.589656e-01	-2.614858e-01	-2.297209e-01	-3.176490e-02	-9.897800e-02	4.325044e-03	2.331698e-03	-2.395323e-02	-9.644917e-03	-1.430831e-02
857           	5.254742e-01	2.668139e-01	2.586603e-01	-2.588341e-01	-2.293398e-01	-2.949428e-02	-9.992275e-02	4.076795e-03	1.909546e-03	-2.273811e-02	-9.459509e-03	-1.327860e-02
858           	5.243582e-01	2.659997e-01	2.583585e-01	-2.580226e-01	-2.310040e-01	-2.701859e-02	-1.019927e-01	3.820587e-03	1.683290e-03	-2.105851e-02	-8.845965e-03	-1.221254e-02
859           	5.235793e-01	2.654086e-01	2.581707e-01	-2.590719e-01	-2.345052e-01	-2.456671e-02	-1.049692e-01	3.618942e-03	1.995168e-03	-1.952883e-02	-7.769248e-03	-1.175958e-02
860           	5.231661e-01	2.650712e-01	2.580948e-01	-2.617025e-01	-2.392352e-01	-2.246724e-02	-1.083840e-01	3.488201e-03	2.916615e-03	-1.854194e-02	-6.354355e-03	-1.218758e-02
861           	5.230326e-01	2.649345e-01	2.580982e-01	-2.656560e-01	-2.446616e-01	-2.099440e-02	-1.118336e-01	3.418158e-03	4.264658e-03	-1.818840e-02	-4.829543e-03	-1.335886e-02
862           	5.230714e-01	2.649179e-01	2.581535e-01	-2.707756e-01	-2.505311e-01	-2.024447e-02	-1.151433e-01	3.382167e-03	5.699583e-03	-1.829136e-02	-3.446097e-03	-1.484526e-02
863           	5.231013e-01	2.649226e-01	2.581787e-01	-2.769458e-01	-2.566923e-01	-2.025349e-02	-1.182194e-01	3.371978e-03	6.935137e-03	-1.864845e-02	-2.389090e-03	-1.625936e-02
864           	5.231635e-01	2.649665e-01	2.581969e-01	-2.837713e-01	-2.628468e-01	-2.092447e-02	-1.209612e-01	3.384802e-03	7.827942e-03	-1.915052e-02	-1.747316e-03	-1.740320e-02
865           	5.232639e-01	2.650718e-01	2.581921e-01	-2.903497e-01	-2.681062e-01	-2.224354e-02	-1.229313e-01	3.439887e-03	8.437862e-03	-1.989013e-02	-1.507205e-03	-1.838293e-02
866           	5.234644e-01	2.652485e-01	2.582158e-01	-2.956249e-01	-2.715811e-01	-2.404386e-02	-1.237686e-01	3.516350e-03	8.754978e-03	-2.074477e-02	-1.617408e-03	-1.912736e-02
867           	5.238168e-01	2.654489e-01	2.583679e-01	-2.995960e-01	-2.736501e-01	-2.594591e-02	-1.238521e-01	3.540544e-03	8.544885e-03	-2.124568e-02	-2.077953e-03	-1.916772e-02
868           	5.243533e-01	2.656890e-01	2.586643e-01	-3.023817e-01	-2.746337e-01	-2.774794e-02	-1.234429e-01	3.512368e-03	7.846945e-03	-2.140755e-02	-2.856830e-03	-1.855072e-02
869           	5.250719e-01	2.659888e-01	2.590831e-01	-3.039115e-01	-2.745986e-01	-2.931286e-02	-1.226429e-01	3.452831e-03	6.826889e-03	-2.138080e-02	-3.863511e-03	-1.751729e-02
870           	5.260012e-01	2.663894e-01	2.596118e-01	-3.040300e-01	-2.734320e-01	-3.059798e-02	-1.214170e-01	3.388779e-03	5.760350e-03	-2.140501e-02	-4.942154e-03	-1.646285e-02
871           	5.271772e-01	2.669272e-01	2.602500e-01	-3.026864e-01	-2.710737e-01	-3.161271e-02	-1.197305e-01	3.338625e-03	4.873799e-03	-2.162725e-02	-5.939824e-03	-1.568742e-02
872           	5.285229e-01	2.675612e-01	2.609617e-01	-2.998892e-01	-2.674794e-01	-3.240976e-02	-1.175348e-01	3.299771e-03	4.263154e-03	-2.203443e-02	-6.754063e-03	-1.528037e-02
873           	5.298944e-01	2.682123e-01	2.616821e-01	-2.958351e-01	-2.628146e-01	-3.302056e-02	-1.148970e-01	3.265116e-03	3.921137e-03	-2.250536e-02	-7.331543e-03	-1.517382e-02
874           	5.311515e-01	2.687952e-01	2.623562e-01	-2.910668e-01	-2.576630e-01	-3.340382e-02	-1.121296e-01	3.219508e-03	3.798076e-03	-2.289583e-02	-7.649838e-03	-1.524599e-02
875           	5.320881e-01	2.691773e-01	2.629108e-01	-2.860593e-01	-2.525018e-01	-3.355751e-02	-1.094721e-01	3.133257e-03	3.819400e-03	-2.305541e-02	-7.708303e-03	-1.534710e-02
876           	5.324531e-01	2.692354e-01	2.632177e-01	-2.812728e-01	-2.478312e-01	-3.344158e-02	-1.071948e-01	3.008843e-03	3.929433e-03	-2.283242e-02	-7.486775e-03	-1.534564e-02
877           	5.321343e-01	2.689328e-01	2.632015e-01	-2.771747e-01	-2.442149e-01	-3.295976e-02	-1.056276e-01	2.865640e-03	4.101432e-03	-2.218640e-02	-6.991769e-03	-1.519463e-02
878           	5.312281e-01	2.683266e-01	2.629015e-01	-2.738019e-01	-2.416386e-01	-3.216329e-02	-1.047376e-01	2.712524e-03	4.236363e-03	-2.109004e-02	-6.308658e-03	-1.478138e-02
879           	5.301405e-01	2.676347e-01	2.625058e-01	-2.708909e-01	-2.395572e-01	-3.133373e-02	-1.041117e-01	2.564475e-03	4.371974e-03	-1.967105e-02	-5.463553e-03	-1.420750e-02
880           	5.290838e-01	2.669678e-01	2.621160e-01	-2.689696e-01	-2.384543e-01	-3.051538e-02	-1.039694e-01	2.425870e-03	4.582428e-03	-1.801116e-02	-4.423151e-03	-1.358801e-02
881           	5.280229e-01	2.663244e-01	2.616985e-01	-2.685649e-01	-2.386504e-01	-2.991443e-02	-1.043680e-01	2.312924e-03	4.842839e-03	-1.619062e-02	-3.252469e-03	-1.293815e-02
882           	5.271398e-01	2.658105e-01	2.613293e-01	-2.704583e-01	-2.409164e-01	-2.954192e-02	-1.056872e-01	2.240621e-03	5.173048e-03	-1.438627e-02	-2.020087e-03	-1.236618e-02
883           	5.264140e-01	2.654140e-01	2.610001e-01	-2.749088e-01	-2.454680e-01	-2.944084e-02	-1.080136e-01	2.206944e-03	5.420643e-03	-1.250214e-02	-8.304250e-04	-1.167171e-02
884           	5.257136e-01	2.650641e-01	2.606496e-01	-2.814942e-01	-2.517887e-01	-2.970543e-02	-1.110417e-01	2.207257e-03	5.495854e-03	-1.051054e-02	2.405855e-04	-1.075112e-02
885           	5.250660e-01	2.647701e-01	2.602960e-01	-2.891808e-01	-2.588136e-01	-3.036717e-02	-1.142232e-01	2.237046e-03	5.388425e-03	-8.514696e-03	1.131077e-03	-9.645772e-03
886           	5.244683e-01	2.645245e-01	2.599438e-01	-2.966027e-01	-2.650712e-01	-3.153154e-02	-1.167698e-01	2.290367e-03	5.128333e-03	-6.702099e-03	1.777283e-03	-8.479382e-03
887           	5.240147e-01	2.643557e-01	2.596590e-01	-3.031917e-01	-2.702485e-01	-3.294313e-02	-1.186527e-01	2.348371e-03	4.766178e-03	-5.286562e-03	2.122897e-03	-7.409459e-03
888           	5.237519e-01	2.642719e-01	2.594799e-01	-3.090391e-01	-2.747219e-01	-3.431720e-02	-1.202023e-01	2.396004e-03	4.344305e-03	-4.348243e-03	2.170183e-03	-6.518426e-03
889           	5.237418e-01	2.643168e-01	2.594250e-01	-3.139073e-01	-2.783431e-01	-3.556422e-02	-1.213894e-01	2.445889e-03	3.959039e-03	-3.970348e-03	1.973865e-03	-5.944213e-03
890           	5.240616e-01	2.645369e-01	2.595247e-01	-3.174801e-01	-2.808553e-01	-3.662481e-02	-1.221152e-01	2.506124e-03	3.616703e-03	-4.085219e-03	1.574094e-03	-5.659313e-03
891           	5.247107e-01	2.649380e-01	2.597726e-01	-3.193591e-01	-2.818565e-01	-3.750253e-02	-1.221770e-01	2.582704e-03	3.390978e-03	-4.682441e-03	1.049758e-03	-5.732199e-03
892           	5.255831e-01	2.654726e-01	2.601105e-01	-3.191724e-01	-2.809456e-01	-3.822684e-02	-1.213594e-01	2.681063e-03	3.380118e-03	-5.782215e-03	4.890102e-04	-6.271225e-03
893           	5.265118e-01	2.660554e-01	2.604565e-01	-3.170189e-01	-2.782990e-01	-3.871994e-02	-1.197895e-01	2.799453e-03	3.594890e-03	-7.335967e-03	-7.309349e-05	-7.262874e-03
894           	5.273725e-01	2.666091e-01	2.607634e-01	-3.133725e-01	-2.744998e-01	-3.887273e-02	-1.178135e-01	2.922823e-03	3.905749e-03	-9.148434e-03	-6.684685e-04	-8.479966e-03
895           	5.279947e-01	2.670245e-01	2.609702e-01	-3.086693e-01	-2.700138e-01	-3.865545e-02	-1.156792e-01	3.027172e-03	4.147541e-03	-1.094444e-02	-1.324678e-03	-9.619760e-03
896           	5.282020e-01	2.672081e-01	2.609940e-01	-3.036822e-01	-2.656979e-01	-3.798438e-02	-1.138567e-01	3.107051e-03	4.184152e-03	-1.246575e-02	-2.048724e-03	-1.041703e-02
897           	5.278473e-01	2.671150e-01	2.607323e-01	-2.992437e-01	-2.624683e-01	-3.677546e-02	-1.128464e-01	3.191317e-03	3.981842e-03	-1.358791e-02	-2.812113e-03	-1.077580e-02
898           	5.270827e-01	2.668527e-01	2.602300e-01	-2.955410e-01	-2.603687e-01	-3.517231e-02	-1.125982e-01	3.311334e-03	3.729190e-03	-1.446563e-02	-3.503625e-03	-1.096200e-02
899           	5.263451e-01	2.666498e-01	2.596953e-01	-2.925590e-01	-2.591081e-01	-3.345094e-02	-1.128286e-01	3.477213e-03	3.578556e-03	-1.528721e-02	-4.065050e-03	-1.122216e-02
900           	5.258797e-01	2.666046e-01	2.592752e-01	-2.904995e-01	-2.588185e-01	-3.168099e-02	-1.135688e-01	3.664688e-03	3.517077e-03	-1.604941e-02	-4.507629e-03	-1.154178e-02
901           	5.254923e-01	2.665715e-01	2.589208e-01	-2.890455e-01	-2.589414e-01	-3.010411e-02	-1.144186e-01	3.825325e-03	3.302362e-03	-1.643653e-02	-4.915901e-03	-1.152063e-02
902           	5.250931e-01	2.664815e-01	2.586116e-01	-2.881607e-01	-2.591453e-01	-2.901536e-02	-1.150650e-01	3.934939e-03	2.917371e-03	-1.646854e-02	-5.316897e-03	-1.115164e-02
903           	5.247174e-01	2.663509e-01	2.583665e-01	-2.877920e-01	-2.591555e-01	-2.863642e-02	-1.152596e-01	3.992189e-03	2.444249e-03	-1.630229e-02	-5.706895e-03	-1.059539e-02
904           	5.245481e-01	2.662763e-01	2.582719e-01	-2.876608e-01	-2.585016e-01	-2.915918e-02	-1.146712e-01	4.002217e-03	1.903945e-03	-1.609809e-02	-6.145102e-03	-9.952992e-03
905           	5.245679e-01	2.663068e-01	2.582611e-01	-2.875502e-01	-2.571005e-01	-3.044978e-02	-1.133253e-01	4.022830e-03	1.742428e-03	-1.638327e-02	-6.449207e-03	-9.934063e-03
906           	5.247530e-01	2.664164e-01	2.583367e-01	-2.875744e-01	-2.554118e-01	-3.216259e-02	-1.116246e-01	4.039844e-03	1.814893e-03	-1.707058e-02	-6.720399e-03	-1.035018e-02
907           	5.250897e-01	2.665812e-01	2.585085e-01	-2.875500e-01	-2.535019e-01	-3.404810e-02	-1.097269e-01	4.036347e-03	1.899349e-03	-1.802872e-02	-7.115008e-03	-1.091371e-02
908           	5.256012e-01	2.668183e-01	2.587829e-01	-2.871821e-01	-2.513317e-01	-3.585034e-02	-1.077407e-01	4.017713e-03	1.751632e-03	-1.914232e-02	-7.819530e-03	-1.132279e-02
909           	5.262895e-01	2.671663e-01	2.591232e-01	-2.860925e-01	-2.487128e-01	-3.737973e-02	-1.056665e-01	4.021553e-03	1.344179e-03	-2.058422e-02	-8.947933e-03	-1.163629e-02
910           	5.271256e-01	2.676617e-01	2.594639e-01	-2.839845e-01	-2.454543e-01	-3.853021e-02	-1.034620e-01	4.098937e-03	9.545787e-04	-2.275467e-02	-1.042276e-02	-1.233191e-02
911           	5.279967e-01	2.682042e-01	2.597924e-01	-2.804976e-01	-2.413733e-01	-3.912425e-02	-1.011245e-01	4.205896e-03	6.488145e-04	-2.531143e-02	-1.200690e-02	-1.330453e-02
912           	5.288313e-01	2.687476e-01	2.600838e-01	-2.757069e-01	-2.365674e-01	-3.913954e-02	-9.871392e-02	4.331879e-03	3.386490e-04	-2.801107e-02	-1.366689e-02	-1.434419e-02
913           	5.295527e-01	2.692377e-01	2.603150e-01	-2.699747e-01	-2.313878e-01	-3.858690e-02	-9.640042e-02	4.461335e-03	4.486878e-05	-3.062247e-02	-1.526637e-02	-1.535610e-02
914           	5.301000e-01	2.696331e-01	2.604669e-01	-2.637827e-01	-2.263189e-01	-3.746373e-02	-9.442760e-02	4.583126e-03	-1.510081e-04	-3.303138e-02	-1.666670e-02	-1.636468e-02
915           	5.304962e-01	2.699399e-01	2.605563e-01	-2.580526e-01	-2.221182e-01	-3.593435e-02	-9.309194e-02	4.691756e-03	1.451085e-04	-3.498449e-02	-1.734714e-02	-1.763735e-02
916           	5.307216e-01	2.700728e-01	2.606488e-01	-2.535385e-01	-2.193514e-01	-3.418706e-02	-9.258219e-02	4.711966e-03	8.849701e-04	-3.601798e-02	-1.712402e-02	-1.889396e-02
917           	5.306850e-01	2.698671e-01	2.608178e-01	-2.503858e-01	-2.180752e-01	-3.231068e-02	-9.288224e-02	4.524642e-03	1.600229e-03	-3.540672e-02	-1.610313e-02	-1.930359e-02
918           	5.302880e-01	2.692338e-01	2.610542e-01	-2.487949e-01	-2.183722e-01	-3.042273e-02	-9.397474e-02	4.089810e-03	2.195517e-03	-3.261860e-02	-1.411379e-02	-1.850482e-02
919           	5.296306e-01	2.682513e-01	2.613794e-01	-2.490645e-01	-2.204698e-01	-2.859468e-02	-9.593755e-02	3.435950e-03	2.790248e-03	-2.775068e-02	-1.108509e-02	-1.666559e-02
920           	5.288968e-01	2.670996e-01	2.617972e-01	-2.511566e-01	-2.241640e-01	-2.699263e-02	-9.858567e-02	2.651245e-03	3.431205e-03	-2.138381e-02	-7.260699e-03	-1.412311e-02
921           	5.284071e-01	2.660491e-01	2.623580e-01	-2.550660e-01	-2.293699e-01	-2.569609e-02	-1.018369e-01	1.845527e-03	4.164292e-03	-1.448073e-02	-3.076070e-03	-1.140465e-02
922           	5.280330e-01	2.651813e-01	2.628517e-01	-2.609106e-01	-2.360979e-01	-2.481271e-02	-1.056426e-01	1.164815e-03	5.291651e-03	-8.401828e-03	1.090737e-03	-9.492566e-03
923           	5.273524e-01	2.643753e-01	2.629771e-01	-2.681816e-01	-2.437601e-01	-2.442149e-02	-1.096693e-01	6.990727e-04	6.638955e-03	-3.848282e-03	4.714814e-03	-8.563096e-03
924           	5.262308e-01	2.636645e-01	2.625664e-01	-2.764680e-01	-2.519559e-01	-2.451208e-02	-1.137219e-01	5.490405e-04	8.110320e-03	-1.477740e-03	7.371450e-03	-8.849189e-03
925           	5.247798e-01	2.631605e-01	2.616194e-01	-2.853007e-01	-2.602997e-01	-2.500104e-02	-1.176493e-01	7.705520e-04	9.832336e-03	-1.468331e-03	9.098170e-03	-1.056650e-02
926           	5.233104e-01	2.629266e-01	2.603839e-01	-2.940536e-01	-2.682685e-01	-2.578512e-02	-1.212417e-01	1.271350e-03	1.163192e-02	-2.888714e-03	1.018757e-02	-1.307628e-02
927           	5.222265e-01	2.631270e-01	2.590996e-01	-3.016286e-01	-2.748825e-01	-2.674611e-02	-1.240682e-01	2.013696e-03	1.330678e-02	-5.728879e-03	1.044234e-02	-1.617122e-02
928           	5.217659e-01	2.637695e-01	2.579965e-01	-3.072563e-01	-2.793026e-01	-2.795361e-02	-1.256745e-01	2.886497e-03	1.479415e-02	-9.384473e-03	1.010191e-02	-1.948639e-02
929           	5.220433e-01	2.647691e-01	2.572742e-01	-3.106015e-01	-2.812506e-01	-2.935097e-02	-1.259498e-01	3.747489e-03	1.596763e-02	-1.315680e-02	9.389232e-03	-2.254603e-02
930           	5.229877e-01	2.659876e-01	2.570000e-01	-3.118810e-01	-2.810614e-01	-3.081959e-02	-1.251209e-01	4.493781e-03	1.670256e-02	-1.656549e-02	8.419814e-03	-2.498531e-02
931           	5.243504e-01	2.672719e-01	2.570786e-01	-3.112327e-01	-2.789586e-01	-3.227409e-02	-1.233423e-01	5.096661e-03	1.702512e-02	-1.949530e-02	7.277465e-03	-2.677277e-02
932           	5.257983e-01	2.684385e-01	2.573597e-01	-3.087774e-01	-2.751451e-01	-3.363233e-02	-1.207564e-01	5.539394e-03	1.696345e-02	-2.186897e-02	6.028969e-03	-2.789794e-02
933           	5.269916e-01	2.692919e-01	2.576997e-01	-3.048066e-01	-2.700252e-01	-3.478143e-02	-1.176219e-01	5.796072e-03	1.647432e-02	-2.355912e-02	4.694765e-03	-2.825388e-02
934           	5.277688e-01	2.697282e-01	2.580406e-01	-2.996345e-01	-2.639734e-01	-3.566107e-02	-1.141562e-01	5.843775e-03	1.550132e-02	-2.445658e-02	3.273031e-03	-2.772961e-02
935           	5.281559e-01	2.697558e-01	2.584000e-01	-2.935436e-01	-2.572836e-01	-3.625993e-02	-1.105119e-01	5.677907e-03	1.395952e-02	-2.450224e-02	1.708405e-03	-2.621064e-02
936           	5.282620e-01	2.694507e-01	2.588113e-01	-2.867501e-01	-2.501563e-01	-3.659378e-02	-1.067813e-01	5.319677e-03	1.192193e-02	-2.387018e-02	-1.315893e-05	-2.385702e-02
937           	5.281991e-01	2.689213e-01	2.592777e-01	-2.797109e-01	-2.430439e-01	-3.666703e-02	-1.031884e-01	4.821785e-03	9.541417e-03	-2.287314e-02	-1.895152e-03	-2.097799e-02
938           	5.280182e-01	2.682659e-01	2.597523e-01	-2.732340e-01	-2.367731e-01	-3.646095e-02	-1.001561e-01	4.256759e-03	7.051954e-03	-2.187216e-02	-3.884128e-03	-1.798804e-02
939           	5.276234e-01	2.675112e-01	2.601122e-01	-2.682224e-01	-2.322996e-01	-3.592273e-02	-9.818845e-02	3.699488e-03	4.642657e-03	-2.107790e-02	-5.896293e-03	-1.518161e-02
940           	5.268937e-01	2.666569e-01	2.602368e-01	-2.649880e-01	-2.299726e-01	-3.501531e-02	-9.747867e-02	3.210016e-03	2.590071e-03	-2.078202e-02	-7.800940e-03	-1.298108e-02
941           	5.257624e-01	2.657050e-01	2.600574e-01	-2.632421e-01	-2.294883e-01	-3.375386e-02	-9.786720e-02	2.823805e-03	1.102834e-03	-2.119477e-02	-9.494551e-03	-1.170022e-02
942           	5.245887e-01	2.648749e-01	2.597138e-01	-2.621524e-01	-2.297363e-01	-3.241617e-02	-9.866005e-02	2.580557e-03	2.501409e-04	-2.235633e-02	-1.092803e-02	-1.142831e-02
943           	5.237354e-01	2.643582e-01	2.593772e-01	-2.615412e-01	-2.304973e-01	-3.104392e-02	-9.972669e-02	2.490526e-03	-4.707292e-05	-2.406911e-02	-1.208163e-02	-1.198748e-02
944           	5.230962e-01	2.640895e-01	2.590068e-01	-2.612824e-01	-2.315121e-01	-2.977026e-02	-1.008709e-01	2.541344e-03	6.026290e-05	-2.605486e-02	-1.296717e-02	-1.308769e-02
945           	5.224220e-01	2.639208e-01	2.585012e-01	-2.614443e-01	-2.325686e-01	-2.887565e-02	-1.018465e-01	2.709777e-03	4.499213e-04	-2.806762e-02	-1.358389e-02	-1.448373e-02
946           	5.217821e-01	2.638595e-01	2.579226e-01	-2.622062e-01	-2.337654e-01	-2.844078e-02	-1.026623e-01	2.968457e-03	1.014098e-03	-2.982157e-02	-1.389669e-02	-1.592488e-02
947           	5.211533e-01	2.638560e-01	2.572973e-01	-2.639083e-01	-2.353576e-01	-2.855074e-02	-1.034034e-01	3.279395e-03	1.690125e-03	-3.110356e-02	-1.386166e-02	-1.724191e-02
948           	5.207706e-01	2.639624e-01	2.568082e-01	-2.671678e-01	-2.381799e-01	-2.898783e-02	-1.045961e-01	3.577116e-03	2.358402e-03	-3.162863e-02	-1.345591e-02	-1.817272e-02
949           	5.206480e-01	2.641171e-01	2.565310e-01	-2.720437e-01	-2.424178e-01	-2.962584e-02	-1.063960e-01	3.793048e-03	2.848667e-03	-3.110681e-02	-1.270474e-02	-1.840207e-02
950           	5.207469e-01	2.642867e-01	2.564602e-01	-2.778672e-01	-2.475101e-01	-3.035709e-02	-1.085765e-01	3.913223e-03	3.111829e-03	-2.948455e-02	-1.163045e-02	-1.785411e-02
951           	5.210121e-01	2.644561e-01	2.565560e-01	-2.836521e-01	-2.525486e-01	-3.110353e-02	-1.107225e-01	3.950072e-03	3.148967e-03	-2.686026e-02	-1.028116e-02	-1.657910e-02
952           	5.214353e-01	2.646490e-01	2.567864e-01	-2.888243e-01	-2.570893e-01	-3.173499e-02	-1.126772e-01	3.931304e-03	3.013281e-03	-2.348332e-02	-8.728378e-03	-1.475494e-02
953           	5.220474e-01	2.648989e-01	2.571484e-01	-2.931347e-01	-2.610541e-01	-3.208059e-02	-1.144868e-01	3.875273e-03	2.794185e-03	-1.978083e-02	-7.096229e-03	-1.268460e-02
954           	5.228465e-01	2.652187e-01	2.576278e-01	-2.962606e-01	-2.641994e-01	-3.206122e-02	-1.160691e-01	3.795438e-03	2.568541e-03	-1.625647e-02	-5.559692e-03	-1.069677e-02
955           	5.237501e-01	2.655720e-01	2.581781e-01	-2.976710e-01	-2.658336e-01	-3.183746e-02	-1.169981e-01	3.696936e-03	2.444763e-03	-1.333555e-02	-4.223014e-03	-9.112540e-03
956           	5.246155e-01	2.658793e-01	2.587362e-01	-2.967988e-01	-2.652209e-01	-3.157796e-02	-1.168215e-01	3.571531e-03	2.523613e-03	-1.131405e-02	-3.133412e-03	-8.180637e-03
957           	5.253327e-01	2.660766e-01	2.592560e-01	-2.932775e-01	-2.618656e-01	-3.141190e-02	-1.152268e-01	3.410282e-03	2.729103e-03	-1.020794e-02	-2.374866e-03	-7.833071e-03
958           	5.258079e-01	2.661607e-01	2.596471e-01	-2.876737e-01	-2.562752e-01	-3.139848e-02	-1.124384e-01	3.256813e-03	2.987673e-03	-9.972499e-03	-1.998576e-03	-7.973923e-03
959           	5.259783e-01	2.661442e-01	2.598341e-01	-2.813652e-01	-2.499557e-01	-3.140948e-02	-1.092731e-01	3.155036e-03	3.267299e-03	-1.048338e-02	-1.974393e-03	-8.508991e-03
960           	5.257927e-01	2.660068e-01	2.597859e-01	-2.754078e-01	-2.440447e-01	-3.136315e-02	-1.063408e-01	3.110489e-03	3.464740e-03	-1.142870e-02	-2.249611e-03	-9.179091e-03
961           	5.252873e-01	2.657386e-01	2.595487e-01	-2.699445e-01	-2.385737e-01	-3.137085e-02	-1.036014e-01	3.094933e-03	3.526491e-03	-1.254961e-02	-2.748315e-03	-9.801297e-03
962           	5.246349e-01	2.654426e-01	2.591923e-01	-2.655713e-01	-2.342274e-01	-3.134396e-02	-1.014417e-01	3.125181e-03	3.596142e-03	-1.384285e-02	-3.325283e-03	-1.051757e-02
963           	5.239619e-01	2.652213e-01	2.587406e-01	-2.631403e-01	-2.320544e-01	-3.108586e-02	-1.004843e-01	3.240312e-03	3.877284e-03	-1.539330e-02	-3.819366e-03	-1.157393e-02
964           	5.233831e-01	2.651171e-01	2.582660e-01	-2.630021e-01	-2.324842e-01	-3.051791e-02	-1.009831e-01	3.425564e-03	4.320348e-03	-1.696938e-02	-4.164340e-03	-1.280504e-02
965           	5.228917e-01	2.650837e-01	2.578080e-01	-2.642799e-01	-2.344075e-01	-2.987243e-02	-1.022675e-01	3.637880e-03	4.738471e-03	-1.825421e-02	-4.388634e-03	-1.386558e-02
966           	5.223526e-01	2.650572e-01	2.572953e-01	-2.666797e-01	-2.373255e-01	-2.935421e-02	-1.039857e-01	3.880959e-03	5.045762e-03	-1.920851e-02	-4.558494e-03	-1.465002e-02
967           	5.215950e-01	2.649343e-01	2.566607e-01	-2.704189e-01	-2.412973e-01	-2.912164e-02	-1.060878e-01	4.136818e-03	5.104460e-03	-1.973039e-02	-4.760734e-03	-1.496965e-02
968           	5.206892e-01	2.647466e-01	2.559426e-01	-2.758103e-01	-2.466318e-01	-2.917854e-02	-1.087266e-01	4.401977e-03	4.863194e-03	-1.978359e-02	-5.028601e-03	-1.475499e-02
969           	5.198190e-01	2.645767e-01	2.552423e-01	-2.828817e-01	-2.534550e-01	-2.942671e-02	-1.120141e-01	4.667235e-03	4.341900e-03	-1.947945e-02	-5.397824e-03	-1.408162e-02
970           	5.191337e-01	2.644903e-01	2.546433e-01	-2.911019e-01	-2.612127e-01	-2.988920e-02	-1.156618e-01	4.923509e-03	3.565467e-03	-1.898322e-02	-5.926141e-03	-1.305707e-02
971           	5.186818e-01	2.645100e-01	2.541719e-01	-2.993272e-01	-2.687366e-01	-3.059063e-02	-1.190730e-01	5.169068e-03	2.759023e-03	-1.868768e-02	-6.584820e-03	-1.210287e-02
972           	5.185027e-01	2.646555e-01	2.538472e-01	-3.062623e-01	-2.747751e-01	-3.148724e-02	-1.216439e-01	5.404181e-03	2.171952e-03	-1.896488e-02	-7.310489e-03	-1.165439e-02
973           	5.185780e-01	2.649021e-01	2.536759e-01	-3.112139e-01	-2.787499e-01	-3.246396e-02	-1.231430e-01	5.613121e-03	1.899317e-03	-1.997007e-02	-8.085717e-03	-1.188435e-02
974           	5.189420e-01	2.652473e-01	2.536947e-01	-3.138906e-01	-2.804622e-01	-3.342841e-02	-1.235169e-01	5.776318e-03	1.939411e-03	-2.173827e-02	-8.929722e-03	-1.280854e-02
975           	5.197063e-01	2.657138e-01	2.539925e-01	-3.138771e-01	-2.795172e-01	-3.435992e-02	-1.225786e-01	5.860683e-03	2.207957e-03	-2.413124e-02	-9.857662e-03	-1.427358e-02
976           	5.209285e-01	2.663124e-01	2.546162e-01	-3.107754e-01	-2.754987e-01	-3.527674e-02	-1.201110e-01	5.848093e-03	2.708837e-03	-2.703588e-02	-1.080910e-02	-1.622678e-02
977           	5.226056e-01	2.670237e-01	2.555819e-01	-3.047184e-01	-2.686262e-01	-3.609227e-02	-1.162669e-01	5.720902e-03	3.359060e-03	-3.011802e-02	-1.169995e-02	-1.841807e-02
978           	5.246155e-01	2.678105e-01	2.568050e-01	-2.966090e-01	-2.598012e-01	-3.680786e-02	-1.114967e-01	5.502708e-03	3.977506e-03	-3.319905e-02	-1.262202e-02	-2.057703e-02
979           	5.267649e-01	2.685595e-01	2.582054e-01	-2.874578e-01	-2.501954e-01	-3.726247e-02	-1.064665e-01	5.177092e-03	4.450149e-03	-3.573656e-02	-1.341813e-02	-2.231843e-02
980           	5.288503e-01	2.691668e-01	2.596835e-01	-2.783151e-01	-2.409240e-01	-3.739105e-02	-1.017665e-01	4.741615e-03	4.713355e-03	-3.722412e-02	-1.389871e-02	-2.332541e-02
981           	5.306470e-01	2.695214e-01	2.611256e-01	-2.699297e-01	-2.327513e-01	-3.717834e-02	-9.778649e-02	4.197892e-03	4.663679e-03	-3.712583e-02	-1.389924e-02	-2.322660e-02
982           	5.319760e-01	2.695706e-01	2.624055e-01	-2.627996e-01	-2.262170e-01	-3.658265e-02	-9.481716e-02	3.582537e-03	4.541824e-03	-3.540746e-02	-1.316191e-02	-2.224555e-02
983           	5.328230e-01	2.693585e-01	2.634645e-01	-2.574534e-01	-2.218388e-01	-3.561460e-02	-9.311210e-02	2.947009e-03	4.518115e-03	-3.227768e-02	-1.162072e-02	-2.065695e-02
984           	5.334493e-01	2.690766e-01	2.643726e-01	-2.544387e-01	-2.200830e-01	-3.435565e-02	-9.286369e-02	2.352000e-03	4.651380e-03	-2.804110e-02	-9.369172e-03	-1.867193e-02
985           	5.338896e-01	2.688021e-01	2.650875e-01	-2.539031e-01	-2.210729e-01	-3.283022e-02	-9.412132e-02	1.857271e-03	5.019394e-03	-2.315373e-02	-6.557473e-03	-1.659626e-02
986           	5.338721e-01	2.684207e-01	2.654514e-01	-2.547251e-01	-2.233563e-01	-3.136883e-02	-9.599372e-02	1.484624e-03	5.578726e-03	-1.792758e-02	-3.385061e-03	-1.454251e-02
987           	5.333222e-01	2.679040e-01	2.654182e-01	-2.569262e-01	-2.268509e-01	-3.007534e-02	-9.838778e-02	1.242916e-03	6.189270e-03	-1.268325e-02	-1.523548e-04	-1.253089e-02
988           	5.322279e-01	2.672559e-01	2.649719e-01	-2.604843e-01	-2.314425e-01	-2.904179e-02	-1.012003e-01	1.142020e-03	6.800898e-03	-7.875313e-03	2.863241e-03	-1.073855e-02
989           	5.307737e-01	2.665781e-01	2.641956e-01	-2.652704e-01	-2.370261e-01	-2.824428e-02	-1.043909e-01	1.191268e-03	7.435123e-03	-3.998130e-03	5.436058e-03	-9.434188e-03
990           	5.292836e-01	2.659839e-01	2.632997e-01	-2.708299e-01	-2.431073e-01	-2.772260e-02	-1.076923e-01	1.342130e-03	7.932743e-03	-1.058362e-03	7.403562e-03	-8.461924e-03
991           	5.279585e-01	2.655968e-01	2.623617e-01	-2.765755e-01	-2.491539e-01	-2.742160e-02	-1.108661e-01	1.617565e-03	8.460478e-03	5.017030e-04	8.711330e-03	-8.209627e-03
992           	5.271135e-01	2.655182e-01	2.615954e-01	-2.818709e-01	-2.544830e-01	-2.738791e-02	-1.135475e-01	1.961390e-03	8.923808e-03	9.204351e-04	9.384025e-03	-8.463590e-03
993           	5.268960e-01	2.657687e-01	2.611273e-01	-2.860606e-01	-2.583914e-01	-2.766920e-02	-1.153611e-01	2.320678e-03	9.200569e-03	5.461850e-04	9.473662e-03	-8.927477e-03
994           	5.272691e-01	2.662875e-01	2.609816e-01	-2.888788e-01	-2.606867e-01	-2.819215e-02	-1.162473e-01	2.652984e-03	9.174538e-03	-3.025805e-04	9.023247e-03	-9.325828e-03
995           	5.280969e-01	2.669878e-01	2.611091e-01	-2.904742e-01	-2.616717e-01	-2.880244e-02	-1.164347e-01	2.939336e-03	8.880590e-03	-1.502499e-03	8.129340e-03	-9.631839e-03
996           	5.292119e-01	2.677684e-01	2.614435e-01	-2.910681e-01	-2.617456e-01	-2.932254e-02	-1.162115e-01	3.162475e-03	8.387837e-03	-2.895279e-03	6.940197e-03	-9.835476e-03
997           	5.305359e-01	2.685896e-01	2.619463e-01	-2.903624e-01	-2.606050e-01	-2.975733e-02	-1.154239e-01	3.321640e-03	7.791093e-03	-4.354327e-03	5.613929e-03	-9.968256e-03
998           	5.319938e-01	2.694117e-01	2.625821e-01	-2.883921e-01	-2.582457e-01	-3.014645e-02	-1.140496e-01	3.414833e-03	7.078337e-03	-5.773707e-03	4.191483e-03	-9.965190e-03
999           	5.333867e-01	2.701397e-01	2.632470e-01	-2.855248e-01	-2.550044e-01	-3.052049e-02	-1.122419e-01	3.446328e-03	6.258887e-03	-7.126269e-03	2.695753e-03	-9.822022e-03
1000          	5.343636e-01	2.706208e-01	2.637428e-01	-2.822268e-01	-2.513861e-01	-3.084070e-02	-1.102727e-01	3.439004e-03	5.488384e-03	-8.544551e-03	1.216109e-03	-9.760660e-03
