# Force and moment coefficients
# dragDir     : (1.000000e+00 0.000000e+00 0.000000e+00)
# sideDir     : (0.000000e+00 1.000000e+00 0.000000e+00)
# liftDir     : (0.000000e+00 0.000000e+00 1.000000e+00)
# rollAxis    : (1.000000e+00 0.000000e+00 0.000000e+00)
# pitchAxis   : (0.000000e+00 1.000000e+00 0.000000e+00)
# yawAxis     : (0.000000e+00 0.000000e+00 1.000000e+00)
# magUInf     : 1.667000e+01
# lRef        : 4.036000e+00
# Aref        : 2.332000e+00
# CofR        : (4.036000e+00 0.000000e+00 5.000000e-01)
#
# Time        	Cd            	Cd(f)         	Cd(r)         	Cl            	Cl(f)         	Cl(r)         	CmPitch       	CmRoll        	CmYaw         	Cs            	Cs(f)         	Cs(r)         
1             	3.765349e+00	1.882029e+00	1.883319e+00	-1.459132e+00	-1.412940e+00	-4.619253e-02	-6.833737e-01	-6.450186e-04	1.203431e-02	-1.609805e-02	3.985282e-03	-2.008333e-02
2             	1.855319e+00	9.251747e-01	9.301447e-01	-6.761644e-01	-7.905830e-01	1.144186e-01	-4.525008e-01	-2.485002e-03	2.129341e-03	7.244284e-04	2.491555e-03	-1.767127e-03
3             	8.113199e-01	4.042367e-01	4.070832e-01	-3.688757e-01	-5.327454e-01	1.638697e-01	-3.483075e-01	-1.423241e-03	-1.278589e-03	2.265173e-03	-1.460021e-04	2.411175e-03
4             	4.340178e-01	2.155984e-01	2.184194e-01	-1.457077e-01	-2.929030e-01	1.471953e-01	-2.200492e-01	-1.410477e-03	5.204588e-05	-1.742948e-03	-8.194283e-04	-9.235201e-04
5             	3.040941e-01	1.509285e-01	1.531656e-01	-2.297004e-02	-1.636029e-01	1.406329e-01	-1.521179e-01	-1.118574e-03	6.787602e-04	-2.966077e-03	-8.042782e-04	-2.161799e-03
6             	2.625327e-01	1.302320e-01	1.323007e-01	5.421260e-02	-8.375108e-02	1.379637e-01	-1.108574e-01	-1.034331e-03	5.571785e-04	-2.290102e-03	-5.878723e-04	-1.702229e-03
7             	2.528223e-01	1.254679e-01	1.273544e-01	9.374032e-02	-4.109160e-02	1.348319e-01	-8.796176e-02	-9.432354e-04	1.279955e-04	-6.953734e-04	-2.196912e-04	-4.756822e-04
8             	2.489111e-01	1.234714e-01	1.254397e-01	1.023933e-01	-2.840693e-02	1.308002e-01	-7.960358e-02	-9.841408e-04	-4.724804e-04	1.235187e-03	1.451128e-04	1.090074e-03
9             	2.496917e-01	1.237282e-01	1.259635e-01	9.267233e-02	-3.106382e-02	1.237361e-01	-7.739998e-02	-1.117642e-03	-7.199904e-04	2.847272e-03	7.036454e-04	2.143626e-03
10            	2.527612e-01	1.250983e-01	1.276629e-01	7.557730e-02	-3.942511e-02	1.150024e-01	-7.721376e-02	-1.282330e-03	-6.878017e-04	3.927459e-03	1.275928e-03	2.651531e-03
11            	2.564400e-01	1.267360e-01	1.297040e-01	5.895628e-02	-4.737974e-02	1.063360e-01	-7.685789e-02	-1.484019e-03	-3.858988e-04	4.322631e-03	1.775417e-03	2.547214e-03
12            	2.597322e-01	1.281345e-01	1.315977e-01	4.340221e-02	-5.453821e-02	9.794043e-02	-7.623932e-02	-1.731634e-03	1.530999e-04	3.873844e-03	2.090022e-03	1.783822e-03
13            	2.624805e-01	1.292543e-01	1.332262e-01	2.735613e-02	-6.319980e-02	9.055593e-02	-7.687787e-02	-1.985956e-03	1.272005e-03	2.011306e-03	2.277658e-03	-2.663519e-04
14            	2.643531e-01	1.298793e-01	1.344739e-01	1.124202e-02	-7.332899e-02	8.457101e-02	-7.895000e-02	-2.297297e-03	2.858993e-03	-1.247058e-03	2.235464e-03	-3.482522e-03
15            	2.647529e-01	1.297623e-01	1.349906e-01	-6.020627e-03	-8.566798e-02	7.964735e-02	-8.265766e-02	-2.614136e-03	4.772284e-03	-5.512660e-03	2.015954e-03	-7.528614e-03
16            	2.637621e-01	1.289793e-01	1.347828e-01	-2.549489e-02	-1.017716e-01	7.627672e-02	-8.902417e-02	-2.901730e-03	6.808307e-03	-1.003287e-02	1.791874e-03	-1.182474e-02
17            	2.614482e-01	1.275879e-01	1.338603e-01	-4.709017e-02	-1.211867e-01	7.409656e-02	-9.764165e-02	-3.136191e-03	8.658005e-03	-1.394968e-02	1.683165e-03	-1.563284e-02
18            	2.584255e-01	1.259552e-01	1.324702e-01	-7.075821e-02	-1.439306e-01	7.317242e-02	-1.085515e-01	-3.257500e-03	1.018049e-02	-1.690943e-02	1.725779e-03	-1.863521e-02
19            	2.553049e-01	1.244563e-01	1.308486e-01	-9.434044e-02	-1.673341e-01	7.299364e-02	-1.201639e-01	-3.196170e-03	1.104878e-02	-1.869400e-02	1.701785e-03	-2.039578e-02
20            	2.520664e-01	1.231499e-01	1.289164e-01	-1.144105e-01	-1.874222e-01	7.301165e-02	-1.302169e-01	-2.883258e-03	1.125527e-02	-1.930468e-02	1.602933e-03	-2.090762e-02
21            	2.492072e-01	1.221859e-01	1.270213e-01	-1.295413e-01	-2.025587e-01	7.301736e-02	-1.377880e-01	-2.417695e-03	1.073355e-02	-1.866902e-02	1.399040e-03	-2.006806e-02
22            	2.470907e-01	1.216325e-01	1.254582e-01	-1.392317e-01	-2.121752e-01	7.294344e-02	-1.425593e-01	-1.912845e-03	9.586842e-03	-1.691214e-02	1.130770e-03	-1.804291e-02
23            	2.456059e-01	1.214207e-01	1.241852e-01	-1.434739e-01	-2.161209e-01	7.264701e-02	-1.443839e-01	-1.382255e-03	7.908494e-03	-1.423828e-02	7.893520e-04	-1.502764e-02
24            	2.445532e-01	1.214134e-01	1.231398e-01	-1.405806e-01	-2.129503e-01	7.236972e-02	-1.426600e-01	-8.631950e-04	5.820757e-03	-1.098008e-02	3.307180e-04	-1.131080e-02
25            	2.444084e-01	1.217649e-01	1.226434e-01	-1.308874e-01	-2.031835e-01	7.229616e-02	-1.377399e-01	-4.392420e-04	3.652052e-03	-7.754978e-03	-2.254370e-04	-7.529541e-03
26            	2.454315e-01	1.225442e-01	1.228873e-01	-1.176125e-01	-1.901861e-01	7.257359e-02	-1.313798e-01	-1.715215e-04	1.586082e-03	-4.953101e-03	-8.904689e-04	-4.062632e-03
27            	2.474421e-01	1.235893e-01	1.238528e-01	-1.045460e-01	-1.780843e-01	7.353838e-02	-1.258114e-01	-1.317661e-04	2.667226e-05	-3.222630e-03	-1.584643e-03	-1.637987e-03
28            	2.503294e-01	1.248578e-01	1.254716e-01	-9.338999e-02	-1.687256e-01	7.533564e-02	-1.220306e-01	-3.069133e-04	-5.155738e-04	-3.128370e-03	-2.079759e-03	-1.048611e-03
29            	2.537023e-01	1.261574e-01	1.275449e-01	-8.571240e-02	-1.637871e-01	7.807473e-02	-1.209309e-01	-6.937769e-04	1.414477e-04	-4.806031e-03	-2.261568e-03	-2.544463e-03
30            	2.572807e-01	1.274710e-01	1.298097e-01	-8.135140e-02	-1.632587e-01	8.190733e-02	-1.225830e-01	-1.169382e-03	1.915465e-03	-8.230340e-03	-2.199705e-03	-6.030635e-03
31            	2.609259e-01	1.288542e-01	1.320717e-01	-7.939170e-02	-1.660561e-01	8.666439e-02	-1.263602e-01	-1.608748e-03	4.449007e-03	-1.296718e-02	-2.034585e-03	-1.093260e-02
32            	2.644671e-01	1.303416e-01	1.341255e-01	-7.861080e-02	-1.703709e-01	9.176009e-02	-1.310655e-01	-1.891971e-03	7.190776e-03	-1.806196e-02	-1.840204e-03	-1.622176e-02
33            	2.678450e-01	1.319756e-01	1.358694e-01	-7.717656e-02	-1.737663e-01	9.658977e-02	-1.351781e-01	-1.946916e-03	9.739840e-03	-2.261408e-02	-1.567202e-03	-2.104688e-02
34            	2.708527e-01	1.336697e-01	1.371830e-01	-7.385608e-02	-1.750512e-01	1.011951e-01	-1.381231e-01	-1.756636e-03	1.179028e-02	-2.604985e-02	-1.234644e-03	-2.481521e-02
35            	2.734141e-01	1.354045e-01	1.380096e-01	-6.775983e-02	-1.731394e-01	1.053796e-01	-1.392595e-01	-1.302563e-03	1.301893e-02	-2.799319e-02	-9.776661e-04	-2.701553e-02
36            	2.755256e-01	1.371085e-01	1.384171e-01	-5.862205e-02	-1.675005e-01	1.088784e-01	-1.381894e-01	-6.543019e-04	1.329358e-02	-2.857952e-02	-9.961787e-04	-2.758334e-02
37            	2.773026e-01	1.387185e-01	1.385841e-01	-4.737392e-02	-1.584811e-01	1.111072e-01	-1.347942e-01	6.718329e-05	1.290279e-02	-2.834243e-02	-1.268431e-03	-2.707400e-02
38            	2.785844e-01	1.400707e-01	1.385137e-01	-3.502492e-02	-1.469732e-01	1.119483e-01	-1.294607e-01	7.784773e-04	1.210684e-02	-2.779440e-02	-1.790358e-03	-2.600404e-02
39            	2.795025e-01	1.411377e-01	1.383648e-01	-2.328356e-02	-1.349944e-01	1.117108e-01	-1.233526e-01	1.386421e-03	1.116713e-02	-2.733467e-02	-2.500204e-03	-2.483447e-02
40            	2.801579e-01	1.419034e-01	1.382544e-01	-1.380973e-02	-1.245895e-01	1.107798e-01	-1.176846e-01	1.824508e-03	1.027746e-02	-2.719979e-02	-3.322437e-03	-2.387735e-02
41            	2.805684e-01	1.423515e-01	1.382170e-01	-6.258333e-03	-1.159669e-01	1.097086e-01	-1.128378e-01	2.067244e-03	9.507333e-03	-2.742549e-02	-4.205411e-03	-2.322008e-02
42            	2.808430e-01	1.425992e-01	1.382438e-01	-4.231108e-05	-1.089305e-01	1.088881e-01	-1.089093e-01	2.177705e-03	8.816905e-03	-2.785229e-02	-5.109240e-03	-2.274305e-02
43            	2.810578e-01	1.427154e-01	1.383425e-01	5.270597e-03	-1.029778e-01	1.082484e-01	-1.056131e-01	2.186429e-03	8.230751e-03	-2.834735e-02	-5.942925e-03	-2.240443e-02
44            	2.810962e-01	1.426695e-01	1.384267e-01	9.449055e-03	-9.818969e-02	1.076387e-01	-1.029142e-01	2.121363e-03	7.762458e-03	-2.866464e-02	-6.569864e-03	-2.209478e-02
45            	2.807522e-01	1.423532e-01	1.383990e-01	1.139950e-02	-9.541195e-02	1.068115e-01	-1.011117e-01	1.977097e-03	7.405934e-03	-2.869190e-02	-6.940018e-03	-2.175189e-02
46            	2.799616e-01	1.417452e-01	1.382164e-01	9.989826e-03	-9.545760e-02	1.054474e-01	-1.004525e-01	1.764408e-03	7.137683e-03	-2.833612e-02	-7.030379e-03	-2.130575e-02
47            	2.790144e-01	1.409794e-01	1.380350e-01	3.319518e-03	-9.989706e-02	1.032166e-01	-1.015568e-01	1.472198e-03	6.923892e-03	-2.756685e-02	-6.859531e-03	-2.070732e-02
48            	2.781640e-01	1.402137e-01	1.379503e-01	-9.160211e-03	-1.093587e-01	1.001985e-01	-1.047786e-01	1.131682e-03	6.750570e-03	-2.644946e-02	-6.474158e-03	-1.997530e-02
49            	2.776151e-01	1.395784e-01	1.380367e-01	-2.545847e-02	-1.223056e-01	9.684717e-02	-1.095764e-01	7.708171e-04	6.607707e-03	-2.512321e-02	-5.953900e-03	-1.916931e-02
50            	2.772673e-01	1.390301e-01	1.382371e-01	-4.383450e-02	-1.372966e-01	9.346206e-02	-1.153793e-01	3.965169e-04	6.490749e-03	-2.368412e-02	-5.351312e-03	-1.833281e-02
51            	2.770756e-01	1.385571e-01	1.385184e-01	-6.242137e-02	-1.527546e-01	9.033323e-02	-1.215439e-01	1.935508e-05	6.367307e-03	-2.218358e-02	-4.724483e-03	-1.745910e-02
52            	2.769907e-01	1.381474e-01	1.388433e-01	-7.976062e-02	-1.673827e-01	8.762204e-02	-1.275023e-01	-3.479868e-04	6.194908e-03	-2.061046e-02	-4.110323e-03	-1.650014e-02
53            	2.768727e-01	1.377553e-01	1.391174e-01	-9.379238e-02	-1.793387e-01	8.554633e-02	-1.324425e-01	-6.810303e-04	5.947065e-03	-1.902198e-02	-3.563925e-03	-1.545806e-02
54            	2.769066e-01	1.374912e-01	1.394153e-01	-1.050089e-01	-1.888352e-01	8.382630e-02	-1.363307e-01	-9.620554e-04	5.558479e-03	-1.729055e-02	-3.086796e-03	-1.420375e-02
55            	2.770302e-01	1.373464e-01	1.396839e-01	-1.127791e-01	-1.953047e-01	8.252552e-02	-1.389151e-01	-1.168742e-03	5.023320e-03	-1.545611e-02	-2.704734e-03	-1.275137e-02
56            	2.771855e-01	1.372815e-01	1.399040e-01	-1.174066e-01	-1.989808e-01	8.157412e-02	-1.402774e-01	-1.311224e-03	4.357692e-03	-1.356239e-02	-2.423504e-03	-1.113889e-02
57            	2.773231e-01	1.372498e-01	1.400733e-01	-1.188177e-01	-1.998881e-01	8.107032e-02	-1.404792e-01	-1.411777e-03	3.609568e-03	-1.168082e-02	-2.230840e-03	-9.449976e-03
58            	2.772893e-01	1.371507e-01	1.401386e-01	-1.166166e-01	-1.978769e-01	8.126035e-02	-1.395686e-01	-1.493921e-03	2.854728e-03	-9.884534e-03	-2.087539e-03	-7.796995e-03
59            	2.768957e-01	1.368545e-01	1.400413e-01	-1.109853e-01	-1.933224e-01	8.233714e-02	-1.378298e-01	-1.593407e-03	2.190080e-03	-8.313501e-03	-1.966671e-03	-6.346830e-03
60            	2.760905e-01	1.363027e-01	1.397878e-01	-1.029879e-01	-1.871940e-01	8.420612e-02	-1.357001e-01	-1.742589e-03	1.661498e-03	-7.028690e-03	-1.852847e-03	-5.175843e-03
61            	2.749270e-01	1.354980e-01	1.394290e-01	-9.392607e-02	-1.804996e-01	8.657349e-02	-1.335365e-01	-1.965462e-03	1.289128e-03	-6.112979e-03	-1.767361e-03	-4.345617e-03
62            	2.735090e-01	1.344921e-01	1.390169e-01	-8.500667e-02	-1.741356e-01	8.912894e-02	-1.316323e-01	-2.262404e-03	1.105026e-03	-5.683529e-03	-1.736738e-03	-3.946790e-03
63            	2.720045e-01	1.334053e-01	1.385992e-01	-7.772944e-02	-1.691506e-01	9.142115e-02	-1.302859e-01	-2.596972e-03	1.128076e-03	-5.827179e-03	-1.785513e-03	-4.041666e-03
64            	2.705117e-01	1.323446e-01	1.381672e-01	-7.335125e-02	-1.663720e-01	9.302079e-02	-1.296964e-01	-2.911289e-03	1.358447e-03	-6.534882e-03	-1.908994e-03	-4.625888e-03
65            	2.691828e-01	1.314496e-01	1.377332e-01	-7.247664e-02	-1.661148e-01	9.363816e-02	-1.298765e-01	-3.141802e-03	1.746229e-03	-7.686742e-03	-2.097142e-03	-5.589600e-03
66            	2.679890e-01	1.307201e-01	1.372689e-01	-7.508714e-02	-1.683460e-01	9.325890e-02	-1.308025e-01	-3.274434e-03	2.227189e-03	-9.172491e-03	-2.359056e-03	-6.813435e-03
67            	2.670819e-01	1.302511e-01	1.368307e-01	-8.100122e-02	-1.729370e-01	9.193582e-02	-1.324364e-01	-3.289799e-03	2.729185e-03	-1.082556e-02	-2.683594e-03	-8.141963e-03
68            	2.665365e-01	1.300563e-01	1.364801e-01	-8.866262e-02	-1.786797e-01	9.001707e-02	-1.343484e-01	-3.211911e-03	3.160614e-03	-1.238858e-02	-3.033674e-03	-9.354903e-03
69            	2.664119e-01	1.301275e-01	1.362845e-01	-9.622796e-02	-1.842221e-01	8.799416e-02	-1.361081e-01	-3.078520e-03	3.504341e-03	-1.379087e-02	-3.391094e-03	-1.039978e-02
70            	2.666087e-01	1.303868e-01	1.362219e-01	-1.025079e-01	-1.887618e-01	8.625381e-02	-1.375078e-01	-2.917564e-03	3.788374e-03	-1.505784e-02	-3.740547e-03	-1.131729e-02
71            	2.669740e-01	1.307366e-01	1.362374e-01	-1.064850e-01	-1.916211e-01	8.513608e-02	-1.383786e-01	-2.750369e-03	4.030791e-03	-1.617969e-02	-4.059054e-03	-1.212064e-02
72            	2.675035e-01	1.311749e-01	1.363287e-01	-1.083600e-01	-1.930082e-01	8.464820e-02	-1.388282e-01	-2.576889e-03	4.271455e-03	-1.723138e-02	-4.344236e-03	-1.288715e-02
73            	2.681447e-01	1.316742e-01	1.364705e-01	-1.082151e-01	-1.930104e-01	8.479539e-02	-1.389029e-01	-2.398153e-03	4.535767e-03	-1.824145e-02	-4.584957e-03	-1.365649e-02
74            	2.687323e-01	1.321501e-01	1.365822e-01	-1.058241e-01	-1.914692e-01	8.564503e-02	-1.385571e-01	-2.216055e-03	4.847280e-03	-1.921927e-02	-4.762353e-03	-1.445691e-02
75            	2.691692e-01	1.325275e-01	1.366417e-01	-1.015242e-01	-1.885989e-01	8.707474e-02	-1.378368e-01	-2.057094e-03	5.177781e-03	-2.010137e-02	-4.872907e-03	-1.522847e-02
76            	2.695106e-01	1.328307e-01	1.366799e-01	-9.631613e-02	-1.850497e-01	8.873358e-02	-1.368916e-01	-1.924627e-03	5.509531e-03	-2.087737e-02	-4.929153e-03	-1.594822e-02
77            	2.698425e-01	1.331104e-01	1.367321e-01	-9.109446e-02	-1.814199e-01	9.032544e-02	-1.358727e-01	-1.810878e-03	5.812989e-03	-2.152433e-02	-4.949173e-03	-1.657515e-02
78            	2.702224e-01	1.333986e-01	1.368238e-01	-8.645752e-02	-1.781301e-01	9.167260e-02	-1.349014e-01	-1.712571e-03	6.067396e-03	-2.201493e-02	-4.940071e-03	-1.707486e-02
79            	2.706451e-01	1.336929e-01	1.369522e-01	-8.264041e-02	-1.753796e-01	9.273922e-02	-1.340594e-01	-1.629622e-03	6.239746e-03	-2.228146e-02	-4.900984e-03	-1.738048e-02
80            	2.711131e-01	1.339920e-01	1.371211e-01	-7.952511e-02	-1.731104e-01	9.358525e-02	-1.333478e-01	-1.564562e-03	6.321635e-03	-2.230987e-02	-4.833299e-03	-1.747657e-02
81            	2.715875e-01	1.342696e-01	1.373179e-01	-7.692403e-02	-1.712009e-01	9.427684e-02	-1.327389e-01	-1.524124e-03	6.301201e-03	-2.208614e-02	-4.741867e-03	-1.734427e-02
82            	2.720423e-01	1.345055e-01	1.375368e-01	-7.467644e-02	-1.695382e-01	9.486181e-02	-1.322000e-01	-1.515684e-03	6.194740e-03	-2.165499e-02	-4.632754e-03	-1.702223e-02
83            	2.723510e-01	1.346375e-01	1.377135e-01	-7.254685e-02	-1.679312e-01	9.538437e-02	-1.316578e-01	-1.538019e-03	6.028599e-03	-2.109986e-02	-4.521333e-03	-1.657853e-02
84            	2.724997e-01	1.346533e-01	1.378464e-01	-7.063160e-02	-1.664290e-01	9.579743e-02	-1.311132e-01	-1.596569e-03	5.845371e-03	-2.054384e-02	-4.426546e-03	-1.611729e-02
85            	2.724616e-01	1.345499e-01	1.379117e-01	-6.906783e-02	-1.651016e-01	9.603376e-02	-1.305677e-01	-1.680902e-03	5.673483e-03	-2.007576e-02	-4.364395e-03	-1.571136e-02
86            	2.722064e-01	1.343203e-01	1.378861e-01	-6.806830e-02	-1.641118e-01	9.604345e-02	-1.300776e-01	-1.782896e-03	5.527500e-03	-1.972435e-02	-4.334674e-03	-1.538967e-02
87            	2.717526e-01	1.339919e-01	1.377608e-01	-6.781617e-02	-1.636175e-01	9.580132e-02	-1.297094e-01	-1.884451e-03	5.405704e-03	-1.948222e-02	-4.335408e-03	-1.514682e-02
88            	2.711367e-01	1.335983e-01	1.375383e-01	-6.843589e-02	-1.637626e-01	9.532676e-02	-1.295447e-01	-1.970001e-03	5.311957e-03	-1.935490e-02	-4.365494e-03	-1.498941e-02
89            	2.703873e-01	1.331745e-01	1.372127e-01	-6.984459e-02	-1.645208e-01	9.467623e-02	-1.295985e-01	-2.019092e-03	5.231245e-03	-1.930466e-02	-4.421087e-03	-1.488358e-02
90            	2.695202e-01	1.327358e-01	1.367844e-01	-7.188556e-02	-1.658174e-01	9.393182e-02	-1.298746e-01	-2.024263e-03	5.158346e-03	-1.927362e-02	-4.478462e-03	-1.479515e-02
91            	2.685465e-01	1.322891e-01	1.362573e-01	-7.432717e-02	-1.674803e-01	9.315311e-02	-1.303167e-01	-1.984116e-03	5.095572e-03	-1.925215e-02	-4.530505e-03	-1.472165e-02
92            	2.675499e-01	1.318844e-01	1.356655e-01	-7.706190e-02	-1.693845e-01	9.232255e-02	-1.308535e-01	-1.890541e-03	5.081736e-03	-1.934489e-02	-4.590710e-03	-1.475418e-02
93            	2.664811e-01	1.314908e-01	1.349903e-01	-7.998998e-02	-1.714187e-01	9.142874e-02	-1.314237e-01	-1.749734e-03	5.131130e-03	-1.956906e-02	-4.653398e-03	-1.491566e-02
94            	2.654253e-01	1.311497e-01	1.342757e-01	-8.306554e-02	-1.735185e-01	9.045292e-02	-1.319857e-01	-1.563013e-03	5.265238e-03	-1.997355e-02	-4.721537e-03	-1.525201e-02
95            	2.644879e-01	1.309074e-01	1.335805e-01	-8.619695e-02	-1.756084e-01	8.941142e-02	-1.325099e-01	-1.336546e-03	5.478085e-03	-2.053227e-02	-4.788051e-03	-1.574422e-02
96            	2.637699e-01	1.308041e-01	1.329658e-01	-8.924330e-02	-1.776284e-01	8.838507e-02	-1.330067e-01	-1.080869e-03	5.765722e-03	-2.123941e-02	-4.853984e-03	-1.638543e-02
97            	2.633590e-01	1.308675e-01	1.324915e-01	-9.203925e-02	-1.795029e-01	8.746370e-02	-1.334833e-01	-8.119907e-04	6.112852e-03	-2.207412e-02	-4.924206e-03	-1.714991e-02
98            	2.632138e-01	1.310566e-01	1.321571e-01	-9.450984e-02	-1.812149e-01	8.670510e-02	-1.339600e-01	-5.502414e-04	6.504438e-03	-2.300801e-02	-4.999569e-03	-1.800844e-02
99            	2.632492e-01	1.313072e-01	1.319420e-01	-9.655864e-02	-1.826915e-01	8.613288e-02	-1.344122e-01	-3.173813e-04	6.908061e-03	-2.398355e-02	-5.083715e-03	-1.889984e-02
100           	2.633916e-01	1.315581e-01	1.318335e-01	-9.807547e-02	-1.838204e-01	8.574497e-02	-1.347827e-01	-1.376854e-04	7.305377e-03	-2.498218e-02	-5.185713e-03	-1.979647e-02
101           	2.635637e-01	1.317655e-01	1.317983e-01	-9.913855e-02	-1.846259e-01	8.548739e-02	-1.350567e-01	-1.640148e-05	7.682489e-03	-2.600051e-02	-5.317764e-03	-2.068274e-02
102           	2.637292e-01	1.319129e-01	1.318163e-01	-9.984042e-02	-1.851341e-01	8.529370e-02	-1.352139e-01	4.832525e-05	8.042660e-03	-2.703838e-02	-5.476531e-03	-2.156185e-02
103           	2.638753e-01	1.320159e-01	1.318594e-01	-1.003968e-01	-1.854928e-01	8.509601e-02	-1.352944e-01	7.824551e-05	8.372897e-03	-2.801346e-02	-5.633832e-03	-2.237963e-02
104           	2.640288e-01	1.321101e-01	1.319187e-01	-1.009887e-01	-1.858454e-01	8.485671e-02	-1.353511e-01	9.566440e-05	8.667300e-03	-2.888005e-02	-5.772724e-03	-2.310732e-02
105           	2.641953e-01	1.322152e-01	1.319801e-01	-1.018035e-01	-1.863613e-01	8.455776e-02	-1.354595e-01	1.175380e-04	8.914363e-03	-2.961033e-02	-5.890803e-03	-2.371953e-02
106           	2.643550e-01	1.323274e-01	1.320276e-01	-1.029650e-01	-1.871804e-01	8.421535e-02	-1.356979e-01	1.498688e-04	9.108040e-03	-3.018766e-02	-5.985788e-03	-2.420187e-02
107           	2.644696e-01	1.324246e-01	1.320450e-01	-1.045096e-01	-1.883456e-01	8.383593e-02	-1.360908e-01	1.898243e-04	9.235981e-03	-3.057056e-02	-6.049299e-03	-2.452126e-02
108           	2.645192e-01	1.324929e-01	1.320263e-01	-1.064009e-01	-1.898295e-01	8.342859e-02	-1.366290e-01	2.333078e-04	9.303132e-03	-3.075535e-02	-6.074544e-03	-2.468081e-02
109           	2.644830e-01	1.325156e-01	1.319674e-01	-1.085326e-01	-1.915327e-01	8.300012e-02	-1.372664e-01	2.741148e-04	9.316922e-03	-3.077984e-02	-6.072998e-03	-2.470684e-02
110           	2.643696e-01	1.324908e-01	1.318787e-01	-1.107030e-01	-1.932681e-01	8.256511e-02	-1.379166e-01	3.060508e-04	9.306214e-03	-3.074234e-02	-6.064958e-03	-2.467739e-02
111           	2.641683e-01	1.324144e-01	1.317539e-01	-1.127171e-01	-1.948632e-01	8.214617e-02	-1.385047e-01	3.302436e-04	9.293506e-03	-3.073240e-02	-6.072694e-03	-2.465971e-02
112           	2.639260e-01	1.323163e-01	1.316097e-01	-1.144407e-01	-1.962092e-01	8.176848e-02	-1.389888e-01	3.532775e-04	9.306413e-03	-3.082970e-02	-6.108437e-03	-2.472126e-02
113           	2.636992e-01	1.322375e-01	1.314617e-01	-1.158418e-01	-1.972902e-01	8.144841e-02	-1.393693e-01	3.879304e-04	9.348692e-03	-3.102939e-02	-6.166003e-03	-2.486339e-02
114           	2.635552e-01	1.322216e-01	1.313336e-01	-1.169255e-01	-1.981465e-01	8.122102e-02	-1.396838e-01	4.440057e-04	9.421332e-03	-3.128863e-02	-6.222981e-03	-2.506565e-02
115           	2.635406e-01	1.322937e-01	1.312468e-01	-1.177082e-01	-1.988138e-01	8.110556e-02	-1.399597e-01	5.234432e-04	9.504745e-03	-3.152458e-02	-6.257543e-03	-2.526703e-02
116           	2.636913e-01	1.324605e-01	1.312308e-01	-1.181089e-01	-1.992408e-01	8.113195e-02	-1.401864e-01	6.148603e-04	9.588272e-03	-3.169626e-02	-6.259860e-03	-2.543640e-02
117           	2.639898e-01	1.326941e-01	1.312957e-01	-1.180525e-01	-1.993613e-01	8.130886e-02	-1.403351e-01	6.991695e-04	9.657315e-03	-3.179080e-02	-6.238086e-03	-2.555271e-02
118           	2.644149e-01	1.329623e-01	1.314525e-01	-1.173415e-01	-1.990012e-01	8.165968e-02	-1.403304e-01	7.549147e-04	9.715877e-03	-3.184871e-02	-6.208476e-03	-2.564023e-02
119           	2.649190e-01	1.332235e-01	1.316954e-01	-1.158135e-01	-1.980046e-01	8.219108e-02	-1.400978e-01	7.640487e-04	9.763251e-03	-3.191670e-02	-6.195098e-03	-2.572160e-02
120           	2.654842e-01	1.334647e-01	1.320194e-01	-1.135168e-01	-1.963838e-01	8.286701e-02	-1.396254e-01	7.226567e-04	9.810139e-03	-3.204132e-02	-6.210522e-03	-2.583080e-02
121           	2.661174e-01	1.337023e-01	1.324151e-01	-1.107364e-01	-1.943479e-01	8.361150e-02	-1.389797e-01	6.436043e-04	9.855756e-03	-3.222594e-02	-6.257213e-03	-2.596872e-02
122           	2.667990e-01	1.339427e-01	1.328563e-01	-1.077711e-01	-1.921571e-01	8.438603e-02	-1.382716e-01	5.432328e-04	9.908610e-03	-3.247494e-02	-6.328862e-03	-2.614608e-02
123           	2.674974e-01	1.341876e-01	1.333098e-01	-1.049387e-01	-1.900744e-01	8.513571e-02	-1.376051e-01	4.389191e-04	9.960173e-03	-3.275550e-02	-6.417575e-03	-2.633792e-02
124           	2.681751e-01	1.344369e-01	1.337382e-01	-1.025600e-01	-1.883560e-01	8.579599e-02	-1.370760e-01	3.493219e-04	1.000321e-02	-3.302711e-02	-6.510341e-03	-2.651677e-02
125           	2.687815e-01	1.346689e-01	1.341126e-01	-1.007460e-01	-1.870750e-01	8.632896e-02	-1.367020e-01	2.781241e-04	1.002776e-02	-3.325073e-02	-6.597599e-03	-2.665313e-02
126           	2.692624e-01	1.348474e-01	1.344150e-01	-9.943851e-02	-1.861740e-01	8.673553e-02	-1.364548e-01	2.161968e-04	1.003993e-02	-3.343309e-02	-6.676616e-03	-2.675647e-02
127           	2.695731e-01	1.349394e-01	1.346338e-01	-9.846838e-02	-1.855139e-01	8.704549e-02	-1.362797e-01	1.527841e-04	1.004028e-02	-3.358962e-02	-6.754527e-03	-2.683509e-02
128           	2.697247e-01	1.349416e-01	1.347830e-01	-9.765339e-02	-1.849538e-01	8.730041e-02	-1.361271e-01	7.930008e-05	1.004337e-02	-3.378724e-02	-6.850251e-03	-2.693699e-02
129           	2.697324e-01	1.348644e-01	1.348680e-01	-9.686604e-02	-1.843978e-01	8.753177e-02	-1.359648e-01	-1.788031e-06	1.005443e-02	-3.406844e-02	-6.979783e-03	-2.708865e-02
130           	2.696435e-01	1.347430e-01	1.349005e-01	-9.605060e-02	-1.838189e-01	8.776827e-02	-1.357936e-01	-7.872527e-05	1.008902e-02	-3.446151e-02	-7.141736e-03	-2.731977e-02
131           	2.694855e-01	1.346049e-01	1.348806e-01	-9.525937e-02	-1.832658e-01	8.800642e-02	-1.356361e-01	-1.378684e-04	1.014512e-02	-3.493232e-02	-7.321046e-03	-2.761128e-02
132           	2.692920e-01	1.344752e-01	1.348169e-01	-9.458558e-02	-1.828113e-01	8.822574e-02	-1.355185e-01	-1.708607e-04	1.022633e-02	-3.544285e-02	-7.495092e-03	-2.794775e-02
133           	2.690920e-01	1.343684e-01	1.347236e-01	-9.409729e-02	-1.824896e-01	8.839226e-02	-1.354409e-01	-1.776179e-04	1.032191e-02	-3.593321e-02	-7.644695e-03	-2.828851e-02
134           	2.689221e-01	1.342934e-01	1.346286e-01	-9.379886e-02	-1.822858e-01	8.848693e-02	-1.353864e-01	-1.675979e-04	1.043034e-02	-3.637337e-02	-7.756341e-03	-2.861703e-02
135           	2.687521e-01	1.342225e-01	1.345296e-01	-9.368890e-02	-1.821816e-01	8.849271e-02	-1.353372e-01	-1.535907e-04	1.052995e-02	-3.669876e-02	-7.819433e-03	-2.887933e-02
136           	2.685871e-01	1.341384e-01	1.344487e-01	-9.368129e-02	-1.820988e-01	8.841750e-02	-1.352581e-01	-1.551587e-04	1.061142e-02	-3.688180e-02	-7.829477e-03	-2.905232e-02
137           	2.684380e-01	1.340313e-01	1.344067e-01	-9.369313e-02	-1.819735e-01	8.828034e-02	-1.351269e-01	-1.876735e-04	1.065484e-02	-3.688980e-02	-7.790064e-03	-2.909973e-02
138           	2.683219e-01	1.339018e-01	1.344201e-01	-9.369380e-02	-1.817983e-01	8.810446e-02	-1.349514e-01	-2.591225e-04	1.065507e-02	-3.672151e-02	-7.705687e-03	-2.901582e-02
139           	2.682765e-01	1.337667e-01	1.345098e-01	-9.368586e-02	-1.815856e-01	8.789977e-02	-1.347427e-01	-3.715295e-04	1.059399e-02	-3.633764e-02	-7.574831e-03	-2.876281e-02
140           	2.682750e-01	1.336230e-01	1.346520e-01	-9.373428e-02	-1.814043e-01	8.767003e-02	-1.345372e-01	-5.145269e-04	1.047986e-02	-3.578962e-02	-7.414953e-03	-2.837467e-02
141           	2.683164e-01	1.334811e-01	1.348353e-01	-9.385152e-02	-1.812611e-01	8.740958e-02	-1.343353e-01	-6.770866e-04	1.031907e-02	-3.511555e-02	-7.238701e-03	-2.787685e-02
142           	2.683837e-01	1.333431e-01	1.350406e-01	-9.401371e-02	-1.811438e-01	8.713005e-02	-1.341369e-01	-8.487603e-04	1.013060e-02	-3.437534e-02	-7.057065e-03	-2.731827e-02
143           	2.684456e-01	1.332037e-01	1.352418e-01	-9.416093e-02	-1.810107e-01	8.684980e-02	-1.339303e-01	-1.019042e-03	9.926085e-03	-3.362273e-02	-6.885281e-03	-2.673745e-02
144           	2.684604e-01	1.330545e-01	1.354059e-01	-9.426904e-02	-1.808617e-01	8.659271e-02	-1.337272e-01	-1.175723e-03	9.732293e-03	-3.294293e-02	-6.739174e-03	-2.620376e-02
145           	2.684521e-01	1.329089e-01	1.355432e-01	-9.419639e-02	-1.806108e-01	8.641443e-02	-1.335126e-01	-1.317144e-03	9.549688e-03	-3.235728e-02	-6.628950e-03	-2.572833e-02
146           	2.684204e-01	1.327713e-01	1.356490e-01	-9.383553e-02	-1.802028e-01	8.636729e-02	-1.332851e-01	-1.438836e-03	9.400048e-03	-3.192649e-02	-6.563195e-03	-2.536329e-02
147           	2.683477e-01	1.326370e-01	1.357107e-01	-9.315750e-02	-1.796189e-01	8.646136e-02	-1.330401e-01	-1.536884e-03	9.289712e-03	-3.167931e-02	-6.549942e-03	-2.512937e-02
148           	2.682309e-01	1.325073e-01	1.357236e-01	-9.214653e-02	-1.788405e-01	8.669395e-02	-1.327672e-01	-1.608119e-03	9.237328e-03	-3.166954e-02	-6.597440e-03	-2.507210e-02
149           	2.680887e-01	1.323945e-01	1.356941e-01	-9.082055e-02	-1.778560e-01	8.703550e-02	-1.324458e-01	-1.649800e-03	9.249662e-03	-3.191257e-02	-6.706624e-03	-2.520595e-02
150           	2.679498e-01	1.323199e-01	1.356299e-01	-8.922922e-02	-1.766824e-01	8.745320e-02	-1.320678e-01	-1.654977e-03	9.338568e-03	-3.240433e-02	-6.863598e-03	-2.554073e-02
151           	2.678555e-01	1.323057e-01	1.355499e-01	-8.733986e-02	-1.752787e-01	8.793883e-02	-1.316088e-01	-1.622092e-03	9.500362e-03	-3.310940e-02	-7.054338e-03	-2.605506e-02
152           	2.678721e-01	1.323784e-01	1.354938e-01	-8.525710e-02	-1.737070e-01	8.844990e-02	-1.310785e-01	-1.557708e-03	9.729062e-03	-3.395963e-02	-7.250752e-03	-2.670887e-02
153           	2.680327e-01	1.325467e-01	1.354861e-01	-8.299310e-02	-1.719725e-01	8.897935e-02	-1.304759e-01	-1.469686e-03	1.000217e-02	-3.487536e-02	-7.435508e-03	-2.743986e-02
154           	2.683790e-01	1.328193e-01	1.355597e-01	-8.056731e-02	-1.700977e-01	8.953042e-02	-1.298141e-01	-1.370189e-03	1.029844e-02	-3.578064e-02	-7.591880e-03	-2.818876e-02
155           	2.689026e-01	1.331817e-01	1.357209e-01	-7.798567e-02	-1.680855e-01	9.009981e-02	-1.290926e-01	-1.269615e-03	1.058857e-02	-3.660554e-02	-7.714200e-03	-2.889134e-02
156           	2.696273e-01	1.336353e-01	1.359921e-01	-7.528145e-02	-1.659647e-01	9.068329e-02	-1.283240e-01	-1.178402e-03	1.085948e-02	-3.732820e-02	-7.804618e-03	-2.952358e-02
157           	2.705365e-01	1.341625e-01	1.363741e-01	-7.230267e-02	-1.636175e-01	9.131486e-02	-1.274662e-01	-1.105787e-03	1.109170e-02	-3.792204e-02	-7.869327e-03	-3.005272e-02
158           	2.716194e-01	1.347545e-01	1.368649e-01	-6.893157e-02	-1.609654e-01	9.203381e-02	-1.264996e-01	-1.055210e-03	1.128272e-02	-3.840569e-02	-7.920127e-03	-3.048556e-02
159           	2.728397e-01	1.353914e-01	1.374483e-01	-6.515808e-02	-1.579971e-01	9.283906e-02	-1.254181e-01	-1.028471e-03	1.143029e-02	-3.880561e-02	-7.972511e-03	-3.083309e-02
160           	2.741558e-01	1.360552e-01	1.381005e-01	-6.093184e-02	-1.546865e-01	9.375468e-02	-1.242206e-01	-1.022646e-03	1.154520e-02	-3.914584e-02	-8.027721e-03	-3.111812e-02
161           	2.755073e-01	1.367309e-01	1.387764e-01	-5.625514e-02	-1.510416e-01	9.478649e-02	-1.229141e-01	-1.022764e-03	1.162631e-02	-3.939684e-02	-8.072112e-03	-3.132473e-02
162           	2.768672e-01	1.374158e-01	1.394514e-01	-5.111237e-02	-1.470662e-01	9.595386e-02	-1.215100e-01	-1.017841e-03	1.168096e-02	-3.954435e-02	-8.091213e-03	-3.145314e-02
163           	2.782174e-01	1.381133e-01	1.401041e-01	-4.549491e-02	-1.427614e-01	9.726649e-02	-1.200139e-01	-9.954138e-04	1.170400e-02	-3.956712e-02	-8.079565e-03	-3.148756e-02
164           	2.795437e-01	1.388175e-01	1.407262e-01	-3.951681e-02	-1.382067e-01	9.868985e-02	-1.184483e-01	-9.543661e-04	1.170583e-02	-3.948553e-02	-8.036938e-03	-3.144859e-02
165           	2.807902e-01	1.395061e-01	1.412841e-01	-3.335549e-02	-1.335270e-01	1.001715e-01	-1.168492e-01	-8.889750e-04	1.169775e-02	-3.936074e-02	-7.982617e-03	-3.137812e-02
166           	2.819738e-01	1.401822e-01	1.417916e-01	-2.722769e-02	-1.288754e-01	1.016477e-01	-1.152616e-01	-8.047180e-04	1.169776e-02	-3.926305e-02	-7.933761e-03	-3.132929e-02
167           	2.830992e-01	1.408466e-01	1.422526e-01	-2.130014e-02	-1.243714e-01	1.030713e-01	-1.137213e-01	-7.030024e-04	1.171838e-02	-3.924995e-02	-7.906593e-03	-3.134335e-02
168           	2.841856e-01	1.415057e-01	1.426799e-01	-1.565720e-02	-1.200787e-01	1.044215e-01	-1.122501e-01	-5.870674e-04	1.177812e-02	-3.937327e-02	-7.908509e-03	-3.146476e-02
169           	2.852322e-01	1.421560e-01	1.430761e-01	-1.038596e-02	-1.160565e-01	1.056705e-01	-1.108635e-01	-4.600420e-04	1.187449e-02	-3.962884e-02	-7.939928e-03	-3.168891e-02
170           	2.862427e-01	1.427936e-01	1.434491e-01	-5.529887e-03	-1.123391e-01	1.068092e-01	-1.095742e-01	-3.277868e-04	1.200891e-02	-4.000326e-02	-7.992721e-03	-3.201054e-02
171           	2.872132e-01	1.434103e-01	1.438028e-01	-1.152946e-03	-1.089675e-01	1.078146e-01	-1.083911e-01	-1.962356e-04	1.216718e-02	-4.044534e-02	-8.055487e-03	-3.238985e-02
172           	2.881307e-01	1.439956e-01	1.441352e-01	2.689258e-03	-1.059876e-01	1.086769e-01	-1.073323e-01	-6.980097e-05	1.234290e-02	-4.091188e-02	-8.113036e-03	-3.279884e-02
173           	2.889845e-01	1.445364e-01	1.444481e-01	5.932594e-03	-1.034417e-01	1.093743e-01	-1.064080e-01	4.415895e-05	1.251957e-02	-4.134797e-02	-8.154414e-03	-3.319356e-02
174           	2.897728e-01	1.450255e-01	1.447472e-01	8.565155e-03	-1.013421e-01	1.099072e-01	-1.056247e-01	1.391594e-04	1.268868e-02	-4.171791e-02	-8.170272e-03	-3.354764e-02
175           	2.904959e-01	1.454592e-01	1.450366e-01	1.062427e-02	-9.966018e-02	1.102844e-01	-1.049723e-01	2.113073e-04	1.283285e-02	-4.197355e-02	-8.153929e-03	-3.381962e-02
176           	2.911485e-01	1.458326e-01	1.453158e-01	1.217514e-02	-9.835750e-02	1.105326e-01	-1.044451e-01	2.583928e-04	1.294321e-02	-4.208194e-02	-8.097755e-03	-3.398418e-02
177           	2.917103e-01	1.461343e-01	1.455760e-01	1.328976e-02	-9.738585e-02	1.106756e-01	-1.040307e-01	2.791509e-04	1.300013e-02	-4.199754e-02	-7.998644e-03	-3.399890e-02
178           	2.921735e-01	1.463591e-01	1.458144e-01	1.406097e-02	-9.668243e-02	1.107434e-01	-1.037129e-01	2.723409e-04	1.299948e-02	-4.170218e-02	-7.851613e-03	-3.385057e-02
179           	2.925219e-01	1.465007e-01	1.460212e-01	1.458550e-02	-9.617281e-02	1.107583e-01	-1.034656e-01	2.397681e-04	1.293108e-02	-4.118020e-02	-7.659022e-03	-3.352118e-02
180           	2.927611e-01	1.465665e-01	1.461946e-01	1.489511e-02	-9.584509e-02	1.107402e-01	-1.032926e-01	1.859484e-04	1.280659e-02	-4.047659e-02	-7.431705e-03	-3.304489e-02
181           	2.928715e-01	1.465538e-01	1.463177e-01	1.512922e-02	-9.559052e-02	1.107197e-01	-1.031551e-01	1.180545e-04	1.262377e-02	-3.957472e-02	-7.163589e-03	-3.241113e-02
182           	2.928417e-01	1.464654e-01	1.463762e-01	1.539732e-02	-9.532876e-02	1.107261e-01	-1.030274e-01	4.461335e-05	1.239359e-02	-3.851134e-02	-6.862079e-03	-3.164926e-02
183           	2.926555e-01	1.462989e-01	1.463566e-01	1.576741e-02	-9.500610e-02	1.107735e-01	-1.028898e-01	-2.886340e-05	1.212061e-02	-3.731698e-02	-6.537879e-03	-3.077910e-02
184           	2.923181e-01	1.460589e-01	1.462591e-01	1.627143e-02	-9.459398e-02	1.108654e-01	-1.027297e-01	-1.000829e-04	1.182115e-02	-3.604664e-02	-6.202174e-03	-2.984447e-02
185           	2.918238e-01	1.457455e-01	1.460782e-01	1.687572e-02	-9.410662e-02	1.109823e-01	-1.025445e-01	-1.663620e-04	1.150454e-02	-3.474962e-02	-5.870275e-03	-2.887934e-02
186           	2.911940e-01	1.453703e-01	1.458237e-01	1.749077e-02	-9.360330e-02	1.110941e-01	-1.023487e-01	-2.266954e-04	1.119037e-02	-3.349772e-02	-5.558491e-03	-2.793923e-02
187           	2.904428e-01	1.449421e-01	1.455006e-01	1.799405e-02	-9.316861e-02	1.111627e-01	-1.021656e-01	-2.792444e-04	1.088872e-02	-3.234518e-02	-5.283863e-03	-2.706131e-02
188           	2.896029e-01	1.444770e-01	1.451259e-01	1.826196e-02	-9.289450e-02	1.111565e-01	-1.020255e-01	-3.244159e-04	1.061552e-02	-3.134876e-02	-5.058864e-03	-2.628990e-02
189           	2.887012e-01	1.439870e-01	1.447142e-01	1.817685e-02	-9.286505e-02	1.110419e-01	-1.019535e-01	-3.636101e-04	1.037623e-02	-3.052930e-02	-4.888421e-03	-2.564088e-02
190           	2.877643e-01	1.434823e-01	1.442820e-01	1.766303e-02	-9.314092e-02	1.108040e-01	-1.019724e-01	-3.998831e-04	1.018169e-02	-2.991076e-02	-4.773692e-03	-2.513707e-02
191           	2.868111e-01	1.429697e-01	1.438413e-01	1.667550e-02	-9.375966e-02	1.104352e-01	-1.020974e-01	-4.358120e-04	1.003225e-02	-2.948701e-02	-4.711256e-03	-2.477575e-02
192           	2.858674e-01	1.424624e-01	1.434050e-01	1.523985e-02	-9.471546e-02	1.099553e-01	-1.023354e-01	-4.713151e-04	9.932842e-03	-2.924521e-02	-4.689762e-03	-2.455545e-02
193           	2.849438e-01	1.419680e-01	1.429757e-01	1.343378e-02	-9.596063e-02	1.093944e-01	-1.026775e-01	-5.038365e-04	9.873316e-03	-2.913411e-02	-4.693740e-03	-2.444037e-02
194           	2.840776e-01	1.415057e-01	1.425719e-01	1.136587e-02	-9.742183e-02	1.087877e-01	-1.031048e-01	-5.331180e-04	9.851868e-03	-2.910936e-02	-4.702811e-03	-2.440655e-02
195           	2.832835e-01	1.410828e-01	1.422007e-01	9.123524e-03	-9.903210e-02	1.081556e-01	-1.035939e-01	-5.589552e-04	9.852063e-03	-2.910100e-02	-4.698436e-03	-2.440256e-02
196           	2.825805e-01	1.407086e-01	1.418718e-01	6.778048e-03	-1.007368e-01	1.075148e-01	-1.041258e-01	-5.816054e-04	9.865515e-03	-2.906125e-02	-4.665110e-03	-2.439614e-02
197           	2.819707e-01	1.403854e-01	1.415854e-01	4.368913e-03	-1.025031e-01	1.068720e-01	-1.046876e-01	-6.000086e-04	9.873285e-03	-2.894163e-02	-4.597529e-03	-2.434410e-02
198           	2.814741e-01	1.401236e-01	1.413505e-01	1.955098e-03	-1.042878e-01	1.062429e-01	-1.052654e-01	-6.134485e-04	9.866001e-03	-2.872438e-02	-4.496192e-03	-2.422819e-02
199           	2.810915e-01	1.399259e-01	1.411656e-01	-3.945656e-04	-1.060364e-01	1.056419e-01	-1.058391e-01	-6.198896e-04	9.830896e-03	-2.839654e-02	-4.367376e-03	-2.402917e-02
200           	2.808348e-01	1.397956e-01	1.410392e-01	-2.562795e-03	-1.076613e-01	1.050985e-01	-1.063799e-01	-6.217647e-04	9.769257e-03	-2.798237e-02	-4.221928e-03	-2.376044e-02
201           	2.806917e-01	1.397267e-01	1.409649e-01	-4.390467e-03	-1.090407e-01	1.046503e-01	-1.068455e-01	-6.190964e-04	9.677269e-03	-2.749597e-02	-4.070716e-03	-2.342525e-02
202           	2.806564e-01	1.397168e-01	1.409396e-01	-5.696907e-03	-1.100419e-01	1.043450e-01	-1.071935e-01	-6.114027e-04	9.562363e-03	-2.695999e-02	-3.917634e-03	-2.304236e-02
203           	2.807065e-01	1.397583e-01	1.409482e-01	-6.358001e-03	-1.105750e-01	1.042170e-01	-1.073960e-01	-5.949750e-04	9.427494e-03	-2.639852e-02	-3.771768e-03	-2.262676e-02
204           	2.808311e-01	1.398479e-01	1.409831e-01	-6.305699e-03	-1.105963e-01	1.042906e-01	-1.074434e-01	-5.675856e-04	9.284239e-03	-2.586054e-02	-3.646032e-03	-2.221451e-02
205           	2.809949e-01	1.399692e-01	1.410257e-01	-5.280590e-03	-1.099111e-01	1.046305e-01	-1.072708e-01	-5.282779e-04	9.141934e-03	-2.539343e-02	-3.554780e-03	-2.183865e-02
206           	2.811877e-01	1.401182e-01	1.410695e-01	-3.107234e-03	-1.083681e-01	1.052609e-01	-1.068145e-01	-4.756359e-04	9.038144e-03	-2.511275e-02	-3.518230e-03	-2.159452e-02
207           	2.814196e-01	1.402996e-01	1.411200e-01	-1.079591e-05	-1.061153e-01	1.061045e-01	-1.061099e-01	-4.101625e-04	8.990265e-03	-2.506788e-02	-3.543674e-03	-2.152421e-02
208           	2.817115e-01	1.405248e-01	1.411867e-01	3.775168e-03	-1.033262e-01	1.071014e-01	-1.052138e-01	-3.309790e-04	9.010732e-03	-2.528068e-02	-3.629607e-03	-2.165107e-02
209           	2.820698e-01	1.407993e-01	1.412706e-01	8.031805e-03	-1.001579e-01	1.081897e-01	-1.041738e-01	-2.356612e-04	9.094738e-03	-2.572443e-02	-3.767478e-03	-2.195695e-02
210           	2.825366e-01	1.411501e-01	1.413865e-01	1.268647e-02	-9.665914e-02	1.093456e-01	-1.030024e-01	-1.181978e-04	9.252040e-03	-2.640268e-02	-3.949301e-03	-2.245338e-02
211           	2.830860e-01	1.415595e-01	1.415265e-01	1.729695e-02	-9.314351e-02	1.104405e-01	-1.017920e-01	1.650619e-05	9.461362e-03	-2.721169e-02	-4.144481e-03	-2.306721e-02
212           	2.837200e-01	1.420264e-01	1.416937e-01	2.166961e-02	-8.975971e-02	1.114293e-01	-1.005945e-01	1.663538e-04	9.713178e-03	-2.809027e-02	-4.331956e-03	-2.375831e-02
213           	2.844333e-01	1.425446e-01	1.418887e-01	2.572606e-02	-8.657970e-02	1.123058e-01	-9.944273e-02	3.279955e-04	9.982070e-03	-2.894767e-02	-4.491763e-03	-2.445590e-02
214           	2.852499e-01	1.431227e-01	1.421272e-01	2.943497e-02	-8.364278e-02	1.130778e-01	-9.836027e-02	4.977406e-04	1.025315e-02	-2.972862e-02	-4.611156e-03	-2.511746e-02
215           	2.861572e-01	1.437453e-01	1.424120e-01	3.272500e-02	-8.101460e-02	1.137396e-01	-9.737710e-02	6.666567e-04	1.049887e-02	-3.036096e-02	-4.681608e-03	-2.567935e-02
216           	2.871632e-01	1.444058e-01	1.427574e-01	3.553021e-02	-7.875225e-02	1.142825e-01	-9.651735e-02	8.242060e-04	1.070657e-02	-3.080888e-02	-4.697868e-03	-2.611102e-02
217           	2.882235e-01	1.450712e-01	1.431523e-01	3.775566e-02	-7.693044e-02	1.146861e-01	-9.580827e-02	9.594519e-04	1.085592e-02	-3.102847e-02	-4.658313e-03	-2.637016e-02
218           	2.893044e-01	1.457162e-01	1.435881e-01	3.930488e-02	-7.562077e-02	1.149257e-01	-9.527322e-02	1.064066e-03	1.094462e-02	-3.103065e-02	-4.570704e-03	-2.645995e-02
219           	2.903235e-01	1.462956e-01	1.440279e-01	4.005698e-02	-7.491939e-02	1.149764e-01	-9.494788e-02	1.133878e-03	1.096596e-02	-3.081470e-02	-4.441391e-03	-2.637331e-02
220           	2.912283e-01	1.467839e-01	1.444443e-01	3.990762e-02	-7.490272e-02	1.148103e-01	-9.485653e-02	1.169811e-03	1.092383e-02	-3.040616e-02	-4.279245e-03	-2.612691e-02
221           	2.919639e-01	1.471543e-01	1.448096e-01	3.873108e-02	-7.566664e-02	1.143977e-01	-9.503218e-02	1.172376e-03	1.082199e-02	-2.983243e-02	-4.094229e-03	-2.573820e-02
222           	2.924691e-01	1.473811e-01	1.450880e-01	3.645747e-02	-7.727054e-02	1.137280e-01	-9.549927e-02	1.146581e-03	1.067442e-02	-2.915328e-02	-3.902224e-03	-2.525106e-02
223           	2.926924e-01	1.474443e-01	1.452481e-01	3.312927e-02	-7.968995e-02	1.128192e-01	-9.625459e-02	1.098068e-03	1.049256e-02	-2.841877e-02	-3.716825e-03	-2.470194e-02
224           	2.926193e-01	1.473444e-01	1.452748e-01	2.889543e-02	-8.282099e-02	1.117164e-01	-9.726870e-02	1.034783e-03	1.029808e-02	-2.770575e-02	-3.554797e-03	-2.415095e-02
225           	2.922636e-01	1.470934e-01	1.451702e-01	2.393822e-02	-8.653005e-02	1.104683e-01	-9.849916e-02	9.615699e-04	1.009958e-02	-2.705232e-02	-3.426586e-03	-2.362574e-02
226           	2.916834e-01	1.467247e-01	1.449587e-01	1.851614e-02	-9.062552e-02	1.091417e-01	-9.988359e-02	8.829843e-04	9.917853e-03	-2.652191e-02	-3.343100e-03	-2.317881e-02
227           	2.909461e-01	1.462748e-01	1.446713e-01	1.291945e-02	-9.489081e-02	1.078103e-01	-1.013505e-01	8.017278e-04	9.758159e-03	-2.612465e-02	-3.304168e-03	-2.282049e-02
228           	2.901286e-01	1.457871e-01	1.443415e-01	7.395442e-03	-9.913299e-02	1.065284e-01	-1.028307e-01	7.227878e-04	9.632645e-03	-2.588205e-02	-3.308381e-03	-2.257367e-02
229           	2.893457e-01	1.453262e-01	1.440196e-01	2.055637e-03	-1.032581e-01	1.053138e-01	-1.042860e-01	6.533020e-04	9.541057e-03	-2.576704e-02	-3.342462e-03	-2.242457e-02
230           	2.886650e-01	1.449334e-01	1.437316e-01	-2.851238e-03	-1.070699e-01	1.042187e-01	-1.056443e-01	6.009087e-04	9.483854e-03	-2.574885e-02	-3.390569e-03	-2.235828e-02
231           	2.881357e-01	1.446389e-01	1.434968e-01	-6.994644e-03	-1.103018e-01	1.033072e-01	-1.068045e-01	5.710293e-04	9.448916e-03	-2.575689e-02	-3.429528e-03	-2.232736e-02
232           	2.878100e-01	1.444707e-01	1.433393e-01	-1.056922e-02	-1.130988e-01	1.025296e-01	-1.078142e-01	5.656781e-04	9.431314e-03	-2.574961e-02	-3.443493e-03	-2.230612e-02
233           	2.877015e-01	1.444346e-01	1.432669e-01	-1.342508e-02	-1.153475e-01	1.019225e-01	-1.086350e-01	5.838363e-04	9.414025e-03	-2.565969e-02	-3.415819e-03	-2.224387e-02
234           	2.878169e-01	1.445278e-01	1.432892e-01	-1.542217e-02	-1.169436e-01	1.015214e-01	-1.092325e-01	6.193186e-04	9.396683e-03	-2.547823e-02	-3.342431e-03	-2.213580e-02
235           	2.881527e-01	1.447400e-01	1.434127e-01	-1.652081e-02	-1.178576e-01	1.013368e-01	-1.095972e-01	6.636418e-04	9.370103e-03	-2.519761e-02	-3.228704e-03	-2.196891e-02
236           	2.887067e-01	1.450629e-01	1.436439e-01	-1.664039e-02	-1.180321e-01	1.013917e-01	-1.097119e-01	7.095133e-04	9.334024e-03	-2.482936e-02	-3.080657e-03	-2.174870e-02
237           	2.894340e-01	1.454684e-01	1.439656e-01	-1.552568e-02	-1.172710e-01	1.017453e-01	-1.095082e-01	7.513712e-04	9.279325e-03	-2.437246e-02	-2.906904e-03	-2.146555e-02
238           	2.903010e-01	1.459289e-01	1.443721e-01	-1.309312e-02	-1.154851e-01	1.023920e-01	-1.089386e-01	7.783812e-04	9.211421e-03	-2.388646e-02	-2.731809e-03	-2.115465e-02
239           	2.912158e-01	1.463929e-01	1.448229e-01	-9.717610e-03	-1.129458e-01	1.032282e-01	-1.080870e-01	7.850321e-04	9.132596e-03	-2.342406e-02	-2.579434e-03	-2.084463e-02
240           	2.920892e-01	1.468163e-01	1.452729e-01	-5.883680e-03	-1.100276e-01	1.041439e-01	-1.070857e-01	7.717034e-04	9.056990e-03	-2.304267e-02	-2.464343e-03	-2.057832e-02
241           	2.928591e-01	1.471706e-01	1.456885e-01	-2.010406e-03	-1.070484e-01	1.050380e-01	-1.060432e-01	7.410415e-04	8.989064e-03	-2.276520e-02	-2.393534e-03	-2.037166e-02
242           	2.934778e-01	1.474376e-01	1.460403e-01	1.519956e-03	-1.043024e-01	1.058224e-01	-1.050624e-01	6.986657e-04	8.939008e-03	-2.261577e-02	-2.368877e-03	-2.024689e-02
243           	2.939063e-01	1.476034e-01	1.463028e-01	4.448329e-03	-1.019893e-01	1.064376e-01	-1.042134e-01	6.502884e-04	8.905883e-03	-2.257583e-02	-2.382031e-03	-2.019380e-02
244           	2.941153e-01	1.476584e-01	1.464569e-01	6.665654e-03	-1.002005e-01	1.068661e-01	-1.035333e-01	6.007296e-04	8.891725e-03	-2.262430e-02	-2.420426e-03	-2.020387e-02
245           	2.940953e-01	1.475998e-01	1.464955e-01	8.194528e-03	-9.892032e-02	1.071149e-01	-1.030176e-01	5.521624e-04	8.886898e-03	-2.271334e-02	-2.469772e-03	-2.024357e-02
246           	2.938445e-01	1.474282e-01	1.464163e-01	9.069880e-03	-9.812990e-02	1.071998e-01	-1.026648e-01	5.059514e-04	8.885703e-03	-2.280007e-02	-2.514331e-03	-2.028574e-02
247           	2.933754e-01	1.471505e-01	1.462249e-01	9.274856e-03	-9.785213e-02	1.071270e-01	-1.024896e-01	4.627945e-04	8.871574e-03	-2.281960e-02	-2.538228e-03	-2.028138e-02
248           	2.927037e-01	1.467756e-01	1.459281e-01	8.815130e-03	-9.810263e-02	1.069178e-01	-1.025102e-01	4.237600e-04	8.841264e-03	-2.274357e-02	-2.530521e-03	-2.021305e-02
249           	2.918531e-01	1.463183e-01	1.455349e-01	7.770228e-03	-9.883684e-02	1.066071e-01	-1.027220e-01	3.917154e-04	8.789043e-03	-2.256562e-02	-2.493766e-03	-2.007185e-02
250           	2.909118e-01	1.458175e-01	1.450943e-01	6.352975e-03	-9.988931e-02	1.062423e-01	-1.030658e-01	3.616244e-04	8.721761e-03	-2.229611e-02	-2.426295e-03	-1.986982e-02
251           	2.899256e-01	1.452962e-01	1.446294e-01	4.738061e-03	-1.011208e-01	1.058588e-01	-1.034898e-01	3.334208e-04	8.640525e-03	-2.195448e-02	-2.336716e-03	-1.961777e-02
252           	2.889569e-01	1.447833e-01	1.441736e-01	3.023940e-03	-1.024510e-01	1.054750e-01	-1.039630e-01	3.048655e-04	8.551129e-03	-2.156475e-02	-2.231247e-03	-1.933351e-02
253           	2.880448e-01	1.442976e-01	1.437472e-01	1.284415e-03	-1.038170e-01	1.051015e-01	-1.044592e-01	2.751792e-04	8.459596e-03	-2.117639e-02	-2.128600e-03	-1.904779e-02
254           	2.872334e-01	1.438559e-01	1.433775e-01	-4.822774e-04	-1.052134e-01	1.047311e-01	-1.049723e-01	2.391860e-04	8.375159e-03	-2.083066e-02	-2.040173e-03	-1.879049e-02
255           	2.865215e-01	1.434538e-01	1.430677e-01	-2.294204e-03	-1.066437e-01	1.043495e-01	-1.054966e-01	1.930787e-04	8.295239e-03	-2.053584e-02	-1.972681e-03	-1.856316e-02
256           	2.859125e-01	1.430950e-01	1.428175e-01	-4.138885e-03	-1.080939e-01	1.039550e-01	-1.060245e-01	1.387281e-04	8.231491e-03	-2.031450e-02	-1.925761e-03	-1.838874e-02
257           	2.854047e-01	1.427858e-01	1.426189e-01	-6.002398e-03	-1.095514e-01	1.035490e-01	-1.065502e-01	8.344118e-05	8.179087e-03	-2.013613e-02	-1.888977e-03	-1.824715e-02
258           	2.850160e-01	1.425435e-01	1.424725e-01	-7.862920e-03	-1.109994e-01	1.031365e-01	-1.070680e-01	3.553040e-05	8.142335e-03	-1.999085e-02	-1.853091e-03	-1.813776e-02
259           	2.847528e-01	1.423757e-01	1.423771e-01	-9.664725e-03	-1.123976e-01	1.027329e-01	-1.075652e-01	-6.850486e-07	8.110347e-03	-1.981614e-02	-1.797723e-03	-1.801842e-02
260           	2.846158e-01	1.422852e-01	1.423306e-01	-1.131384e-02	-1.136807e-01	1.023668e-01	-1.080237e-01	-2.273326e-05	8.074815e-03	-1.955716e-02	-1.703764e-03	-1.785339e-02
261           	2.846177e-01	1.422762e-01	1.423415e-01	-1.273840e-02	-1.147940e-01	1.020556e-01	-1.084248e-01	-3.265698e-05	8.019487e-03	-1.917294e-02	-1.566983e-03	-1.760596e-02
262           	2.847802e-01	1.423557e-01	1.424245e-01	-1.387641e-02	-1.156955e-01	1.018191e-01	-1.087573e-01	-3.441725e-05	7.939671e-03	-1.866067e-02	-1.390663e-03	-1.727001e-02
263           	2.851090e-01	1.425220e-01	1.425869e-01	-1.467271e-02	-1.163406e-01	1.016679e-01	-1.090042e-01	-3.245901e-05	7.826038e-03	-1.801851e-02	-1.183215e-03	-1.683529e-02
264           	2.855838e-01	1.427591e-01	1.428247e-01	-1.507800e-02	-1.166885e-01	1.016105e-01	-1.091495e-01	-3.277916e-05	7.683139e-03	-1.726793e-02	-9.508279e-04	-1.631711e-02
265           	2.861681e-01	1.430463e-01	1.431218e-01	-1.507818e-02	-1.167231e-01	1.016449e-01	-1.091840e-01	-3.772864e-05	7.509677e-03	-1.643764e-02	-7.091419e-04	-1.572850e-02
266           	2.868087e-01	1.433552e-01	1.434535e-01	-1.468812e-02	-1.164558e-01	1.017677e-01	-1.091117e-01	-4.913333e-05	7.318697e-03	-1.558481e-02	-4.737097e-04	-1.511110e-02
267           	2.874353e-01	1.436505e-01	1.437848e-01	-1.395141e-02	-1.159192e-01	1.019678e-01	-1.089435e-01	-6.716275e-05	7.117504e-03	-1.475518e-02	-2.600840e-04	-1.449509e-02
268           	2.879765e-01	1.439011e-01	1.440754e-01	-1.286446e-02	-1.151172e-01	1.022528e-01	-1.086850e-01	-8.711086e-05	6.923330e-03	-1.400111e-02	-7.722527e-05	-1.392389e-02
269           	2.883817e-01	1.440874e-01	1.442943e-01	-1.143664e-02	-1.140589e-01	1.026223e-01	-1.083406e-01	-1.034319e-04	6.741412e-03	-1.334466e-02	6.908153e-05	-1.341374e-02
270           	2.886262e-01	1.441987e-01	1.444275e-01	-9.683124e-03	-1.127636e-01	1.030804e-01	-1.079220e-01	-1.144200e-04	6.584968e-03	-1.280883e-02	1.805509e-04	-1.298939e-02
271           	2.887026e-01	1.442301e-01	1.444725e-01	-7.657902e-03	-1.112721e-01	1.036142e-01	-1.074432e-01	-1.211973e-04	6.455681e-03	-1.240395e-02	2.537071e-04	-1.265765e-02
272           	2.886277e-01	1.441856e-01	1.444421e-01	-5.470785e-03	-1.096672e-01	1.041965e-01	-1.069318e-01	-1.282498e-04	6.360993e-03	-1.214487e-02	2.885583e-04	-1.243343e-02
273           	2.884186e-01	1.440707e-01	1.443479e-01	-3.256732e-03	-1.080443e-01	1.047875e-01	-1.064159e-01	-1.386096e-04	6.294507e-03	-1.201278e-02	2.881190e-04	-1.230089e-02
274           	2.880934e-01	1.438929e-01	1.442005e-01	-1.131296e-03	-1.064857e-01	1.053544e-01	-1.059200e-01	-1.537821e-04	6.258993e-03	-1.200385e-02	2.570664e-04	-1.226092e-02
275           	2.876670e-01	1.436587e-01	1.440083e-01	7.696656e-04	-1.050818e-01	1.058514e-01	-1.054666e-01	-1.747999e-04	6.247025e-03	-1.209065e-02	2.016980e-04	-1.229235e-02
276           	2.871690e-01	1.433810e-01	1.437881e-01	2.290854e-03	-1.039427e-01	1.062335e-01	-1.050881e-01	-2.035530e-04	6.259279e-03	-1.226439e-02	1.270843e-04	-1.239147e-02
277           	2.866239e-01	1.430723e-01	1.435516e-01	3.297500e-03	-1.031615e-01	1.064590e-01	-1.048103e-01	-2.396281e-04	6.286705e-03	-1.249873e-02	3.733971e-05	-1.253607e-02
278           	2.860625e-01	1.427518e-01	1.433108e-01	3.700555e-03	-1.028089e-01	1.065094e-01	-1.046591e-01	-2.794895e-04	6.333825e-03	-1.280221e-02	-6.728119e-05	-1.273493e-02
279           	2.855083e-01	1.424367e-01	1.430716e-01	3.433285e-03	-1.029358e-01	1.063691e-01	-1.046524e-01	-3.174869e-04	6.395521e-03	-1.317134e-02	-1.901488e-04	-1.298119e-02
280           	2.849881e-01	1.421459e-01	1.428422e-01	2.439830e-03	-1.035936e-01	1.060334e-01	-1.048135e-01	-3.481596e-04	6.477698e-03	-1.361693e-02	-3.307655e-04	-1.328616e-02
281           	2.845076e-01	1.418878e-01	1.426198e-01	7.016539e-04	-1.048106e-01	1.055123e-01	-1.051614e-01	-3.660042e-04	6.573990e-03	-1.411861e-02	-4.853163e-04	-1.363330e-02
282           	2.840619e-01	1.416653e-01	1.423966e-01	-1.633090e-03	-1.064972e-01	1.048641e-01	-1.056806e-01	-3.656801e-04	6.686141e-03	-1.466308e-02	-6.454000e-04	-1.401768e-02
283           	2.836536e-01	1.414852e-01	1.421684e-01	-4.286110e-03	-1.084533e-01	1.041671e-01	-1.063102e-01	-3.416454e-04	6.803855e-03	-1.520761e-02	-7.999516e-04	-1.440766e-02
284           	2.833197e-01	1.413711e-01	1.419486e-01	-6.933165e-03	-1.104389e-01	1.035057e-01	-1.069723e-01	-2.887347e-04	6.925044e-03	-1.571258e-02	-9.312457e-04	-1.478133e-02
285           	2.830886e-01	1.413411e-01	1.417475e-01	-9.318673e-03	-1.122515e-01	1.029328e-01	-1.075921e-01	-2.032153e-04	7.039347e-03	-1.612716e-02	-1.024233e-03	-1.510293e-02
286           	2.829959e-01	1.414109e-01	1.415849e-01	-1.128197e-02	-1.137619e-01	1.024799e-01	-1.081209e-01	-8.699595e-05	7.149888e-03	-1.644964e-02	-1.074931e-03	-1.537471e-02
287           	2.830638e-01	1.415866e-01	1.414772e-01	-1.273791e-02	-1.148913e-01	1.021534e-01	-1.085223e-01	5.471036e-05	7.252324e-03	-1.669486e-02	-1.095107e-03	-1.559976e-02
288           	2.833141e-01	1.418675e-01	1.414466e-01	-1.367876e-02	-1.156218e-01	1.019431e-01	-1.087824e-01	2.104494e-04	7.354369e-03	-1.690234e-02	-1.096802e-03	-1.580554e-02
289           	2.837621e-01	1.422464e-01	1.415157e-01	-1.414991e-02	-1.159749e-01	1.018250e-01	-1.088999e-01	3.653146e-04	7.450320e-03	-1.707904e-02	-1.089200e-03	-1.598984e-02
290           	2.843810e-01	1.426986e-01	1.416824e-01	-1.424083e-02	-1.160210e-01	1.017802e-01	-1.089006e-01	5.081108e-04	7.547445e-03	-1.726486e-02	-1.084985e-03	-1.617988e-02
291           	2.851405e-01	1.431977e-01	1.419428e-01	-1.403606e-02	-1.158255e-01	1.017894e-01	-1.088074e-01	6.274491e-04	7.641105e-03	-1.746433e-02	-1.091059e-03	-1.637327e-02
292           	2.859740e-01	1.437025e-01	1.422715e-01	-1.358723e-02	-1.154385e-01	1.018513e-01	-1.086449e-01	7.154784e-04	7.737840e-03	-1.770063e-02	-1.112476e-03	-1.658816e-02
293           	2.868312e-01	1.441860e-01	1.426452e-01	-1.291881e-02	-1.148864e-01	1.019676e-01	-1.084270e-01	7.703816e-04	7.830188e-03	-1.795748e-02	-1.148554e-03	-1.680893e-02
294           	2.876580e-01	1.446237e-01	1.430342e-01	-1.204755e-02	-1.141920e-01	1.021444e-01	-1.081682e-01	7.947327e-04	7.923475e-03	-1.823829e-02	-1.195668e-03	-1.704262e-02
295           	2.884214e-01	1.450101e-01	1.434113e-01	-1.101231e-02	-1.133831e-01	1.023707e-01	-1.078769e-01	7.993981e-04	8.005280e-03	-1.849774e-02	-1.243589e-03	-1.725415e-02
296           	2.890850e-01	1.453304e-01	1.437546e-01	-9.852150e-03	-1.124872e-01	1.026350e-01	-1.075611e-01	7.878778e-04	8.073915e-03	-1.871272e-02	-1.282446e-03	-1.743028e-02
297           	2.896196e-01	1.455751e-01	1.440445e-01	-8.604421e-03	-1.115287e-01	1.029243e-01	-1.072265e-01	7.652809e-04	8.114790e-03	-1.883679e-02	-1.303606e-03	-1.753319e-02
298           	2.900007e-01	1.457309e-01	1.442698e-01	-7.316130e-03	-1.105412e-01	1.032250e-01	-1.068831e-01	7.305436e-04	8.121446e-03	-1.884217e-02	-1.299641e-03	-1.754253e-02
299           	2.902037e-01	1.457819e-01	1.444217e-01	-6.014585e-03	-1.095472e-01	1.035326e-01	-1.065399e-01	6.800904e-04	8.081490e-03	-1.870117e-02	-1.269093e-03	-1.743207e-02
300           	2.902316e-01	1.457260e-01	1.445056e-01	-4.731183e-03	-1.085750e-01	1.038438e-01	-1.062094e-01	6.102432e-04	8.000478e-03	-1.843412e-02	-1.216583e-03	-1.721754e-02
301           	2.900861e-01	1.455649e-01	1.445212e-01	-3.463595e-03	-1.076254e-01	1.041618e-01	-1.058936e-01	5.218138e-04	7.882544e-03	-1.807134e-02	-1.153127e-03	-1.691821e-02
302           	2.897989e-01	1.453164e-01	1.444825e-01	-2.253098e-03	-1.067320e-01	1.044789e-01	-1.056054e-01	4.169443e-04	7.747247e-03	-1.767143e-02	-1.088468e-03	-1.658296e-02
303           	2.893993e-01	1.450017e-01	1.443976e-01	-1.171491e-03	-1.059475e-01	1.047760e-01	-1.053617e-01	3.020592e-04	7.606803e-03	-1.728224e-02	-1.034316e-03	-1.624792e-02
304           	2.889275e-01	1.446452e-01	1.442823e-01	-3.122175e-04	-1.053425e-01	1.050303e-01	-1.051864e-01	1.814075e-04	7.483196e-03	-1.696893e-02	-1.001268e-03	-1.596766e-02
305           	2.884232e-01	1.442799e-01	1.441433e-01	2.547318e-04	-1.049620e-01	1.052168e-01	-1.050894e-01	6.827640e-05	7.382339e-03	-1.677284e-02	-1.004081e-03	-1.576876e-02
306           	2.879198e-01	1.439336e-01	1.439862e-01	4.985824e-04	-1.048266e-01	1.053251e-01	-1.050758e-01	-2.629253e-05	7.314745e-03	-1.673126e-02	-1.050886e-03	-1.568038e-02
307           	2.874430e-01	1.436296e-01	1.438134e-01	3.952392e-04	-1.049453e-01	1.053406e-01	-1.051430e-01	-9.192794e-05	7.275338e-03	-1.683028e-02	-1.139802e-03	-1.569048e-02
308           	2.869989e-01	1.433817e-01	1.436172e-01	-5.807240e-05	-1.053193e-01	1.052612e-01	-1.052903e-01	-1.177318e-04	7.268787e-03	-1.705353e-02	-1.257979e-03	-1.579555e-02
309           	2.865870e-01	1.432004e-01	1.433866e-01	-8.214210e-04	-1.059133e-01	1.050919e-01	-1.055026e-01	-9.307756e-05	7.291016e-03	-1.737089e-02	-1.394431e-03	-1.597646e-02
310           	2.862386e-01	1.431068e-01	1.431318e-01	-1.833647e-03	-1.066809e-01	1.048473e-01	-1.057641e-01	-1.250265e-05	7.344870e-03	-1.775999e-02	-1.535123e-03	-1.622486e-02
311           	2.859809e-01	1.431133e-01	1.428676e-01	-3.022640e-03	-1.075687e-01	1.045461e-01	-1.060574e-01	1.228267e-04	7.419352e-03	-1.817749e-02	-1.669395e-03	-1.650810e-02
312           	2.858660e-01	1.432279e-01	1.426381e-01	-4.311649e-03	-1.085165e-01	1.042048e-01	-1.063606e-01	2.949011e-04	7.513434e-03	-1.861190e-02	-1.792517e-03	-1.681939e-02
313           	2.858904e-01	1.434337e-01	1.424567e-01	-5.664793e-03	-1.094981e-01	1.038333e-01	-1.066657e-01	4.885127e-04	7.619111e-03	-1.905357e-02	-1.907672e-03	-1.714590e-02
314           	2.860549e-01	1.437108e-01	1.423441e-01	-7.066196e-03	-1.105053e-01	1.034391e-01	-1.069722e-01	6.833307e-04	7.730939e-03	-1.948646e-02	-2.012290e-03	-1.747417e-02
315           	2.863092e-01	1.440207e-01	1.422885e-01	-8.472487e-03	-1.115141e-01	1.030417e-01	-1.072779e-01	8.660678e-04	7.837899e-03	-1.987853e-02	-2.101367e-03	-1.777717e-02
316           	2.866130e-01	1.443361e-01	1.422769e-01	-9.769719e-03	-1.124572e-01	1.026875e-01	-1.075724e-01	1.029614e-03	7.943218e-03	-2.022178e-02	-2.167674e-03	-1.805411e-02
317           	2.869303e-01	1.446372e-01	1.422931e-01	-1.078779e-02	-1.132152e-01	1.024274e-01	-1.078213e-01	1.172067e-03	8.041977e-03	-2.050147e-02	-2.208759e-03	-1.829271e-02
318           	2.872488e-01	1.449150e-01	1.423339e-01	-1.137552e-02	-1.136771e-01	1.023016e-01	-1.079894e-01	1.290558e-03	8.137384e-03	-2.071418e-02	-2.219705e-03	-1.849447e-02
319           	2.875178e-01	1.451429e-01	1.423750e-01	-1.147413e-02	-1.137949e-01	1.023207e-01	-1.080578e-01	1.383930e-03	8.219600e-03	-2.083712e-02	-2.198958e-03	-1.863816e-02
320           	2.876970e-01	1.452975e-01	1.423994e-01	-1.110908e-02	-1.135872e-01	1.024782e-01	-1.080327e-01	1.449054e-03	8.290751e-03	-2.088031e-02	-2.149404e-03	-1.873091e-02
321           	2.877380e-01	1.453517e-01	1.423863e-01	-1.032162e-02	-1.130848e-01	1.027632e-01	-1.079240e-01	1.482698e-03	8.341360e-03	-2.083526e-02	-2.076271e-03	-1.875899e-02
322           	2.876185e-01	1.452930e-01	1.423256e-01	-9.170993e-03	-1.123300e-01	1.031590e-01	-1.077445e-01	1.483707e-03	8.371381e-03	-2.071679e-02	-1.987013e-03	-1.872978e-02
323           	2.872944e-01	1.450997e-01	1.421947e-01	-7.780967e-03	-1.114067e-01	1.036258e-01	-1.075163e-01	1.452490e-03	8.375707e-03	-2.053683e-02	-1.892706e-03	-1.864412e-02
324           	2.867840e-01	1.447873e-01	1.419967e-01	-6.362769e-03	-1.104676e-01	1.041048e-01	-1.072862e-01	1.395286e-03	8.362677e-03	-2.032899e-02	-1.801816e-03	-1.852717e-02
325           	2.861211e-01	1.443806e-01	1.417405e-01	-5.091754e-03	-1.096340e-01	1.045422e-01	-1.070881e-01	1.320065e-03	8.333770e-03	-2.011942e-02	-1.725940e-03	-1.839348e-02
326           	2.853719e-01	1.439195e-01	1.414523e-01	-4.064460e-03	-1.089767e-01	1.049122e-01	-1.069445e-01	1.233603e-03	8.300383e-03	-1.995457e-02	-1.676904e-03	-1.827767e-02
327           	2.845738e-01	1.434314e-01	1.411424e-01	-3.290779e-03	-1.085007e-01	1.052099e-01	-1.068553e-01	1.144530e-03	8.265971e-03	-1.986777e-02	-1.667912e-03	-1.819985e-02
328           	2.837632e-01	1.429445e-01	1.408187e-01	-2.726218e-03	-1.081744e-01	1.054482e-01	-1.068113e-01	1.062888e-03	8.245034e-03	-1.990754e-02	-1.708736e-03	-1.819880e-02
329           	2.829954e-01	1.424982e-01	1.404973e-01	-2.293605e-03	-1.079353e-01	1.056417e-01	-1.067885e-01	1.000451e-03	8.239514e-03	-2.008308e-02	-1.802028e-03	-1.828106e-02
330           	2.823205e-01	1.421282e-01	1.401924e-01	-1.929648e-03	-1.077296e-01	1.058000e-01	-1.067648e-01	9.678836e-04	8.258509e-03	-2.039683e-02	-1.939906e-03	-1.845692e-02
331           	2.817482e-01	1.418495e-01	1.398986e-01	-1.620095e-03	-1.075353e-01	1.059152e-01	-1.067252e-01	9.754408e-04	8.300326e-03	-2.082059e-02	-2.109967e-03	-1.871062e-02
332           	2.812836e-01	1.416708e-01	1.396128e-01	-1.409854e-03	-1.073884e-01	1.059786e-01	-1.066835e-01	1.029000e-03	8.371808e-03	-2.134573e-02	-2.301057e-03	-1.904467e-02
333           	2.809323e-01	1.415928e-01	1.393395e-01	-1.399931e-03	-1.073701e-01	1.059702e-01	-1.066701e-01	1.126668e-03	8.467196e-03	-2.194540e-02	-2.505505e-03	-1.943990e-02
334           	2.807086e-01	1.416140e-01	1.390945e-01	-1.698421e-03	-1.075703e-01	1.058719e-01	-1.067211e-01	1.259766e-03	8.595956e-03	-2.261800e-02	-2.713043e-03	-1.990496e-02
335           	2.806074e-01	1.417192e-01	1.388882e-01	-2.381287e-03	-1.080523e-01	1.056710e-01	-1.068616e-01	1.415457e-03	8.757938e-03	-2.335459e-02	-2.919358e-03	-2.043523e-02
336           	2.806248e-01	1.418905e-01	1.387343e-01	-3.494608e-03	-1.088630e-01	1.053684e-01	-1.071157e-01	1.578124e-03	8.959534e-03	-2.416058e-02	-3.120757e-03	-2.103982e-02
337           	2.807302e-01	1.420996e-01	1.386306e-01	-4.968138e-03	-1.099648e-01	1.049967e-01	-1.074807e-01	1.734538e-03	9.191438e-03	-2.500872e-02	-3.312924e-03	-2.169580e-02
338           	2.808893e-01	1.423232e-01	1.385661e-01	-6.580879e-03	-1.112050e-01	1.046242e-01	-1.079146e-01	1.878537e-03	9.450963e-03	-2.588586e-02	-3.491969e-03	-2.239389e-02
339           	2.810457e-01	1.425328e-01	1.385129e-01	-8.134505e-03	-1.124319e-01	1.042974e-01	-1.083647e-01	2.009959e-03	9.726958e-03	-2.676216e-02	-3.654121e-03	-2.310804e-02
340           	2.811597e-01	1.427099e-01	1.384498e-01	-9.547196e-03	-1.135747e-01	1.040275e-01	-1.088011e-01	2.130026e-03	1.001574e-02	-2.762628e-02	-3.797398e-03	-2.382888e-02
341           	2.811849e-01	1.428322e-01	1.383527e-01	-1.082556e-02	-1.146211e-01	1.037955e-01	-1.092083e-01	2.239787e-03	1.029733e-02	-2.843660e-02	-3.920972e-03	-2.451563e-02
342           	2.811078e-01	1.428900e-01	1.382179e-01	-1.203871e-02	-1.156117e-01	1.035730e-01	-1.095924e-01	2.336063e-03	1.055702e-02	-2.915448e-02	-4.020215e-03	-2.513426e-02
343           	2.809218e-01	1.428759e-01	1.380459e-01	-1.325522e-02	-1.165888e-01	1.033336e-01	-1.099612e-01	2.415026e-03	1.076968e-02	-2.973070e-02	-4.095673e-03	-2.563503e-02
344           	2.806434e-01	1.427926e-01	1.378508e-01	-1.449381e-02	-1.175699e-01	1.030761e-01	-1.103230e-01	2.470887e-03	1.092362e-02	-3.013837e-02	-4.145563e-03	-2.599280e-02
345           	2.803122e-01	1.426537e-01	1.376584e-01	-1.570616e-02	-1.185274e-01	1.028212e-01	-1.106743e-01	2.497647e-03	1.100269e-02	-3.034495e-02	-4.169782e-03	-2.617517e-02
346           	2.799649e-01	1.424726e-01	1.374923e-01	-1.678451e-02	-1.193929e-01	1.026084e-01	-1.110007e-01	2.490140e-03	1.101232e-02	-3.036430e-02	-4.169824e-03	-2.619447e-02
347           	2.796132e-01	1.422568e-01	1.373564e-01	-1.762829e-02	-1.200980e-01	1.024697e-01	-1.112839e-01	2.450208e-03	1.095570e-02	-3.020838e-02	-4.148488e-03	-2.605989e-02
348           	2.792453e-01	1.420102e-01	1.372351e-01	-1.820391e-02	-1.206275e-01	1.024236e-01	-1.115255e-01	2.387529e-03	1.084878e-02	-2.991282e-02	-4.107624e-03	-2.580519e-02
349           	2.788325e-01	1.417321e-01	1.371003e-01	-1.854870e-02	-1.210104e-01	1.024617e-01	-1.117360e-01	2.315892e-03	1.069483e-02	-2.948729e-02	-4.048811e-03	-2.543848e-02
350           	2.783803e-01	1.414377e-01	1.369426e-01	-1.875759e-02	-1.213056e-01	1.025480e-01	-1.119268e-01	2.247534e-03	1.050956e-02	-2.895899e-02	-3.969934e-03	-2.498906e-02
351           	2.779274e-01	1.411570e-01	1.367704e-01	-1.901926e-02	-1.216216e-01	1.026023e-01	-1.121120e-01	2.193299e-03	1.029798e-02	-2.833466e-02	-3.869349e-03	-2.446531e-02
352           	2.774973e-01	1.409023e-01	1.365950e-01	-1.949748e-02	-1.220583e-01	1.025608e-01	-1.123095e-01	2.153642e-03	1.006755e-02	-2.762500e-02	-3.744948e-03	-2.388005e-02
353           	2.770847e-01	1.406693e-01	1.364154e-01	-2.033699e-02	-1.227148e-01	1.023778e-01	-1.125463e-01	2.126950e-03	9.812671e-03	-2.681545e-02	-3.595054e-03	-2.322040e-02
354           	2.766982e-01	1.404579e-01	1.362404e-01	-2.150982e-02	-1.235790e-01	1.020692e-01	-1.128241e-01	2.108767e-03	9.545062e-03	-2.595038e-02	-3.430128e-03	-2.252025e-02
355           	2.763328e-01	1.402593e-01	1.360736e-01	-2.298495e-02	-1.246479e-01	1.016630e-01	-1.131555e-01	2.092844e-03	9.264321e-03	-2.502512e-02	-3.248240e-03	-2.177688e-02
356           	2.760031e-01	1.400744e-01	1.359287e-01	-2.458257e-02	-1.258103e-01	1.012277e-01	-1.135190e-01	2.072862e-03	8.991703e-03	-2.410064e-02	-3.058615e-03	-2.104202e-02
357           	2.756970e-01	1.398937e-01	1.358034e-01	-2.615269e-02	-1.269704e-01	1.008177e-01	-1.138941e-01	2.045151e-03	8.737082e-03	-2.321089e-02	-2.868365e-03	-2.034253e-02
358           	2.754082e-01	1.397125e-01	1.356956e-01	-2.759579e-02	-1.280646e-01	1.004688e-01	-1.142667e-01	2.008457e-03	8.512649e-03	-2.238779e-02	-2.681244e-03	-1.970654e-02
359           	2.751213e-01	1.395251e-01	1.355962e-01	-2.890732e-02	-1.290913e-01	1.001840e-01	-1.146377e-01	1.964440e-03	8.312194e-03	-2.161888e-02	-2.497246e-03	-1.912163e-02
360           	2.748363e-01	1.393350e-01	1.355013e-01	-3.009336e-02	-1.300471e-01	9.995378e-02	-1.150005e-01	1.916831e-03	8.133285e-03	-2.089185e-02	-2.312640e-03	-1.857921e-02
361           	2.745420e-01	1.391384e-01	1.354036e-01	-3.119850e-02	-1.309518e-01	9.975330e-02	-1.153525e-01	1.867447e-03	7.959593e-03	-2.016506e-02	-2.122936e-03	-1.804212e-02
362           	2.742415e-01	1.389360e-01	1.353055e-01	-3.224405e-02	-1.318024e-01	9.955839e-02	-1.156804e-01	1.815244e-03	7.781394e-03	-1.941446e-02	-1.925838e-03	-1.748863e-02
363           	2.739330e-01	1.387237e-01	1.352093e-01	-3.322355e-02	-1.325783e-01	9.935476e-02	-1.159665e-01	1.757193e-03	7.582034e-03	-1.860616e-02	-1.721046e-03	-1.688511e-02
364           	2.736200e-01	1.385027e-01	1.351173e-01	-3.412104e-02	-1.332634e-01	9.914239e-02	-1.162029e-01	1.692662e-03	7.359993e-03	-1.774029e-02	-1.510151e-03	-1.623014e-02
365           	2.732845e-01	1.382668e-01	1.350176e-01	-3.496946e-02	-1.338887e-01	9.891928e-02	-1.164040e-01	1.624611e-03	7.107889e-03	-1.680518e-02	-1.294700e-03	-1.551048e-02
366           	2.729200e-01	1.380189e-01	1.349011e-01	-3.580640e-02	-1.344996e-01	9.869321e-02	-1.165964e-01	1.558888e-03	6.837227e-03	-1.582494e-02	-1.075242e-03	-1.474970e-02
367           	2.725307e-01	1.377673e-01	1.347634e-01	-3.666505e-02	-1.351415e-01	9.847643e-02	-1.168090e-01	1.501999e-03	6.555534e-03	-1.481957e-02	-8.542492e-04	-1.396532e-02
368           	2.721460e-01	1.375322e-01	1.346138e-01	-3.753656e-02	-1.358166e-01	9.828006e-02	-1.170483e-01	1.459190e-03	6.284772e-03	-1.383548e-02	-6.329695e-04	-1.320251e-02
369           	2.717796e-01	1.373237e-01	1.344560e-01	-3.841746e-02	-1.365192e-01	9.810179e-02	-1.173105e-01	1.433845e-03	6.031814e-03	-1.289196e-02	-4.141645e-04	-1.247779e-02
370           	2.714404e-01	1.371493e-01	1.342910e-01	-3.927102e-02	-1.372132e-01	9.794222e-02	-1.175777e-01	1.429153e-03	5.811475e-03	-1.202929e-02	-2.031712e-04	-1.182612e-02
371           	2.711265e-01	1.370083e-01	1.341182e-01	-4.003960e-02	-1.378417e-01	9.780207e-02	-1.178219e-01	1.445049e-03	5.626894e-03	-1.126327e-02	-4.743446e-06	-1.125853e-02
372           	2.708351e-01	1.368968e-01	1.339382e-01	-4.066046e-02	-1.383452e-01	9.768472e-02	-1.180149e-01	1.479308e-03	5.486621e-03	-1.062203e-02	1.756041e-04	-1.079764e-02
373           	2.705533e-01	1.368035e-01	1.337498e-01	-4.111174e-02	-1.386981e-01	9.758636e-02	-1.181422e-01	1.526850e-03	5.385332e-03	-1.010208e-02	3.342906e-04	-1.043637e-02
374           	2.702742e-01	1.367185e-01	1.335557e-01	-4.140538e-02	-1.389112e-01	9.750583e-02	-1.182085e-01	1.581397e-03	5.323833e-03	-9.705618e-03	4.710242e-04	-1.017664e-02
375           	2.699866e-01	1.366296e-01	1.333570e-01	-4.158185e-02	-1.390205e-01	9.743861e-02	-1.182295e-01	1.636312e-03	5.290801e-03	-9.409205e-03	5.861986e-04	-9.995403e-03
376           	2.696849e-01	1.365281e-01	1.331567e-01	-4.167863e-02	-1.390664e-01	9.738777e-02	-1.182271e-01	1.685699e-03	5.283603e-03	-9.198538e-03	6.843342e-04	-9.882873e-03
377           	2.693727e-01	1.364098e-01	1.329629e-01	-4.173604e-02	-1.390921e-01	9.735605e-02	-1.182241e-01	1.723484e-03	5.289072e-03	-9.042328e-03	7.679079e-04	-9.810236e-03
378           	2.690622e-01	1.362769e-01	1.327852e-01	-4.179650e-02	-1.391379e-01	9.734138e-02	-1.182396e-01	1.745838e-03	5.303475e-03	-8.924050e-03	8.414502e-04	-9.765500e-03
379           	2.687629e-01	1.361337e-01	1.326292e-01	-4.187616e-02	-1.392105e-01	9.733430e-02	-1.182724e-01	1.752266e-03	5.313307e-03	-8.813106e-03	9.067545e-04	-9.719860e-03
380           	2.684905e-01	1.359932e-01	1.324973e-01	-4.196328e-02	-1.392930e-01	9.732974e-02	-1.183114e-01	1.747921e-03	5.315815e-03	-8.695400e-03	9.681148e-04	-9.663515e-03
381           	2.682298e-01	1.358586e-01	1.323713e-01	-4.205843e-02	-1.393645e-01	9.730606e-02	-1.183353e-01	1.743668e-03	5.298598e-03	-8.539713e-03	1.028741e-03	-9.568454e-03
382           	2.679559e-01	1.357268e-01	1.322291e-01	-4.219946e-02	-1.394481e-01	9.724865e-02	-1.183484e-01	1.748866e-03	5.261030e-03	-8.329229e-03	1.096416e-03	-9.425645e-03
383           	2.676401e-01	1.355906e-01	1.320495e-01	-4.241488e-02	-1.395686e-01	9.715374e-02	-1.183612e-01	1.770537e-03	5.193932e-03	-8.032882e-03	1.177491e-03	-9.210373e-03
384           	2.672931e-01	1.354571e-01	1.318360e-01	-4.270395e-02	-1.397350e-01	9.703106e-02	-1.183830e-01	1.810551e-03	5.107271e-03	-7.656606e-03	1.278968e-03	-8.935574e-03
385           	2.669342e-01	1.353339e-01	1.316004e-01	-4.307144e-02	-1.399609e-01	9.688941e-02	-1.184251e-01	1.866770e-03	5.004282e-03	-7.207431e-03	1.400566e-03	-8.607998e-03
386           	2.665796e-01	1.352254e-01	1.313542e-01	-4.354593e-02	-1.402828e-01	9.673683e-02	-1.185098e-01	1.935563e-03	4.899146e-03	-6.722500e-03	1.537896e-03	-8.260396e-03
387           	2.662394e-01	1.351314e-01	1.311081e-01	-4.412866e-02	-1.407078e-01	9.657911e-02	-1.186434e-01	2.011644e-03	4.798270e-03	-6.231980e-03	1.682280e-03	-7.914260e-03
388           	2.659204e-01	1.350492e-01	1.308712e-01	-4.478014e-02	-1.412062e-01	9.642602e-02	-1.188161e-01	2.089034e-03	4.713935e-03	-5.772411e-03	1.827729e-03	-7.600140e-03
389           	2.656104e-01	1.349680e-01	1.306424e-01	-4.544891e-02	-1.417272e-01	9.627832e-02	-1.190028e-01	2.162842e-03	4.643851e-03	-5.352460e-03	1.967621e-03	-7.320081e-03
390           	2.653078e-01	1.348812e-01	1.304266e-01	-4.606685e-02	-1.422086e-01	9.614180e-02	-1.191752e-01	2.227301e-03	4.589224e-03	-4.990287e-03	2.094081e-03	-7.084368e-03
391           	2.650026e-01	1.347817e-01	1.302209e-01	-4.661379e-02	-1.426197e-01	9.600592e-02	-1.193128e-01	2.280410e-03	4.539472e-03	-4.678064e-03	2.200440e-03	-6.878504e-03
392           	2.646806e-01	1.346599e-01	1.300207e-01	-4.704931e-02	-1.429313e-01	9.588197e-02	-1.194066e-01	2.319612e-03	4.497226e-03	-4.426932e-03	2.283760e-03	-6.710692e-03
393           	2.643410e-01	1.345153e-01	1.298257e-01	-4.737540e-02	-1.431420e-01	9.576655e-02	-1.194542e-01	2.344780e-03	4.455480e-03	-4.216062e-03	2.347449e-03	-6.563511e-03
394           	2.640037e-01	1.343539e-01	1.296498e-01	-4.759437e-02	-1.432630e-01	9.566859e-02	-1.194658e-01	2.352032e-03	4.416498e-03	-4.032848e-03	2.400074e-03	-6.432922e-03
395           	2.636660e-01	1.341726e-01	1.294934e-01	-4.774677e-02	-1.433413e-01	9.559457e-02	-1.194680e-01	2.339585e-03	4.372871e-03	-3.858831e-03	2.443455e-03	-6.302286e-03
396           	2.633466e-01	1.339800e-01	1.293667e-01	-4.786107e-02	-1.434215e-01	9.556047e-02	-1.194910e-01	2.306659e-03	4.328601e-03	-3.689534e-03	2.483834e-03	-6.173368e-03
397           	2.630654e-01	1.337936e-01	1.292718e-01	-4.795140e-02	-1.435209e-01	9.556949e-02	-1.195452e-01	2.260921e-03	4.278525e-03	-3.505569e-03	2.525740e-03	-6.031309e-03
398           	2.628148e-01	1.336145e-01	1.292003e-01	-4.799081e-02	-1.436173e-01	9.562654e-02	-1.196219e-01	2.207070e-03	4.226355e-03	-3.304727e-03	2.573992e-03	-5.878718e-03
399           	2.625754e-01	1.334397e-01	1.291356e-01	-4.792331e-02	-1.436622e-01	9.573884e-02	-1.197005e-01	2.152059e-03	4.162858e-03	-3.066742e-03	2.629487e-03	-5.696229e-03
400           	2.623514e-01	1.332759e-01	1.290754e-01	-4.764941e-02	-1.435644e-01	9.591503e-02	-1.197397e-01	2.100256e-03	4.091816e-03	-2.800051e-03	2.691790e-03	-5.491842e-03
401           	2.621591e-01	1.331324e-01	1.290267e-01	-4.711147e-02	-1.432648e-01	9.615330e-02	-1.197090e-01	2.052831e-03	4.011037e-03	-2.515054e-03	2.753510e-03	-5.268564e-03
402           	2.620232e-01	1.330194e-01	1.290039e-01	-4.625983e-02	-1.427129e-01	9.645310e-02	-1.195830e-01	2.007729e-03	3.932163e-03	-2.253553e-03	2.805386e-03	-5.058939e-03
403           	2.619530e-01	1.329393e-01	1.290137e-01	-4.508708e-02	-1.418985e-01	9.681142e-02	-1.193550e-01	1.962760e-03	3.860207e-03	-2.038437e-03	2.840989e-03	-4.879426e-03
404           	2.619552e-01	1.328896e-01	1.290656e-01	-4.360404e-02	-1.408359e-01	9.723185e-02	-1.190339e-01	1.911973e-03	3.807735e-03	-1.907528e-03	2.853971e-03	-4.761499e-03
405           	2.620242e-01	1.328616e-01	1.291626e-01	-4.184631e-02	-1.395617e-01	9.771544e-02	-1.186386e-01	1.849456e-03	3.777015e-03	-1.880025e-03	2.837003e-03	-4.717028e-03
406           	2.621661e-01	1.328567e-01	1.293094e-01	-3.992233e-02	-1.381678e-01	9.824547e-02	-1.182066e-01	1.773651e-03	3.781423e-03	-1.982738e-03	2.790055e-03	-4.772792e-03
407           	2.623628e-01	1.328621e-01	1.295006e-01	-3.779374e-02	-1.366285e-01	9.883481e-02	-1.177317e-01	1.680733e-03	3.815277e-03	-2.211288e-03	2.709633e-03	-4.920921e-03
408           	2.626114e-01	1.328773e-01	1.297341e-01	-3.545455e-02	-1.349317e-01	9.947713e-02	-1.172044e-01	1.571638e-03	3.884065e-03	-2.567654e-03	2.600238e-03	-5.167892e-03
409           	2.629089e-01	1.328984e-01	1.300105e-01	-3.276944e-02	-1.329638e-01	1.001944e-01	-1.165791e-01	1.443911e-03	3.974748e-03	-3.025584e-03	2.461956e-03	-5.487540e-03
410           	2.632808e-01	1.329479e-01	1.303329e-01	-2.986332e-02	-1.307928e-01	1.009294e-01	-1.158611e-01	1.307517e-03	4.078114e-03	-3.529607e-03	2.313310e-03	-5.842917e-03
411           	2.637327e-01	1.330324e-01	1.307003e-01	-2.674962e-02	-1.284220e-01	1.016723e-01	-1.150471e-01	1.166093e-03	4.174037e-03	-4.018000e-03	2.165037e-03	-6.183037e-03
412           	2.643010e-01	1.331710e-01	1.311300e-01	-2.343988e-02	-1.258646e-01	1.024247e-01	-1.141447e-01	1.020505e-03	4.256378e-03	-4.456696e-03	2.028030e-03	-6.484726e-03
413           	2.649920e-01	1.333715e-01	1.316205e-01	-1.985074e-02	-1.230621e-01	1.032114e-01	-1.131368e-01	8.755334e-04	4.305435e-03	-4.772333e-03	1.919268e-03	-6.691601e-03
414           	2.657992e-01	1.336312e-01	1.321680e-01	-1.606079e-02	-1.200865e-01	1.040258e-01	-1.120562e-01	7.316323e-04	4.318153e-03	-4.935616e-03	1.850345e-03	-6.785961e-03
415           	2.666742e-01	1.339312e-01	1.327431e-01	-1.218265e-02	-1.170378e-01	1.048551e-01	-1.109464e-01	5.940561e-04	4.283889e-03	-4.921851e-03	1.822963e-03	-6.744814e-03
416           	2.675760e-01	1.342520e-01	1.333240e-01	-8.267022e-03	-1.139724e-01	1.057054e-01	-1.098389e-01	4.640257e-04	4.207153e-03	-4.743810e-03	1.835248e-03	-6.579058e-03
417           	2.684874e-01	1.345911e-01	1.338962e-01	-4.362686e-03	-1.109310e-01	1.065683e-01	-1.087496e-01	3.474400e-04	4.089353e-03	-4.418223e-03	1.880241e-03	-6.298464e-03
418           	2.694216e-01	1.349574e-01	1.344642e-01	-4.113781e-04	-1.078701e-01	1.074588e-01	-1.076645e-01	2.465735e-04	3.943742e-03	-3.996464e-03	1.945510e-03	-5.941974e-03
419           	2.703364e-01	1.353347e-01	1.350018e-01	3.591940e-03	-1.047631e-01	1.083551e-01	-1.065591e-01	1.664653e-04	3.777431e-03	-3.511561e-03	2.021651e-03	-5.533212e-03
420           	2.712666e-01	1.357461e-01	1.355205e-01	7.585878e-03	-1.016484e-01	1.092343e-01	-1.054414e-01	1.127994e-04	3.610354e-03	-3.023179e-03	2.098764e-03	-5.121943e-03
421           	2.722187e-01	1.362025e-01	1.360162e-01	1.147924e-02	-9.857915e-02	1.100584e-01	-1.043188e-01	9.313036e-05	3.452275e-03	-2.559995e-03	2.172278e-03	-4.732273e-03
422           	2.731907e-01	1.367043e-01	1.364864e-01	1.514587e-02	-9.565616e-02	1.108020e-01	-1.032291e-01	1.089693e-04	3.317184e-03	-2.146986e-03	2.243691e-03	-4.390677e-03
423           	2.741604e-01	1.372389e-01	1.369214e-01	1.849907e-02	-9.295435e-02	1.114534e-01	-1.022039e-01	1.587422e-04	3.204734e-03	-1.786491e-03	2.311489e-03	-4.097980e-03
424           	2.751117e-01	1.377926e-01	1.373191e-01	2.151631e-02	-9.050437e-02	1.120207e-01	-1.012625e-01	2.367916e-04	3.124323e-03	-1.497614e-03	2.375516e-03	-3.873130e-03
425           	2.760161e-01	1.383427e-01	1.376733e-01	2.419147e-02	-8.832043e-02	1.125119e-01	-1.004162e-01	3.346991e-04	3.072610e-03	-1.277541e-03	2.433840e-03	-3.711381e-03
426           	2.768504e-01	1.388700e-01	1.379805e-01	2.651614e-02	-8.641311e-02	1.129293e-01	-9.967118e-02	4.447556e-04	3.053719e-03	-1.128686e-03	2.489376e-03	-3.618062e-03
427           	2.775916e-01	1.393556e-01	1.382361e-01	2.846646e-02	-8.479737e-02	1.132638e-01	-9.903060e-02	5.597481e-04	3.059168e-03	-1.031438e-03	2.543449e-03	-3.574887e-03
428           	2.782281e-01	1.397897e-01	1.384384e-01	3.008025e-02	-8.343764e-02	1.135179e-01	-9.847777e-02	6.756422e-04	3.086022e-03	-9.698317e-04	2.601106e-03	-3.570938e-03
429           	2.787598e-01	1.401670e-01	1.385928e-01	3.131085e-02	-8.236553e-02	1.136764e-01	-9.802096e-02	7.871431e-04	3.120744e-03	-9.165617e-04	2.662463e-03	-3.579025e-03
430           	2.792026e-01	1.404883e-01	1.387143e-01	3.213606e-02	-8.159672e-02	1.137328e-01	-9.766475e-02	8.869835e-04	3.164831e-03	-8.767999e-04	2.726431e-03	-3.603231e-03
431           	2.795492e-01	1.407435e-01	1.388057e-01	3.248643e-02	-8.118560e-02	1.136720e-01	-9.742881e-02	9.688830e-04	3.208717e-03	-8.427350e-04	2.787349e-03	-3.630084e-03
432           	2.798022e-01	1.409376e-01	1.388646e-01	3.241993e-02	-8.108806e-02	1.135080e-01	-9.729803e-02	1.036484e-03	3.257685e-03	-8.163077e-04	2.849531e-03	-3.665839e-03
433           	2.799542e-01	1.410648e-01	1.388894e-01	3.196098e-02	-8.129922e-02	1.132602e-01	-9.727971e-02	1.087686e-03	3.305760e-03	-7.930501e-04	2.909235e-03	-3.702285e-03
434           	2.800112e-01	1.411287e-01	1.388825e-01	3.121536e-02	-8.175644e-02	1.129718e-01	-9.736412e-02	1.123128e-03	3.359604e-03	-7.872680e-04	2.965970e-03	-3.753238e-03
435           	2.800073e-01	1.411431e-01	1.388642e-01	3.029255e-02	-8.237576e-02	1.126683e-01	-9.752204e-02	1.139442e-03	3.411961e-03	-7.851315e-04	3.019395e-03	-3.804526e-03
436           	2.799690e-01	1.411190e-01	1.388500e-01	2.932106e-02	-8.306090e-02	1.123820e-01	-9.772143e-02	1.134473e-03	3.463316e-03	-7.798807e-04	3.073376e-03	-3.853257e-03
437           	2.799093e-01	1.410617e-01	1.388476e-01	2.841333e-02	-8.371970e-02	1.121330e-01	-9.792636e-02	1.107062e-03	3.500564e-03	-7.411376e-04	3.129995e-03	-3.871132e-03
438           	2.798392e-01	1.409766e-01	1.388626e-01	2.767066e-02	-8.427321e-02	1.119439e-01	-9.810855e-02	1.056969e-03	3.522614e-03	-6.664598e-04	3.189384e-03	-3.855844e-03
439           	2.797586e-01	1.408667e-01	1.388919e-01	2.713147e-02	-8.468690e-02	1.118184e-01	-9.825263e-02	9.873703e-04	3.521311e-03	-5.517642e-04	3.245429e-03	-3.797193e-03
440           	2.796777e-01	1.407418e-01	1.389359e-01	2.680145e-02	-8.495242e-02	1.117539e-01	-9.835315e-02	9.029776e-04	3.501388e-03	-4.197039e-04	3.291536e-03	-3.711240e-03
441           	2.796013e-01	1.406072e-01	1.389940e-01	2.663386e-02	-8.509437e-02	1.117282e-01	-9.841130e-02	8.065888e-04	3.461748e-03	-2.837256e-04	3.319886e-03	-3.603611e-03
442           	2.795346e-01	1.404707e-01	1.390639e-01	2.654098e-02	-8.517232e-02	1.117133e-01	-9.844281e-02	7.034216e-04	3.413616e-03	-1.730125e-04	3.327109e-03	-3.500122e-03
443           	2.794867e-01	1.403452e-01	1.391415e-01	2.645730e-02	-8.522952e-02	1.116868e-01	-9.845817e-02	6.018641e-04	3.357664e-03	-8.806518e-05	3.313632e-03	-3.401697e-03
444           	2.794761e-01	1.402513e-01	1.392248e-01	2.636498e-02	-8.528529e-02	1.116503e-01	-9.846779e-02	5.132540e-04	3.300607e-03	-2.980482e-05	3.285705e-03	-3.315509e-03
445           	2.795115e-01	1.402065e-01	1.393050e-01	2.629525e-02	-8.532003e-02	1.116153e-01	-9.846765e-02	4.507391e-04	3.236301e-03	2.624912e-05	3.249425e-03	-3.223176e-03
446           	2.796182e-01	1.402326e-01	1.393856e-01	2.632129e-02	-8.528166e-02	1.116030e-01	-9.844231e-02	4.235463e-04	3.171838e-03	7.233911e-05	3.208008e-03	-3.135668e-03
447           	2.798190e-01	1.403392e-01	1.394798e-01	2.647410e-02	-8.514396e-02	1.116181e-01	-9.838101e-02	4.297009e-04	3.105018e-03	9.596635e-05	3.153001e-03	-3.057035e-03
448           	2.801013e-01	1.405154e-01	1.395858e-01	2.673801e-02	-8.491428e-02	1.116523e-01	-9.828329e-02	4.647781e-04	3.046659e-03	6.754093e-05	3.080429e-03	-3.012888e-03
449           	2.804280e-01	1.407389e-01	1.396891e-01	2.706480e-02	-8.462934e-02	1.116941e-01	-9.816174e-02	5.249063e-04	2.997408e-03	-2.519953e-05	2.984809e-03	-3.010008e-03
450           	2.807749e-01	1.409924e-01	1.397824e-01	2.739089e-02	-8.434508e-02	1.117360e-01	-9.804053e-02	6.050002e-04	2.967237e-03	-2.110029e-04	2.861736e-03	-3.072739e-03
451           	2.811201e-01	1.412673e-01	1.398528e-01	2.765489e-02	-8.410812e-02	1.117630e-01	-9.793556e-02	7.072773e-04	2.963085e-03	-5.266319e-04	2.699769e-03	-3.226401e-03
452           	2.814620e-01	1.415540e-01	1.399080e-01	2.787428e-02	-8.390800e-02	1.117823e-01	-9.784514e-02	8.230168e-04	3.001833e-03	-9.844658e-04	2.509600e-03	-3.494066e-03
453           	2.817806e-01	1.418395e-01	1.399411e-01	2.805094e-02	-8.373757e-02	1.117885e-01	-9.776304e-02	9.492010e-04	3.084274e-03	-1.580277e-03	2.294136e-03	-3.874413e-03
454           	2.820657e-01	1.421130e-01	1.399527e-01	2.818562e-02	-8.359741e-02	1.117830e-01	-9.769022e-02	1.080175e-03	3.215787e-03	-2.303334e-03	2.064119e-03	-4.367454e-03
455           	2.822910e-01	1.423559e-01	1.399351e-01	2.827233e-02	-8.349614e-02	1.117685e-01	-9.763231e-02	1.210409e-03	3.384915e-03	-3.104989e-03	1.832420e-03	-4.937409e-03
456           	2.824348e-01	1.425524e-01	1.398825e-01	2.831002e-02	-8.344163e-02	1.117517e-01	-9.759664e-02	1.334950e-03	3.586240e-03	-3.944789e-03	1.613845e-03	-5.558634e-03
457           	2.824751e-01	1.426876e-01	1.397875e-01	2.828863e-02	-8.343982e-02	1.117284e-01	-9.758414e-02	1.450013e-03	3.804911e-03	-4.768293e-03	1.420765e-03	-6.189058e-03
458           	2.823819e-01	1.427423e-01	1.396395e-01	2.816859e-02	-8.352317e-02	1.116918e-01	-9.760747e-02	1.551405e-03	4.036825e-03	-5.544403e-03	1.264623e-03	-6.809026e-03
459           	2.821360e-01	1.427053e-01	1.394307e-01	2.792495e-02	-8.371009e-02	1.116350e-01	-9.767257e-02	1.637272e-03	4.265308e-03	-6.221223e-03	1.154696e-03	-7.375919e-03
460           	2.817430e-01	1.425777e-01	1.391653e-01	2.752359e-02	-8.402952e-02	1.115531e-01	-9.779131e-02	1.706187e-03	4.480280e-03	-6.763847e-03	1.098357e-03	-7.862204e-03
461           	2.812248e-01	1.423736e-01	1.388513e-01	2.693581e-02	-8.450153e-02	1.114373e-01	-9.796944e-02	1.761147e-03	4.660270e-03	-7.127557e-03	1.096492e-03	-8.224048e-03
462           	2.806222e-01	1.421167e-01	1.385055e-01	2.614056e-02	-8.513876e-02	1.112793e-01	-9.820904e-02	1.805603e-03	4.795119e-03	-7.288069e-03	1.151085e-03	-8.439154e-03
463           	2.799899e-01	1.418350e-01	1.381549e-01	2.514689e-02	-8.592668e-02	1.110736e-01	-9.850012e-02	1.840086e-03	4.866094e-03	-7.221025e-03	1.255582e-03	-8.476606e-03
464           	2.793849e-01	1.415591e-01	1.378258e-01	2.402840e-02	-8.680314e-02	1.108315e-01	-9.881734e-02	1.866652e-03	4.872993e-03	-6.946665e-03	1.399661e-03	-8.346326e-03
465           	2.788373e-01	1.413078e-01	1.375295e-01	2.284044e-02	-8.771612e-02	1.105566e-01	-9.913634e-02	1.889152e-03	4.813899e-03	-6.493171e-03	1.567314e-03	-8.060484e-03
466           	2.783649e-01	1.410956e-01	1.372693e-01	2.165686e-02	-8.861821e-02	1.102751e-01	-9.944664e-02	1.913137e-03	4.702613e-03	-5.918633e-03	1.743297e-03	-7.661930e-03
467           	2.779804e-01	1.409332e-01	1.370471e-01	2.057247e-02	-8.944846e-02	1.100209e-01	-9.973469e-02	1.943045e-03	4.551374e-03	-5.287003e-03	1.907873e-03	-7.194875e-03
468           	2.777275e-01	1.408425e-01	1.368850e-01	1.965462e-02	-9.016328e-02	1.098179e-01	-9.999059e-02	1.978729e-03	4.390057e-03	-4.693465e-03	2.043324e-03	-6.736789e-03
469           	2.776429e-01	1.408391e-01	1.368038e-01	1.897870e-02	-9.070116e-02	1.096799e-01	-1.001905e-01	2.017670e-03	4.236333e-03	-4.209478e-03	2.131594e-03	-6.341072e-03
470           	2.777280e-01	1.409230e-01	1.368050e-01	1.856781e-02	-9.103978e-02	1.096076e-01	-1.003237e-01	2.058974e-03	4.117859e-03	-3.909336e-03	2.163191e-03	-6.072527e-03
471           	2.779602e-01	1.410847e-01	1.368755e-01	1.842486e-02	-9.117404e-02	1.095989e-01	-1.003865e-01	2.104587e-03	4.049410e-03	-3.842119e-03	2.128350e-03	-5.970469e-03
472           	2.783244e-01	1.413191e-01	1.370053e-01	1.852026e-02	-9.112530e-02	1.096456e-01	-1.003854e-01	2.156932e-03	4.049763e-03	-4.049019e-03	2.025254e-03	-6.074273e-03
473           	2.787801e-01	1.416103e-01	1.371697e-01	1.880132e-02	-9.092646e-02	1.097278e-01	-1.003271e-01	2.220301e-03	4.122075e-03	-4.524243e-03	1.859954e-03	-6.384197e-03
474           	2.792824e-01	1.419382e-01	1.373443e-01	1.916277e-02	-9.065235e-02	1.098151e-01	-1.002337e-01	2.296947e-03	4.267194e-03	-5.244813e-03	1.644787e-03	-6.889601e-03
475           	2.798106e-01	1.422885e-01	1.375222e-01	1.943146e-02	-9.042146e-02	1.098529e-01	-1.001372e-01	2.383150e-03	4.463775e-03	-6.139551e-03	1.394000e-03	-7.533551e-03
476           	2.803513e-01	1.426482e-01	1.377031e-01	1.945529e-02	-9.034846e-02	1.098038e-01	-1.000761e-01	2.472569e-03	4.695586e-03	-7.135768e-03	1.127702e-03	-8.263470e-03
477           	2.808770e-01	1.429961e-01	1.378809e-01	1.917970e-02	-9.048393e-02	1.096636e-01	-1.000738e-01	2.557561e-03	4.933008e-03	-8.145090e-03	8.604634e-04	-9.005553e-03
478           	2.813638e-01	1.433149e-01	1.380489e-01	1.870787e-02	-9.077244e-02	1.094803e-01	-1.001264e-01	2.633036e-03	5.160975e-03	-9.115323e-03	6.033130e-04	-9.718636e-03
479           	2.817920e-01	1.435920e-01	1.382000e-01	1.824594e-02	-9.107609e-02	1.093220e-01	-1.001991e-01	2.696006e-03	5.365780e-03	-1.001260e-02	3.594807e-04	-1.037208e-02
480           	2.821601e-01	1.438279e-01	1.383322e-01	1.803815e-02	-9.122168e-02	1.092598e-01	-1.002408e-01	2.747878e-03	5.556304e-03	-1.085823e-02	1.271863e-04	-1.098542e-02
481           	2.824530e-01	1.440194e-01	1.384335e-01	1.820084e-02	-9.111620e-02	1.093170e-01	-1.002166e-01	2.792962e-03	5.737505e-03	-1.167235e-02	-9.867128e-05	-1.157368e-02
482           	2.826792e-01	1.441768e-01	1.385025e-01	1.872096e-02	-9.076304e-02	1.094840e-01	-1.001235e-01	2.837153e-03	5.922571e-03	-1.248597e-02	-3.204152e-04	-1.216556e-02
483           	2.828091e-01	1.442889e-01	1.385202e-01	1.953083e-02	-9.020820e-02	1.097390e-01	-9.997362e-02	2.884382e-03	6.108597e-03	-1.328788e-02	-5.353428e-04	-1.275254e-02
484           	2.828254e-01	1.443480e-01	1.384774e-01	2.049119e-02	-8.954815e-02	1.100393e-01	-9.979374e-02	2.935284e-03	6.294366e-03	-1.405230e-02	-7.317865e-04	-1.332052e-02
485           	2.827359e-01	1.443598e-01	1.383761e-01	2.139303e-02	-8.892335e-02	1.103164e-01	-9.961986e-02	2.991833e-03	6.461824e-03	-1.471339e-02	-8.948719e-04	-1.381852e-02
486           	2.825715e-01	1.443405e-01	1.382310e-01	2.205283e-02	-8.845589e-02	1.105087e-01	-9.948230e-02	3.054765e-03	6.606346e-03	-1.523415e-02	-1.010731e-03	-1.422342e-02
487           	2.823424e-01	1.442950e-01	1.380475e-01	2.232923e-02	-8.824684e-02	1.105761e-01	-9.941145e-02	3.123761e-03	6.713715e-03	-1.557035e-02	-1.071463e-03	-1.449889e-02
488           	2.820838e-01	1.442390e-01	1.378448e-01	2.219192e-02	-8.832518e-02	1.105171e-01	-9.942114e-02	3.197117e-03	6.783897e-03	-1.572201e-02	-1.077110e-03	-1.464490e-02
489           	2.818143e-01	1.441791e-01	1.376352e-01	2.162830e-02	-8.870922e-02	1.103375e-01	-9.952337e-02	3.271948e-03	6.808818e-03	-1.565601e-02	-1.019187e-03	-1.463682e-02
490           	2.815574e-01	1.441206e-01	1.374368e-01	2.070587e-02	-8.936091e-02	1.100668e-01	-9.971385e-02	3.341871e-03	6.790126e-03	-1.536963e-02	-8.946885e-04	-1.447494e-02
491           	2.813130e-01	1.440557e-01	1.372573e-01	1.954959e-02	-9.019489e-02	1.097445e-01	-9.996969e-02	3.399240e-03	6.723327e-03	-1.485916e-02	-7.062507e-04	-1.415291e-02
492           	2.810808e-01	1.439777e-01	1.371031e-01	1.830199e-02	-9.111033e-02	1.094123e-01	-1.002613e-01	3.437313e-03	6.612737e-03	-1.413528e-02	-4.549023e-04	-1.368038e-02
493           	2.808600e-01	1.438815e-01	1.369785e-01	1.699900e-02	-9.208248e-02	1.090815e-01	-1.005820e-01	3.451515e-03	6.445355e-03	-1.316116e-02	-1.352246e-04	-1.302593e-02
494           	2.806343e-01	1.437581e-01	1.368763e-01	1.577133e-02	-9.301856e-02	1.087899e-01	-1.009042e-01	3.440898e-03	6.231835e-03	-1.201983e-02	2.219189e-04	-1.224175e-02
495           	2.804081e-01	1.436103e-01	1.367979e-01	1.462309e-02	-9.391237e-02	1.085355e-01	-1.012239e-01	3.406200e-03	5.968788e-03	-1.073652e-02	6.005251e-04	-1.133705e-02
496           	2.802055e-01	1.434578e-01	1.367477e-01	1.353880e-02	-9.476924e-02	1.083080e-01	-1.015386e-01	3.355071e-03	5.673009e-03	-9.398043e-03	9.739872e-04	-1.037203e-02
497           	2.800495e-01	1.433225e-01	1.367270e-01	1.250534e-02	-9.558847e-02	1.080938e-01	-1.018411e-01	3.297774e-03	5.362239e-03	-8.094317e-03	1.315081e-03	-9.409398e-03
498           	2.799621e-01	1.432262e-01	1.367359e-01	1.147555e-02	-9.639613e-02	1.078717e-01	-1.021339e-01	3.245155e-03	5.062052e-03	-6.914508e-03	1.604798e-03	-8.519306e-03
499           	2.799328e-01	1.431707e-01	1.367622e-01	1.038617e-02	-9.723631e-02	1.076225e-01	-1.024294e-01	3.204248e-03	4.777870e-03	-5.896610e-03	1.829565e-03	-7.726176e-03
500           	2.799534e-01	1.431542e-01	1.367992e-01	9.222767e-03	-9.812645e-02	1.073492e-01	-1.027378e-01	3.177502e-03	4.527184e-03	-5.087437e-03	1.983466e-03	-7.070902e-03
501           	2.800177e-01	1.431712e-01	1.368465e-01	8.012140e-03	-9.905492e-02	1.070671e-01	-1.030610e-01	3.162319e-03	4.314899e-03	-4.499988e-03	2.064905e-03	-6.564893e-03
502           	2.801416e-01	1.432238e-01	1.369178e-01	6.848137e-03	-9.995411e-02	1.068022e-01	-1.033782e-01	3.153035e-03	4.155101e-03	-4.151448e-03	2.079377e-03	-6.230824e-03
503           	2.803146e-01	1.433000e-01	1.370145e-01	5.824194e-03	-1.007523e-01	1.065765e-01	-1.036644e-01	3.142739e-03	4.047873e-03	-4.028373e-03	2.033687e-03	-6.062060e-03
504           	2.805343e-01	1.433992e-01	1.371351e-01	5.038224e-03	-1.013778e-01	1.064160e-01	-1.038969e-01	3.132012e-03	3.995505e-03	-4.103790e-03	1.943610e-03	-6.047400e-03
505           	2.807856e-01	1.435155e-01	1.372701e-01	4.563471e-03	-1.017718e-01	1.063353e-01	-1.040535e-01	3.122720e-03	3.991751e-03	-4.337466e-03	1.823018e-03	-6.160484e-03
506           	2.810706e-01	1.436518e-01	1.374188e-01	4.334297e-03	-1.019838e-01	1.063181e-01	-1.041509e-01	3.116532e-03	4.038603e-03	-4.718160e-03	1.679523e-03	-6.397683e-03
507           	2.813804e-01	1.438053e-01	1.375751e-01	4.263845e-03	-1.020710e-01	1.063348e-01	-1.042029e-01	3.115130e-03	4.125622e-03	-5.196518e-03	1.527363e-03	-6.723881e-03
508           	2.817034e-01	1.439729e-01	1.377305e-01	4.271925e-03	-1.020886e-01	1.063605e-01	-1.042246e-01	3.121204e-03	4.248570e-03	-5.729007e-03	1.384067e-03	-7.113074e-03
509           	2.820093e-01	1.441404e-01	1.378689e-01	4.270460e-03	-1.020985e-01	1.063690e-01	-1.042337e-01	3.135776e-03	4.384275e-03	-6.233451e-03	1.267550e-03	-7.501001e-03
510           	2.822879e-01	1.443028e-01	1.379851e-01	4.213478e-03	-1.021336e-01	1.063471e-01	-1.042403e-01	3.158839e-03	4.515981e-03	-6.644381e-03	1.193791e-03	-7.838172e-03
511           	2.825289e-01	1.444497e-01	1.380792e-01	4.087588e-03	-1.022034e-01	1.062910e-01	-1.042472e-01	3.185266e-03	4.619703e-03	-6.899385e-03	1.170011e-03	-8.069395e-03
512           	2.827368e-01	1.445800e-01	1.381567e-01	3.892644e-03	-1.023115e-01	1.062042e-01	-1.042578e-01	3.211650e-03	4.685365e-03	-6.995243e-03	1.187743e-03	-8.182986e-03
513           	2.829050e-01	1.446829e-01	1.382221e-01	3.666352e-03	-1.024300e-01	1.060964e-01	-1.042632e-01	3.230382e-03	4.703866e-03	-6.939858e-03	1.233937e-03	-8.173795e-03
514           	2.830345e-01	1.447541e-01	1.382804e-01	3.425323e-03	-1.025508e-01	1.059761e-01	-1.042634e-01	3.236840e-03	4.685310e-03	-6.785946e-03	1.292337e-03	-8.078283e-03
515           	2.830991e-01	1.447798e-01	1.383193e-01	3.145467e-03	-1.026928e-01	1.058383e-01	-1.042655e-01	3.230280e-03	4.635439e-03	-6.577859e-03	1.346509e-03	-7.924369e-03
516           	2.830739e-01	1.447491e-01	1.383248e-01	2.775162e-03	-1.029032e-01	1.056784e-01	-1.042908e-01	3.212162e-03	4.569206e-03	-6.363730e-03	1.387341e-03	-7.751071e-03
517           	2.829309e-01	1.446491e-01	1.382818e-01	2.269458e-03	-1.032283e-01	1.054977e-01	-1.043630e-01	3.183664e-03	4.489548e-03	-6.159093e-03	1.410001e-03	-7.569094e-03
518           	2.826799e-01	1.444848e-01	1.381950e-01	1.620311e-03	-1.036848e-01	1.053052e-01	-1.044950e-01	3.144908e-03	4.413760e-03	-5.998664e-03	1.414429e-03	-7.413092e-03
519           	2.823356e-01	1.442649e-01	1.380707e-01	8.565341e-04	-1.042523e-01	1.051088e-01	-1.046806e-01	3.097103e-03	4.347934e-03	-5.889410e-03	1.403229e-03	-7.292639e-03
520           	2.819210e-01	1.440035e-01	1.379175e-01	2.615093e-05	-1.048955e-01	1.049216e-01	-1.049085e-01	3.043000e-03	4.305616e-03	-5.849024e-03	1.381104e-03	-7.230128e-03
521           	2.814529e-01	1.437127e-01	1.377402e-01	-8.261034e-04	-1.055780e-01	1.047519e-01	-1.051649e-01	2.986223e-03	4.286364e-03	-5.870249e-03	1.351240e-03	-7.221488e-03
522           	2.809624e-01	1.434100e-01	1.375523e-01	-1.643169e-03	-1.062566e-01	1.046134e-01	-1.054350e-01	2.928859e-03	4.295519e-03	-5.954681e-03	1.318178e-03	-7.272859e-03
523           	2.804697e-01	1.431093e-01	1.373604e-01	-2.338491e-03	-1.068560e-01	1.045175e-01	-1.056868e-01	2.874481e-03	4.325677e-03	-6.080600e-03	1.285377e-03	-7.365978e-03
524           	2.800185e-01	1.428310e-01	1.371876e-01	-2.943516e-03	-1.073937e-01	1.044501e-01	-1.059219e-01	2.821705e-03	4.377397e-03	-6.238309e-03	1.258243e-03	-7.496552e-03
525           	2.796152e-01	1.425762e-01	1.370390e-01	-3.522632e-03	-1.079158e-01	1.043932e-01	-1.061545e-01	2.768598e-03	4.436366e-03	-6.391513e-03	1.240609e-03	-7.632122e-03
526           	2.792617e-01	1.423484e-01	1.369133e-01	-4.063405e-03	-1.084098e-01	1.043464e-01	-1.063781e-01	2.717588e-03	4.494996e-03	-6.511543e-03	1.239224e-03	-7.750767e-03
527           	2.789647e-01	1.421521e-01	1.368125e-01	-4.573795e-03	-1.088745e-01	1.043007e-01	-1.065876e-01	2.669803e-03	4.534739e-03	-6.547948e-03	1.260765e-03	-7.808713e-03
528           	2.787537e-01	1.420002e-01	1.367536e-01	-5.027454e-03	-1.092914e-01	1.042640e-01	-1.067777e-01	2.623305e-03	4.549240e-03	-6.479814e-03	1.309333e-03	-7.789147e-03
529           	2.786386e-01	1.418962e-01	1.367424e-01	-5.394416e-03	-1.096363e-01	1.042419e-01	-1.069391e-01	2.576924e-03	4.524883e-03	-6.275771e-03	1.386997e-03	-7.662768e-03
530           	2.786257e-01	1.418427e-01	1.367830e-01	-5.627078e-03	-1.098751e-01	1.042481e-01	-1.070616e-01	2.529852e-03	4.461150e-03	-5.934954e-03	1.493673e-03	-7.428627e-03
531           	2.787131e-01	1.418404e-01	1.368727e-01	-5.665753e-03	-1.099590e-01	1.042932e-01	-1.071261e-01	2.483860e-03	4.353537e-03	-5.461832e-03	1.622621e-03	-7.084453e-03
532           	2.788760e-01	1.418788e-01	1.369972e-01	-5.492811e-03	-1.098771e-01	1.043843e-01	-1.071307e-01	2.440832e-03	4.212922e-03	-4.893583e-03	1.766131e-03	-6.659714e-03
533           	2.790811e-01	1.419434e-01	1.371377e-01	-5.106716e-03	-1.096323e-01	1.045256e-01	-1.070790e-01	2.402872e-03	4.042377e-03	-4.254178e-03	1.915288e-03	-6.169466e-03
534           	2.793097e-01	1.420255e-01	1.372842e-01	-4.544235e-03	-1.092582e-01	1.047140e-01	-1.069861e-01	2.370663e-03	3.859307e-03	-3.590521e-03	2.064046e-03	-5.654568e-03
535           	2.795541e-01	1.421229e-01	1.374312e-01	-3.839813e-03	-1.087780e-01	1.049382e-01	-1.068581e-01	2.345881e-03	3.673010e-03	-2.931537e-03	2.207242e-03	-5.138778e-03
536           	2.798188e-01	1.422392e-01	1.375796e-01	-3.014495e-03	-1.082049e-01	1.051904e-01	-1.066977e-01	2.329788e-03	3.499891e-03	-2.314062e-03	2.342860e-03	-4.656922e-03
537           	2.800862e-01	1.423673e-01	1.377190e-01	-2.105975e-03	-1.075624e-01	1.054564e-01	-1.065094e-01	2.324138e-03	3.344340e-03	-1.754318e-03	2.467181e-03	-4.221499e-03
538           	2.803461e-01	1.425007e-01	1.378454e-01	-1.154161e-03	-1.068814e-01	1.057273e-01	-1.063043e-01	2.327644e-03	3.221197e-03	-1.285795e-03	2.578300e-03	-3.864095e-03
539           	2.805776e-01	1.426287e-01	1.379489e-01	-1.935385e-04	-1.061856e-01	1.059921e-01	-1.060888e-01	2.339929e-03	3.123789e-03	-8.940244e-04	2.676777e-03	-3.570801e-03
540           	2.807758e-01	1.427452e-01	1.380306e-01	7.561514e-04	-1.054887e-01	1.062449e-01	-1.058668e-01	2.357296e-03	3.056367e-03	-5.854809e-04	2.763627e-03	-3.349107e-03
541           	2.809318e-01	1.428434e-01	1.380885e-01	1.667597e-03	-1.048077e-01	1.064753e-01	-1.056415e-01	2.377449e-03	3.011131e-03	-3.457395e-04	2.838262e-03	-3.184001e-03
542           	2.810469e-01	1.429212e-01	1.381256e-01	2.549148e-03	-1.041345e-01	1.066837e-01	-1.054091e-01	2.397798e-03	2.987633e-03	-1.728272e-04	2.901220e-03	-3.074047e-03
543           	2.811281e-01	1.429809e-01	1.381472e-01	3.344745e-03	-1.035112e-01	1.068559e-01	-1.051836e-01	2.416835e-03	2.977724e-03	-4.962362e-05	2.952912e-03	-3.002536e-03
544           	2.811919e-01	1.430288e-01	1.381631e-01	4.045654e-03	-1.029480e-01	1.069937e-01	-1.049708e-01	2.432814e-03	2.980204e-03	3.181945e-05	2.996114e-03	-2.964294e-03
545           	2.812450e-01	1.430678e-01	1.381772e-01	4.600623e-03	-1.024862e-01	1.070868e-01	-1.047865e-01	2.445301e-03	2.984619e-03	9.431714e-05	3.031778e-03	-2.937461e-03
546           	2.813151e-01	1.431124e-01	1.382026e-01	5.066492e-03	-1.020831e-01	1.071496e-01	-1.046163e-01	2.454906e-03	2.991790e-03	1.406610e-04	3.062121e-03	-2.921460e-03
547           	2.814159e-01	1.431698e-01	1.382460e-01	5.474418e-03	-1.017162e-01	1.071906e-01	-1.044534e-01	2.461901e-03	2.992983e-03	1.860182e-04	3.085992e-03	-2.899974e-03
548           	2.815465e-01	1.432403e-01	1.383062e-01	5.834337e-03	-1.013799e-01	1.072143e-01	-1.042971e-01	2.467078e-03	2.990372e-03	2.306656e-04	3.105705e-03	-2.875040e-03
549           	2.816782e-01	1.433117e-01	1.383666e-01	6.148571e-03	-1.010723e-01	1.072208e-01	-1.041466e-01	2.472550e-03	2.978525e-03	2.827894e-04	3.119920e-03	-2.837131e-03
550           	2.817913e-01	1.433766e-01	1.384146e-01	6.405087e-03	-1.008099e-01	1.072150e-01	-1.040125e-01	2.480989e-03	2.961565e-03	3.414536e-04	3.132292e-03	-2.790838e-03
551           	2.818711e-01	1.434285e-01	1.384427e-01	6.590995e-03	-1.006084e-01	1.071994e-01	-1.039039e-01	2.492888e-03	2.937448e-03	4.073891e-04	3.141143e-03	-2.733754e-03
552           	2.819244e-01	1.434714e-01	1.384530e-01	6.692808e-03	-1.004786e-01	1.071714e-01	-1.038250e-01	2.509188e-03	2.915562e-03	4.647875e-04	3.147956e-03	-2.683169e-03
553           	2.819561e-01	1.435105e-01	1.384456e-01	6.684762e-03	-1.004333e-01	1.071180e-01	-1.037757e-01	2.532420e-03	2.896791e-03	5.125341e-04	3.153058e-03	-2.640524e-03
554           	2.819545e-01	1.435391e-01	1.384154e-01	6.542475e-03	-1.004944e-01	1.070369e-01	-1.037656e-01	2.561849e-03	2.889295e-03	5.332558e-04	3.155923e-03	-2.622667e-03
555           	2.819087e-01	1.435529e-01	1.383558e-01	6.251199e-03	-1.006727e-01	1.069239e-01	-1.037983e-01	2.598530e-03	2.893302e-03	5.213593e-04	3.153982e-03	-2.632622e-03
556           	2.818165e-01	1.435497e-01	1.382668e-01	5.830050e-03	-1.009564e-01	1.067864e-01	-1.038714e-01	2.641448e-03	2.914794e-03	4.655820e-04	3.147585e-03	-2.682003e-03
557           	2.816770e-01	1.435279e-01	1.381491e-01	5.302607e-03	-1.013235e-01	1.066261e-01	-1.039748e-01	2.689416e-03	2.948984e-03	3.737957e-04	3.135882e-03	-2.762086e-03
558           	2.814928e-01	1.434853e-01	1.380075e-01	4.706126e-03	-1.017471e-01	1.064532e-01	-1.041001e-01	2.738918e-03	2.998796e-03	2.406218e-04	3.119106e-03	-2.878485e-03
559           	2.812680e-01	1.434232e-01	1.378448e-01	4.068054e-03	-1.022028e-01	1.062708e-01	-1.042368e-01	2.789215e-03	3.057206e-03	8.285777e-05	3.098635e-03	-3.015777e-03
560           	2.810094e-01	1.433389e-01	1.376704e-01	3.478429e-03	-1.026274e-01	1.061058e-01	-1.043666e-01	2.834234e-03	3.123184e-03	-9.930029e-05	3.073534e-03	-3.172834e-03
561           	2.807343e-01	1.432407e-01	1.374936e-01	2.976945e-03	-1.029891e-01	1.059660e-01	-1.044775e-01	2.873528e-03	3.188893e-03	-2.916287e-04	3.043079e-03	-3.334708e-03
562           	2.804593e-01	1.431350e-01	1.373242e-01	2.582442e-03	-1.032755e-01	1.058579e-01	-1.045667e-01	2.905385e-03	3.254500e-03	-4.932513e-04	3.007874e-03	-3.501126e-03
563           	2.802000e-01	1.430292e-01	1.371709e-01	2.319296e-03	-1.034664e-01	1.057857e-01	-1.046261e-01	2.929141e-03	3.310555e-03	-6.848117e-04	2.968149e-03	-3.652961e-03
564           	2.799757e-01	1.429316e-01	1.370441e-01	2.221077e-03	-1.035378e-01	1.057588e-01	-1.046483e-01	2.943775e-03	3.357582e-03	-8.607774e-04	2.927194e-03	-3.787971e-03
565           	2.797931e-01	1.428480e-01	1.369451e-01	2.304085e-03	-1.034715e-01	1.057756e-01	-1.046236e-01	2.951413e-03	3.387512e-03	-1.002952e-03	2.886036e-03	-3.888988e-03
566           	2.796274e-01	1.427662e-01	1.368611e-01	2.544078e-03	-1.032864e-01	1.058304e-01	-1.045584e-01	2.952572e-03	3.403100e-03	-1.104231e-03	2.850984e-03	-3.955215e-03
567           	2.794709e-01	1.426860e-01	1.367849e-01	2.911203e-03	-1.030067e-01	1.059179e-01	-1.044623e-01	2.950581e-03	3.397498e-03	-1.145379e-03	2.824809e-03	-3.970188e-03
568           	2.793338e-01	1.426150e-01	1.367188e-01	3.362793e-03	-1.026681e-01	1.060309e-01	-1.043495e-01	2.948071e-03	3.377488e-03	-1.134244e-03	2.810366e-03	-3.944609e-03
569           	2.792321e-01	1.425635e-01	1.366687e-01	3.876067e-03	-1.022822e-01	1.061583e-01	-1.042203e-01	2.947400e-03	3.344948e-03	-1.074131e-03	2.807883e-03	-3.882013e-03
570           	2.791751e-01	1.425379e-01	1.366372e-01	4.423589e-03	-1.018664e-01	1.062900e-01	-1.040782e-01	2.950366e-03	3.311219e-03	-9.867599e-04	2.817839e-03	-3.804599e-03
571           	2.791525e-01	1.425350e-01	1.366175e-01	4.959948e-03	-1.014515e-01	1.064115e-01	-1.039315e-01	2.958761e-03	3.277903e-03	-8.815697e-04	2.837118e-03	-3.718688e-03
572           	2.791606e-01	1.425531e-01	1.366074e-01	5.466350e-03	-1.010535e-01	1.065198e-01	-1.037866e-01	2.972845e-03	3.253467e-03	-7.785744e-04	2.864180e-03	-3.642754e-03
573           	2.791882e-01	1.425867e-01	1.366015e-01	5.926589e-03	-1.006820e-01	1.066086e-01	-1.036453e-01	2.992621e-03	3.235486e-03	-6.786157e-04	2.896179e-03	-3.574794e-03
574           	2.792315e-01	1.426335e-01	1.365980e-01	6.325302e-03	-1.003476e-01	1.066729e-01	-1.035102e-01	3.017713e-03	3.229454e-03	-5.949476e-04	2.931980e-03	-3.526928e-03
575           	2.792789e-01	1.426864e-01	1.365924e-01	6.654434e-03	-1.000585e-01	1.067129e-01	-1.033857e-01	3.047006e-03	3.228245e-03	-5.139402e-04	2.971275e-03	-3.485215e-03
576           	2.793313e-01	1.427442e-01	1.365870e-01	6.910660e-03	-9.981850e-02	1.067292e-01	-1.032738e-01	3.078601e-03	3.233478e-03	-4.405195e-04	3.013218e-03	-3.453738e-03
577           	2.793864e-01	1.428043e-01	1.365821e-01	7.116462e-03	-9.961530e-02	1.067318e-01	-1.031735e-01	3.111129e-03	3.235051e-03	-3.565516e-04	3.056775e-03	-3.413327e-03
578           	2.794519e-01	1.428687e-01	1.365832e-01	7.295807e-03	-9.943567e-02	1.067315e-01	-1.030836e-01	3.142777e-03	3.232427e-03	-2.626593e-04	3.101098e-03	-3.363757e-03
579           	2.795271e-01	1.429360e-01	1.365911e-01	7.453073e-03	-9.927631e-02	1.067294e-01	-1.030028e-01	3.172452e-03	3.218339e-03	-1.492667e-04	3.143705e-03	-3.292972e-03
580           	2.796228e-01	1.430103e-01	1.366125e-01	7.605424e-03	-9.912567e-02	1.067311e-01	-1.029284e-01	3.198904e-03	3.194934e-03	-2.189125e-05	3.183989e-03	-3.205880e-03
581           	2.797426e-01	1.430927e-01	1.366499e-01	7.769008e-03	-9.897068e-02	1.067397e-01	-1.028552e-01	3.221413e-03	3.157648e-03	1.225797e-04	3.218937e-03	-3.096358e-03
582           	2.798720e-01	1.431757e-01	1.366963e-01	7.937530e-03	-9.881568e-02	1.067532e-01	-1.027844e-01	3.239727e-03	3.112931e-03	2.703710e-04	3.248116e-03	-2.977745e-03
583           	2.799868e-01	1.432487e-01	1.367381e-01	8.109761e-03	-9.866129e-02	1.067711e-01	-1.027162e-01	3.255286e-03	3.057320e-03	4.281601e-04	3.271400e-03	-2.843240e-03
584           	2.800749e-01	1.433064e-01	1.367685e-01	8.275559e-03	-9.852077e-02	1.067963e-01	-1.026585e-01	3.268931e-03	2.997200e-03	5.888848e-04	3.291643e-03	-2.702758e-03
585           	2.801324e-01	1.433476e-01	1.367848e-01	8.414268e-03	-9.840980e-02	1.068241e-01	-1.026169e-01	3.281368e-03	2.931312e-03	7.572274e-04	3.309925e-03	-2.552698e-03
586           	2.801781e-01	1.433816e-01	1.367965e-01	8.531377e-03	-9.832341e-02	1.068548e-01	-1.025891e-01	3.292570e-03	2.868605e-03	9.208060e-04	3.329008e-03	-2.408202e-03
587           	2.802163e-01	1.434114e-01	1.368049e-01	8.621889e-03	-9.826151e-02	1.068834e-01	-1.025725e-01	3.303290e-03	2.809885e-03	1.075593e-03	3.347681e-03	-2.272088e-03
588           	2.802450e-01	1.434369e-01	1.368081e-01	8.673438e-03	-9.823533e-02	1.069088e-01	-1.025721e-01	3.314447e-03	2.764491e-03	1.202800e-03	3.365891e-03	-2.163092e-03
589           	2.802597e-01	1.434562e-01	1.368035e-01	8.690161e-03	-9.824060e-02	1.069308e-01	-1.025857e-01	3.326340e-03	2.731380e-03	1.299949e-03	3.381354e-03	-2.081405e-03
590           	2.802564e-01	1.434674e-01	1.367889e-01	8.667094e-03	-9.828012e-02	1.069472e-01	-1.026137e-01	3.339243e-03	2.717901e-03	1.351371e-03	3.393586e-03	-2.042215e-03
591           	2.802255e-01	1.434661e-01	1.367594e-01	8.600103e-03	-9.835333e-02	1.069534e-01	-1.026534e-01	3.353317e-03	2.720679e-03	1.359333e-03	3.400345e-03	-2.041012e-03
592           	2.801658e-01	1.434509e-01	1.367148e-01	8.488397e-03	-9.846073e-02	1.069491e-01	-1.027049e-01	3.368046e-03	2.742595e-03	1.319962e-03	3.402576e-03	-2.082614e-03
593           	2.800780e-01	1.434220e-01	1.366561e-01	8.331955e-03	-9.859716e-02	1.069291e-01	-1.027631e-01	3.382955e-03	2.775505e-03	1.249850e-03	3.400430e-03	-2.150580e-03
594           	2.799750e-01	1.433841e-01	1.365909e-01	8.155128e-03	-9.874260e-02	1.068977e-01	-1.028202e-01	3.396573e-03	2.818385e-03	1.153283e-03	3.395027e-03	-2.241744e-03
595           	2.798646e-01	1.433415e-01	1.365231e-01	7.950800e-03	-9.889981e-02	1.068506e-01	-1.028752e-01	3.409203e-03	2.861547e-03	1.049235e-03	3.386164e-03	-2.336929e-03
596           	2.797505e-01	1.432948e-01	1.364557e-01	7.712433e-03	-9.907629e-02	1.067887e-01	-1.029325e-01	3.419544e-03	2.904661e-03	9.374789e-04	3.373401e-03	-2.435922e-03
597           	2.796465e-01	1.432508e-01	1.363957e-01	7.460434e-03	-9.925716e-02	1.067176e-01	-1.029874e-01	3.427515e-03	2.940274e-03	8.294104e-04	3.354980e-03	-2.525569e-03
598           	2.795639e-01	1.432144e-01	1.363495e-01	7.229685e-03	-9.941914e-02	1.066488e-01	-1.030340e-01	3.432460e-03	2.971502e-03	7.178679e-04	3.330436e-03	-2.612568e-03
599           	2.794899e-01	1.431810e-01	1.363089e-01	7.040605e-03	-9.954777e-02	1.065884e-01	-1.030681e-01	3.436027e-03	2.992331e-03	6.147449e-04	3.299704e-03	-2.684959e-03
600           	2.794098e-01	1.431424e-01	1.362674e-01	6.930920e-03	-9.962138e-02	1.065523e-01	-1.030868e-01	3.437485e-03	3.007833e-03	5.087492e-04	3.262208e-03	-2.753459e-03
601           	2.793090e-01	1.430929e-01	1.362160e-01	6.903045e-03	-9.964256e-02	1.065456e-01	-1.030941e-01	3.438467e-03	3.015437e-03	4.060956e-04	3.218485e-03	-2.812389e-03
602           	2.791925e-01	1.430360e-01	1.361565e-01	6.946713e-03	-9.962320e-02	1.065699e-01	-1.030966e-01	3.439764e-03	3.022927e-03	2.942184e-04	3.170036e-03	-2.875817e-03
603           	2.790771e-01	1.429817e-01	1.360954e-01	7.053542e-03	-9.956496e-02	1.066185e-01	-1.030917e-01	3.443143e-03	3.031511e-03	1.737062e-04	3.118364e-03	-2.944658e-03
604           	2.789654e-01	1.429309e-01	1.360346e-01	7.211160e-03	-9.947680e-02	1.066880e-01	-1.030824e-01	3.448162e-03	3.048550e-03	3.123397e-05	3.064167e-03	-3.032933e-03
605           	2.788559e-01	1.428849e-01	1.359710e-01	7.389943e-03	-9.937841e-02	1.067684e-01	-1.030734e-01	3.456969e-03	3.073119e-03	-1.315330e-04	3.007353e-03	-3.138886e-03
606           	2.787472e-01	1.428432e-01	1.359040e-01	7.583994e-03	-9.927471e-02	1.068587e-01	-1.030667e-01	3.469624e-03	3.111761e-03	-3.254792e-04	2.949021e-03	-3.274500e-03
607           	2.786321e-01	1.428020e-01	1.358301e-01	7.779188e-03	-9.917217e-02	1.069514e-01	-1.030618e-01	3.485963e-03	3.160120e-03	-5.418009e-04	2.889219e-03	-3.431020e-03
608           	2.785110e-01	1.427609e-01	1.357501e-01	7.971784e-03	-9.907337e-02	1.070452e-01	-1.030593e-01	3.505389e-03	3.220703e-03	-7.815894e-04	2.829908e-03	-3.611497e-03
609           	2.783826e-01	1.427176e-01	1.356650e-01	8.157701e-03	-9.898057e-02	1.071383e-01	-1.030594e-01	3.526308e-03	3.285185e-03	-1.028746e-03	2.770812e-03	-3.799558e-03
610           	2.782582e-01	1.426776e-01	1.355806e-01	8.323038e-03	-9.890019e-02	1.072232e-01	-1.030617e-01	3.548526e-03	3.353475e-03	-1.274199e-03	2.716376e-03	-3.990574e-03
611           	2.781405e-01	1.426385e-01	1.355020e-01	8.471244e-03	-9.882666e-02	1.072979e-01	-1.030623e-01	3.568214e-03	3.414031e-03	-1.498466e-03	2.664798e-03	-4.163264e-03
612           	2.780400e-01	1.426056e-01	1.354344e-01	8.575080e-03	-9.877991e-02	1.073550e-01	-1.030675e-01	3.585590e-03	3.468906e-03	-1.702897e-03	2.617458e-03	-4.320355e-03
613           	2.779583e-01	1.425787e-01	1.353797e-01	8.603730e-03	-9.878296e-02	1.073867e-01	-1.030848e-01	3.599492e-03	3.510700e-03	-1.876035e-03	2.572682e-03	-4.448717e-03
614           	2.779073e-01	1.425631e-01	1.353442e-01	8.554070e-03	-9.884013e-02	1.073942e-01	-1.031172e-01	3.609432e-03	3.541814e-03	-2.021077e-03	2.531275e-03	-4.552353e-03
615           	2.778884e-01	1.425593e-01	1.353291e-01	8.438957e-03	-9.894307e-02	1.073820e-01	-1.031625e-01	3.615077e-03	3.557434e-03	-2.131259e-03	2.491805e-03	-4.623064e-03
616           	2.778952e-01	1.425656e-01	1.353296e-01	8.285240e-03	-9.907431e-02	1.073596e-01	-1.032169e-01	3.618003e-03	3.563595e-03	-2.218767e-03	2.454211e-03	-4.672979e-03
617           	2.779085e-01	1.425741e-01	1.353344e-01	8.113309e-03	-9.922458e-02	1.073379e-01	-1.032812e-01	3.619840e-03	3.557714e-03	-2.281310e-03	2.417059e-03	-4.698369e-03
618           	2.779229e-01	1.425844e-01	1.353385e-01	7.940948e-03	-9.938536e-02	1.073263e-01	-1.033558e-01	3.622967e-03	3.548455e-03	-2.334412e-03	2.381249e-03	-4.715662e-03
619           	2.779301e-01	1.425932e-01	1.353369e-01	7.779780e-03	-9.955017e-02	1.073299e-01	-1.034401e-01	3.628144e-03	3.536406e-03	-2.383365e-03	2.344724e-03	-4.728088e-03
620           	2.779445e-01	1.426105e-01	1.353340e-01	7.644023e-03	-9.970440e-02	1.073484e-01	-1.035264e-01	3.638257e-03	3.531921e-03	-2.443255e-03	2.310293e-03	-4.753548e-03
621           	2.779574e-01	1.426307e-01	1.353267e-01	7.542219e-03	-9.983878e-02	1.073810e-01	-1.036099e-01	3.651977e-03	3.535692e-03	-2.522889e-03	2.274248e-03	-4.797137e-03
622           	2.779743e-01	1.426554e-01	1.353189e-01	7.501820e-03	-9.993084e-02	1.074327e-01	-1.036817e-01	3.668253e-03	3.554798e-03	-2.635420e-03	2.237088e-03	-4.872508e-03
623           	2.779812e-01	1.426784e-01	1.353029e-01	7.494410e-03	-9.999789e-02	1.074923e-01	-1.037451e-01	3.687738e-03	3.587223e-03	-2.780943e-03	2.196752e-03	-4.977695e-03
624           	2.779777e-01	1.426976e-01	1.352801e-01	7.519129e-03	-1.000383e-01	1.075574e-01	-1.037979e-01	3.708738e-03	3.638128e-03	-2.969441e-03	2.153408e-03	-5.122849e-03
625           	2.779570e-01	1.427113e-01	1.352457e-01	7.553806e-03	-1.000641e-01	1.076179e-01	-1.038410e-01	3.732764e-03	3.702961e-03	-3.189615e-03	2.108154e-03	-5.297769e-03
626           	2.779266e-01	1.427176e-01	1.352090e-01	7.646454e-03	-1.000421e-01	1.076886e-01	-1.038653e-01	3.754326e-03	3.781026e-03	-3.442895e-03	2.059578e-03	-5.502473e-03
627           	2.778892e-01	1.427170e-01	1.351721e-01	7.790112e-03	-9.997115e-02	1.077613e-01	-1.038662e-01	3.772460e-03	3.863264e-03	-3.709585e-03	2.008471e-03	-5.718056e-03
628           	2.778574e-01	1.427142e-01	1.351432e-01	7.974471e-03	-9.985591e-02	1.078304e-01	-1.038431e-01	3.785488e-03	3.949062e-03	-3.986224e-03	1.955950e-03	-5.942174e-03
629           	2.778294e-01	1.427074e-01	1.351220e-01	8.165405e-03	-9.972106e-02	1.078865e-01	-1.038038e-01	3.792661e-03	4.028515e-03	-4.254281e-03	1.901375e-03	-6.155656e-03
630           	2.778093e-01	1.426976e-01	1.351117e-01	8.327238e-03	-9.959445e-02	1.079217e-01	-1.037581e-01	3.792952e-03	4.101949e-03	-4.510720e-03	1.846589e-03	-6.357309e-03
631           	2.778005e-01	1.426862e-01	1.351143e-01	8.428147e-03	-9.950119e-02	1.079293e-01	-1.037153e-01	3.785978e-03	4.159695e-03	-4.732133e-03	1.793629e-03	-6.525762e-03
632           	2.778163e-01	1.426791e-01	1.351373e-01	8.503754e-03	-9.941814e-02	1.079219e-01	-1.036700e-01	3.770909e-03	4.206494e-03	-4.928316e-03	1.742336e-03	-6.670652e-03
633           	2.778427e-01	1.426709e-01	1.351718e-01	8.574065e-03	-9.933318e-02	1.079072e-01	-1.036202e-01	3.749578e-03	4.234986e-03	-5.081416e-03	1.694278e-03	-6.775694e-03
634           	2.778735e-01	1.426617e-01	1.352117e-01	8.660739e-03	-9.923575e-02	1.078965e-01	-1.035661e-01	3.724999e-03	4.251023e-03	-5.200035e-03	1.651006e-03	-6.851040e-03
635           	2.778885e-01	1.426428e-01	1.352457e-01	8.760900e-03	-9.913354e-02	1.078944e-01	-1.035140e-01	3.698505e-03	4.252134e-03	-5.279290e-03	1.612489e-03	-6.891779e-03
636           	2.778922e-01	1.426188e-01	1.352734e-01	8.876579e-03	-9.902884e-02	1.079054e-01	-1.034671e-01	3.672702e-03	4.247099e-03	-5.331678e-03	1.581260e-03	-6.912937e-03
637           	2.778927e-01	1.425956e-01	1.352970e-01	9.013889e-03	-9.891620e-02	1.079301e-01	-1.034231e-01	3.649309e-03	4.237143e-03	-5.364405e-03	1.554940e-03	-6.919345e-03
638           	2.778955e-01	1.425772e-01	1.353183e-01	9.171210e-03	-9.879659e-02	1.079678e-01	-1.033822e-01	3.629426e-03	4.232676e-03	-5.400193e-03	1.532579e-03	-6.932772e-03
639           	2.778981e-01	1.425644e-01	1.353336e-01	9.335319e-03	-9.867788e-02	1.080132e-01	-1.033455e-01	3.615402e-03	4.232509e-03	-5.435482e-03	1.514768e-03	-6.950250e-03
640           	2.778941e-01	1.425524e-01	1.353416e-01	9.500971e-03	-9.856286e-02	1.080638e-01	-1.033133e-01	3.605402e-03	4.243864e-03	-5.490883e-03	1.498422e-03	-6.989306e-03
641           	2.778763e-01	1.425378e-01	1.353385e-01	9.646192e-03	-9.846393e-02	1.081101e-01	-1.032870e-01	3.599665e-03	4.263858e-03	-5.563361e-03	1.482178e-03	-7.045539e-03
642           	2.778481e-01	1.425217e-01	1.353263e-01	9.766082e-03	-9.838313e-02	1.081492e-01	-1.032662e-01	3.597708e-03	4.296613e-03	-5.654547e-03	1.469339e-03	-7.123887e-03
643           	2.778042e-01	1.424985e-01	1.353057e-01	9.880524e-03	-9.830279e-02	1.081833e-01	-1.032431e-01	3.596434e-03	4.334908e-03	-5.756718e-03	1.456549e-03	-7.213267e-03
644           	2.777628e-01	1.424763e-01	1.352865e-01	1.000095e-02	-9.821183e-02	1.082128e-01	-1.032123e-01	3.594879e-03	4.378485e-03	-5.860482e-03	1.448244e-03	-7.308725e-03
645           	2.777277e-01	1.424563e-01	1.352715e-01	1.011960e-02	-9.811283e-02	1.082324e-01	-1.031726e-01	3.592408e-03	4.416194e-03	-5.943458e-03	1.444465e-03	-7.387923e-03
646           	2.777075e-01	1.424397e-01	1.352679e-01	1.023048e-02	-9.801119e-02	1.082417e-01	-1.031264e-01	3.585893e-03	4.449804e-03	-6.009527e-03	1.445041e-03	-7.454568e-03
647           	2.777071e-01	1.424284e-01	1.352788e-01	1.030846e-02	-9.792499e-02	1.082334e-01	-1.030792e-01	3.574810e-03	4.467182e-03	-6.036078e-03	1.449144e-03	-7.485221e-03
648           	2.777295e-01	1.424227e-01	1.353068e-01	1.033498e-02	-9.787212e-02	1.082071e-01	-1.030396e-01	3.557966e-03	4.470137e-03	-6.021517e-03	1.459378e-03	-7.480896e-03
649           	2.777884e-01	1.424311e-01	1.353573e-01	1.033999e-02	-9.783124e-02	1.081712e-01	-1.030012e-01	3.536900e-03	4.453046e-03	-5.957759e-03	1.474167e-03	-7.431925e-03
650           	2.778686e-01	1.424463e-01	1.354224e-01	1.035551e-02	-9.778329e-02	1.081388e-01	-1.029610e-01	3.511958e-03	4.422177e-03	-5.860137e-03	1.492109e-03	-7.352246e-03
651           	2.779610e-01	1.424661e-01	1.354949e-01	1.039020e-02	-9.772585e-02	1.081160e-01	-1.029209e-01	3.485604e-03	4.373542e-03	-5.723146e-03	1.511969e-03	-7.235115e-03
652           	2.780559e-01	1.424884e-01	1.355675e-01	1.043801e-02	-9.766728e-02	1.081053e-01	-1.028863e-01	3.460480e-03	4.317307e-03	-5.563577e-03	1.535519e-03	-7.099096e-03
653           	2.781532e-01	1.425158e-01	1.356374e-01	1.049305e-02	-9.761249e-02	1.081055e-01	-1.028590e-01	3.439200e-03	4.251939e-03	-5.379643e-03	1.562117e-03	-6.941760e-03
654           	2.782603e-01	1.425526e-01	1.357077e-01	1.056394e-02	-9.755489e-02	1.081188e-01	-1.028369e-01	3.422409e-03	4.187341e-03	-5.186376e-03	1.594153e-03	-6.780529e-03
655           	2.783769e-01	1.426018e-01	1.357751e-01	1.063511e-02	-9.750267e-02	1.081378e-01	-1.028202e-01	3.413330e-03	4.123376e-03	-4.983421e-03	1.631666e-03	-6.615087e-03
656           	2.784996e-01	1.426610e-01	1.358386e-01	1.072642e-02	-9.744281e-02	1.081692e-01	-1.028060e-01	3.411195e-03	4.070193e-03	-4.794730e-03	1.672828e-03	-6.467558e-03
657           	2.786197e-01	1.427266e-01	1.358931e-01	1.080884e-02	-9.739160e-02	1.082004e-01	-1.027960e-01	3.416745e-03	4.023711e-03	-4.612041e-03	1.717691e-03	-6.329732e-03
658           	2.787383e-01	1.428004e-01	1.359379e-01	1.086924e-02	-9.735569e-02	1.082249e-01	-1.027903e-01	3.431236e-03	3.991748e-03	-4.447905e-03	1.767795e-03	-6.215701e-03
659           	2.788492e-01	1.428772e-01	1.359720e-01	1.090609e-02	-9.733163e-02	1.082377e-01	-1.027847e-01	3.452627e-03	3.967943e-03	-4.291708e-03	1.822089e-03	-6.113797e-03
660           	2.789634e-01	1.429617e-01	1.360017e-01	1.093926e-02	-9.730454e-02	1.082438e-01	-1.027742e-01	3.480038e-03	3.954624e-03	-4.145523e-03	1.881863e-03	-6.027386e-03
661           	2.790835e-01	1.430512e-01	1.360322e-01	1.099484e-02	-9.725103e-02	1.082459e-01	-1.027485e-01	3.509508e-03	3.942666e-03	-3.999678e-03	1.942827e-03	-5.942505e-03
662           	2.792170e-01	1.431477e-01	1.360693e-01	1.107214e-02	-9.717001e-02	1.082421e-01	-1.027061e-01	3.539221e-03	3.931936e-03	-3.852762e-03	2.005555e-03	-5.858317e-03
663           	2.793861e-01	1.432635e-01	1.361226e-01	1.118296e-02	-9.704534e-02	1.082283e-01	-1.026368e-01	3.570455e-03	3.911292e-03	-3.677246e-03	2.072669e-03	-5.749915e-03
664           	2.795349e-01	1.433538e-01	1.361811e-01	1.126627e-02	-9.694852e-02	1.082148e-01	-1.025817e-01	3.586331e-03	3.889521e-03	-3.521598e-03	2.128722e-03	-5.650320e-03
665           	2.796969e-01	1.434462e-01	1.362507e-01	1.137717e-02	-9.682075e-02	1.081979e-01	-1.025093e-01	3.597733e-03	3.853329e-03	-3.338471e-03	2.184093e-03	-5.522564e-03
666           	2.798594e-01	1.435298e-01	1.363296e-01	1.149918e-02	-9.668233e-02	1.081815e-01	-1.024319e-01	3.600126e-03	3.811233e-03	-3.156563e-03	2.232952e-03	-5.389515e-03
667           	2.800177e-01	1.436030e-01	1.364147e-01	1.165946e-02	-9.651518e-02	1.081746e-01	-1.023449e-01	3.594153e-03	3.761096e-03	-2.976986e-03	2.272603e-03	-5.249590e-03
668           	2.801708e-01	1.436678e-01	1.365030e-01	1.187076e-02	-9.631513e-02	1.081859e-01	-1.022505e-01	3.582390e-03	3.706034e-03	-2.800438e-03	2.305815e-03	-5.106253e-03
669           	2.803007e-01	1.437155e-01	1.365852e-01	1.211502e-02	-9.609941e-02	1.082144e-01	-1.021569e-01	3.565136e-03	3.646411e-03	-2.630418e-03	2.331202e-03	-4.961620e-03
670           	2.804116e-01	1.437501e-01	1.366615e-01	1.237949e-02	-9.588159e-02	1.082611e-01	-1.020713e-01	3.544306e-03	3.590088e-03	-2.477198e-03	2.351489e-03	-4.828687e-03
671           	2.805113e-01	1.437791e-01	1.367322e-01	1.264367e-02	-9.567495e-02	1.083186e-01	-1.019968e-01	3.523434e-03	3.535779e-03	-2.335414e-03	2.368072e-03	-4.703486e-03
672           	2.806010e-01	1.438038e-01	1.367972e-01	1.290711e-02	-9.548058e-02	1.083877e-01	-1.019341e-01	3.503309e-03	3.492796e-03	-2.221243e-03	2.382175e-03	-4.603417e-03
673           	2.806837e-01	1.438299e-01	1.368538e-01	1.314633e-02	-9.531240e-02	1.084587e-01	-1.018856e-01	3.488024e-03	3.461548e-03	-2.135769e-03	2.393663e-03	-4.529433e-03
674           	2.807519e-01	1.438514e-01	1.369005e-01	1.336210e-02	-9.516972e-02	1.085318e-01	-1.018508e-01	3.475487e-03	3.446228e-03	-2.087140e-03	2.402658e-03	-4.489798e-03
675           	2.808029e-01	1.438692e-01	1.369337e-01	1.352387e-02	-9.506967e-02	1.085935e-01	-1.018316e-01	3.467778e-03	3.442167e-03	-2.060353e-03	2.411991e-03	-4.472344e-03
676           	2.808382e-01	1.438821e-01	1.369561e-01	1.364083e-02	-9.500534e-02	1.086462e-01	-1.018258e-01	3.463006e-03	3.451494e-03	-2.058674e-03	2.422157e-03	-4.480831e-03
677           	2.808611e-01	1.438920e-01	1.369691e-01	1.370499e-02	-9.497648e-02	1.086815e-01	-1.018290e-01	3.461444e-03	3.464896e-03	-2.056523e-03	2.436635e-03	-4.493157e-03
678           	2.808763e-01	1.438991e-01	1.369772e-01	1.372799e-02	-9.497255e-02	1.087005e-01	-1.018365e-01	3.460961e-03	3.480438e-03	-2.049316e-03	2.455780e-03	-4.505096e-03
679           	2.808907e-01	1.439079e-01	1.369828e-01	1.369443e-02	-9.500011e-02	1.086945e-01	-1.018473e-01	3.462538e-03	3.490136e-03	-2.018207e-03	2.481033e-03	-4.499240e-03
680           	2.809060e-01	1.439168e-01	1.369892e-01	1.359757e-02	-9.506608e-02	1.086636e-01	-1.018649e-01	3.463793e-03	3.494929e-03	-1.968661e-03	2.510599e-03	-4.479259e-03
681           	2.809251e-01	1.439272e-01	1.369979e-01	1.341388e-02	-9.518598e-02	1.085999e-01	-1.018929e-01	3.464636e-03	3.487763e-03	-1.889041e-03	2.543242e-03	-4.432284e-03
682           	2.809570e-01	1.439421e-01	1.370149e-01	1.315057e-02	-9.535830e-02	1.085089e-01	-1.019336e-01	3.463619e-03	3.472366e-03	-1.790044e-03	2.577344e-03	-4.367388e-03
683           	2.809972e-01	1.439585e-01	1.370387e-01	1.284290e-02	-9.555966e-02	1.084026e-01	-1.019811e-01	3.459896e-03	3.444683e-03	-1.670237e-03	2.609565e-03	-4.279802e-03
684           	2.810389e-01	1.439739e-01	1.370650e-01	1.250599e-02	-9.578158e-02	1.082876e-01	-1.020346e-01	3.454468e-03	3.411079e-03	-1.539822e-03	2.641168e-03	-4.180990e-03
685           	2.810693e-01	1.439819e-01	1.370874e-01	1.217254e-02	-9.600519e-02	1.081777e-01	-1.020915e-01	3.447254e-03	3.368137e-03	-1.398612e-03	2.668831e-03	-4.067443e-03
686           	2.810860e-01	1.439827e-01	1.371034e-01	1.186052e-02	-9.622121e-02	1.080817e-01	-1.021515e-01	3.439656e-03	3.323851e-03	-1.258546e-03	2.694579e-03	-3.953124e-03
687           	2.810854e-01	1.439739e-01	1.371116e-01	1.159517e-02	-9.641399e-02	1.080092e-01	-1.022116e-01	3.431152e-03	3.277679e-03	-1.121048e-03	2.717155e-03	-3.838203e-03
688           	2.810847e-01	1.439662e-01	1.371185e-01	1.138259e-02	-9.657831e-02	1.079609e-01	-1.022696e-01	3.423893e-03	3.239880e-03	-1.001738e-03	2.739011e-03	-3.740749e-03
689           	2.810817e-01	1.439581e-01	1.371236e-01	1.124164e-02	-9.669921e-02	1.079409e-01	-1.023200e-01	3.417238e-03	3.209025e-03	-9.073874e-04	2.755331e-03	-3.662719e-03
690           	2.810795e-01	1.439525e-01	1.371270e-01	1.115247e-02	-9.679005e-02	1.079425e-01	-1.023663e-01	3.412764e-03	3.192703e-03	-8.452996e-04	2.770053e-03	-3.615353e-03
691           	2.810753e-01	1.439472e-01	1.371281e-01	1.112459e-02	-9.684148e-02	1.079661e-01	-1.024038e-01	3.409535e-03	3.188509e-03	-8.195782e-04	2.778719e-03	-3.598298e-03
692           	2.810618e-01	1.439386e-01	1.371232e-01	1.111165e-02	-9.688659e-02	1.079982e-01	-1.024424e-01	3.407692e-03	3.200962e-03	-8.260342e-04	2.787945e-03	-3.613979e-03
693           	2.810437e-01	1.439281e-01	1.371157e-01	1.112698e-02	-9.691237e-02	1.080393e-01	-1.024759e-01	3.406197e-03	3.221136e-03	-8.518801e-04	2.795196e-03	-3.647076e-03
694           	2.810359e-01	1.439237e-01	1.371122e-01	1.115396e-02	-9.692599e-02	1.080799e-01	-1.025030e-01	3.405763e-03	3.249581e-03	-8.856160e-04	2.806773e-03	-3.692389e-03
695           	2.810367e-01	1.439225e-01	1.371142e-01	1.119508e-02	-9.692081e-02	1.081159e-01	-1.025184e-01	3.404134e-03	3.273369e-03	-9.029056e-04	2.821916e-03	-3.724822e-03
696           	2.810580e-01	1.439311e-01	1.371269e-01	1.122345e-02	-9.691324e-02	1.081367e-01	-1.025250e-01	3.402130e-03	3.292338e-03	-8.917864e-04	2.846445e-03	-3.738231e-03
697           	2.810915e-01	1.439439e-01	1.371476e-01	1.121588e-02	-9.692155e-02	1.081374e-01	-1.025295e-01	3.398132e-03	3.294764e-03	-8.353645e-04	2.877081e-03	-3.712446e-03
698           	2.811507e-01	1.439686e-01	1.371822e-01	1.113159e-02	-9.697420e-02	1.081058e-01	-1.025400e-01	3.393208e-03	3.283230e-03	-7.292354e-04	2.918612e-03	-3.647847e-03
699           	2.812302e-01	1.440009e-01	1.372293e-01	1.096648e-02	-9.707794e-02	1.080444e-01	-1.025612e-01	3.385817e-03	3.248173e-03	-5.629309e-04	2.966708e-03	-3.529639e-03
700           	2.813361e-01	1.440450e-01	1.372911e-01	1.073211e-02	-9.722566e-02	1.079578e-01	-1.025917e-01	3.376976e-03	3.197370e-03	-3.468711e-04	3.023935e-03	-3.370806e-03
701           	2.814440e-01	1.440893e-01	1.373547e-01	1.045810e-02	-9.739933e-02	1.078574e-01	-1.026284e-01	3.367308e-03	3.125898e-03	-8.328212e-05	3.084257e-03	-3.167539e-03
702           	2.815491e-01	1.441325e-01	1.374166e-01	1.016330e-02	-9.758853e-02	1.077518e-01	-1.026702e-01	3.357940e-03	3.044538e-03	2.122513e-04	3.150664e-03	-2.938412e-03
703           	2.816597e-01	1.441771e-01	1.374826e-01	9.821391e-03	-9.781871e-02	1.076401e-01	-1.027294e-01	3.347218e-03	2.935748e-03	5.747273e-04	3.223112e-03	-2.648384e-03
704           	2.817205e-01	1.442033e-01	1.375172e-01	9.601399e-03	-9.797088e-02	1.075723e-01	-1.027716e-01	3.343086e-03	2.855814e-03	8.560558e-04	3.283842e-03	-2.427786e-03
705           	2.817821e-01	1.442301e-01	1.375520e-01	9.403154e-03	-9.811619e-02	1.075193e-01	-1.028178e-01	3.339031e-03	2.764344e-03	1.167048e-03	3.347868e-03	-2.180820e-03
706           	2.818492e-01	1.442611e-01	1.375881e-01	9.264266e-03	-9.822652e-02	1.074908e-01	-1.028586e-01	3.336456e-03	2.684449e-03	1.452916e-03	3.410907e-03	-1.957991e-03
707           	2.819078e-01	1.442898e-01	1.376180e-01	9.183273e-03	-9.830354e-02	1.074868e-01	-1.028952e-01	3.335918e-03	2.612849e-03	1.705263e-03	3.465481e-03	-1.760218e-03
708           	2.819625e-01	1.443173e-01	1.376452e-01	9.157179e-03	-9.834731e-02	1.075045e-01	-1.029259e-01	3.336082e-03	2.561532e-03	1.904487e-03	3.513776e-03	-1.609288e-03
709           	2.820006e-01	1.443374e-01	1.376631e-01	9.170703e-03	-9.836794e-02	1.075386e-01	-1.029533e-01	3.337141e-03	2.523395e-03	2.055053e-03	3.550922e-03	-1.495869e-03
710           	2.820344e-01	1.443548e-01	1.376797e-01	9.227788e-03	-9.835852e-02	1.075863e-01	-1.029724e-01	3.337565e-03	2.506359e-03	2.149314e-03	3.581016e-03	-1.431703e-03
711           	2.820565e-01	1.443660e-01	1.376905e-01	9.295819e-03	-9.833808e-02	1.076339e-01	-1.029860e-01	3.337750e-03	2.497429e-03	2.210766e-03	3.602812e-03	-1.392046e-03
712           	2.820800e-01	1.443750e-01	1.377050e-01	9.370665e-03	-9.830392e-02	1.076746e-01	-1.029893e-01	3.334998e-03	2.498576e-03	2.248839e-03	3.622995e-03	-1.374156e-03
713           	2.821035e-01	1.443816e-01	1.377219e-01	9.426695e-03	-9.827302e-02	1.076997e-01	-1.029864e-01	3.329882e-03	2.495755e-03	2.288449e-03	3.639979e-03	-1.351531e-03
714           	2.821343e-01	1.443883e-01	1.377460e-01	9.443065e-03	-9.825997e-02	1.077030e-01	-1.029815e-01	3.321158e-03	2.492289e-03	2.332370e-03	3.658474e-03	-1.326104e-03
715           	2.821702e-01	1.443953e-01	1.377749e-01	9.382351e-03	-9.829196e-02	1.076743e-01	-1.029831e-01	3.310230e-03	2.476756e-03	2.398698e-03	3.676105e-03	-1.277407e-03
716           	2.822202e-01	1.444061e-01	1.378141e-01	9.233782e-03	-9.837855e-02	1.076123e-01	-1.029954e-01	3.295992e-03	2.455121e-03	2.480443e-03	3.695342e-03	-1.214899e-03
717           	2.822702e-01	1.444157e-01	1.378546e-01	8.996433e-03	-9.852501e-02	1.075214e-01	-1.030232e-01	3.280557e-03	2.419999e-03	2.585760e-03	3.712879e-03	-1.127119e-03
718           	2.823287e-01	1.444282e-01	1.379006e-01	8.700475e-03	-9.871172e-02	1.074122e-01	-1.030620e-01	3.263808e-03	2.380160e-03	2.704772e-03	3.732546e-03	-1.027774e-03
719           	2.823685e-01	1.444322e-01	1.379363e-01	8.355998e-03	-9.893588e-02	1.072919e-01	-1.031139e-01	3.247933e-03	2.329854e-03	2.839997e-03	3.749853e-03	-9.098557e-04
720           	2.823860e-01	1.444258e-01	1.379602e-01	7.996808e-03	-9.917717e-02	1.071740e-01	-1.031756e-01	3.232785e-03	2.280656e-03	2.973547e-03	3.767430e-03	-7.938828e-04
721           	2.823724e-01	1.444069e-01	1.379655e-01	7.639012e-03	-9.942794e-02	1.070670e-01	-1.032474e-01	3.220689e-03	2.228566e-03	3.106470e-03	3.781802e-03	-6.753311e-04
722           	2.823367e-01	1.443798e-01	1.379568e-01	7.315992e-03	-9.966378e-02	1.069798e-01	-1.033218e-01	3.211486e-03	2.186708e-03	3.216560e-03	3.794988e-03	-5.784273e-04
723           	2.822784e-01	1.443464e-01	1.379320e-01	7.032002e-03	-9.988124e-02	1.069132e-01	-1.033972e-01	3.207213e-03	2.152382e-03	3.298559e-03	3.801662e-03	-5.031024e-04
724           	2.822066e-01	1.443098e-01	1.378968e-01	6.817564e-03	-1.000550e-01	1.068725e-01	-1.034638e-01	3.206490e-03	2.139252e-03	3.326200e-03	3.802352e-03	-4.761517e-04
725           	2.821084e-01	1.442641e-01	1.378443e-01	6.623970e-03	-1.002201e-01	1.068440e-01	-1.035321e-01	3.209890e-03	2.141142e-03	3.305660e-03	3.793972e-03	-4.883121e-04
726           	2.819958e-01	1.442130e-01	1.377828e-01	6.444389e-03	-1.003789e-01	1.068233e-01	-1.036011e-01	3.215107e-03	2.166273e-03	3.225555e-03	3.779051e-03	-5.534961e-04
727           	2.818580e-01	1.441508e-01	1.377072e-01	6.244987e-03	-1.005548e-01	1.067998e-01	-1.036773e-01	3.221815e-03	2.205303e-03	3.101882e-03	3.756245e-03	-6.543622e-04
728           	2.817171e-01	1.440860e-01	1.376311e-01	6.055386e-03	-1.007228e-01	1.067782e-01	-1.037505e-01	3.227449e-03	2.261754e-03	2.934759e-03	3.729133e-03	-7.943739e-04
729           	2.815683e-01	1.440162e-01	1.375521e-01	5.869986e-03	-1.008827e-01	1.067527e-01	-1.038177e-01	3.232024e-03	2.321407e-03	2.754010e-03	3.698412e-03	-9.444024e-04
730           	2.814251e-01	1.439458e-01	1.374793e-01	5.688834e-03	-1.010308e-01	1.067196e-01	-1.038752e-01	3.233277e-03	2.385990e-03	2.565800e-03	3.668890e-03	-1.103090e-03
731           	2.812812e-01	1.438722e-01	1.374089e-01	5.480985e-03	-1.011898e-01	1.066708e-01	-1.039303e-01	3.231666e-03	2.442085e-03	2.396628e-03	3.640398e-03	-1.243771e-03
732           	2.811469e-01	1.437994e-01	1.373475e-01	5.226619e-03	-1.013729e-01	1.065995e-01	-1.039862e-01	3.225941e-03	2.493620e-03	2.246649e-03	3.616945e-03	-1.370296e-03
733           	2.810171e-01	1.437253e-01	1.372918e-01	4.900507e-03	-1.016015e-01	1.065020e-01	-1.040517e-01	3.216730e-03	2.529630e-03	2.134348e-03	3.596804e-03	-1.462456e-03
734           	2.809006e-01	1.436540e-01	1.372466e-01	4.518200e-03	-1.018658e-01	1.063840e-01	-1.041249e-01	3.203704e-03	2.554813e-03	2.058850e-03	3.584238e-03	-1.525388e-03
735           	2.807882e-01	1.435827e-01	1.372054e-01	4.076212e-03	-1.021716e-01	1.062478e-01	-1.042097e-01	3.188653e-03	2.562027e-03	2.031094e-03	3.577574e-03	-1.546480e-03
736           	2.806805e-01	1.435125e-01	1.371680e-01	3.590649e-03	-1.025077e-01	1.060984e-01	-1.043030e-01	3.172281e-03	2.559525e-03	2.039946e-03	3.579499e-03	-1.539552e-03
737           	2.805567e-01	1.434350e-01	1.371217e-01	3.061333e-03	-1.028805e-01	1.059419e-01	-1.044112e-01	3.156672e-03	2.541446e-03	2.091592e-03	3.587242e-03	-1.495649e-03
738           	2.804214e-01	1.433535e-01	1.370679e-01	2.514807e-03	-1.032727e-01	1.057875e-01	-1.045301e-01	3.142822e-03	2.519144e-03	2.167287e-03	3.602787e-03	-1.435500e-03
739           	2.802638e-01	1.432644e-01	1.369994e-01	1.957866e-03	-1.036828e-01	1.056407e-01	-1.046617e-01	3.132524e-03	2.490132e-03	2.265510e-03	3.622887e-03	-1.357377e-03
740           	2.801035e-01	1.431793e-01	1.369243e-01	1.413571e-03	-1.040913e-01	1.055048e-01	-1.047981e-01	3.127516e-03	2.467593e-03	2.358153e-03	3.646670e-03	-1.288516e-03
741           	2.799285e-01	1.430923e-01	1.368362e-01	8.848809e-04	-1.044965e-01	1.053814e-01	-1.049390e-01	3.128028e-03	2.449272e-03	2.440700e-03	3.669622e-03	-1.228923e-03
742           	2.797430e-01	1.430044e-01	1.367386e-01	3.715241e-04	-1.048961e-01	1.052676e-01	-1.050819e-01	3.132932e-03	2.445982e-03	2.493995e-03	3.692979e-03	-1.198985e-03
743           	2.795352e-01	1.429092e-01	1.366260e-01	-1.387660e-04	-1.052999e-01	1.051612e-01	-1.052306e-01	3.141583e-03	2.452090e-03	2.520927e-03	3.712553e-03	-1.191626e-03
744           	2.793141e-01	1.428091e-01	1.365050e-01	-6.361975e-04	-1.056979e-01	1.050617e-01	-1.053798e-01	3.152043e-03	2.474065e-03	2.514192e-03	3.731161e-03	-1.216969e-03
745           	2.790730e-01	1.427001e-01	1.363728e-01	-1.126484e-03	-1.060928e-01	1.049663e-01	-1.055295e-01	3.163643e-03	2.502126e-03	2.488758e-03	3.746504e-03	-1.257747e-03
746           	2.788230e-01	1.425855e-01	1.362375e-01	-1.600986e-03	-1.064734e-01	1.048724e-01	-1.056729e-01	3.174019e-03	2.539924e-03	2.443478e-03	3.761663e-03	-1.318185e-03
747           	2.785580e-01	1.424615e-01	1.360965e-01	-2.070739e-03	-1.068459e-01	1.047752e-01	-1.058105e-01	3.182517e-03	2.575808e-03	2.397685e-03	3.774651e-03	-1.376966e-03
748           	2.782865e-01	1.423308e-01	1.359557e-01	-2.552245e-03	-1.072199e-01	1.046677e-01	-1.059438e-01	3.187541e-03	2.612936e-03	2.352212e-03	3.789042e-03	-1.436830e-03
749           	2.780022e-01	1.421909e-01	1.358113e-01	-3.087863e-03	-1.076268e-01	1.045390e-01	-1.060829e-01	3.189773e-03	2.640469e-03	2.324434e-03	3.802687e-03	-1.478252e-03
750           	2.777164e-01	1.420460e-01	1.356704e-01	-3.690651e-03	-1.080768e-01	1.043862e-01	-1.062315e-01	3.187842e-03	2.663834e-03	2.308022e-03	3.817845e-03	-1.509823e-03
751           	2.774246e-01	1.418957e-01	1.355289e-01	-4.375786e-03	-1.085840e-01	1.042082e-01	-1.063961e-01	3.183431e-03	2.674404e-03	2.315825e-03	3.832316e-03	-1.516491e-03
752           	2.771248e-01	1.417383e-01	1.353865e-01	-5.148077e-03	-1.091514e-01	1.040033e-01	-1.065773e-01	3.175888e-03	2.679914e-03	2.338305e-03	3.849067e-03	-1.510762e-03
753           	2.768184e-01	1.415782e-01	1.352402e-01	-5.990113e-03	-1.097726e-01	1.037825e-01	-1.067776e-01	3.168997e-03	2.673955e-03	2.380870e-03	3.864390e-03	-1.483520e-03
754           	2.765028e-01	1.414151e-01	1.350877e-01	-6.890247e-03	-1.104411e-01	1.035508e-01	-1.069960e-01	3.163720e-03	2.666570e-03	2.430659e-03	3.881900e-03	-1.451240e-03
755           	2.761721e-01	1.412487e-01	1.349234e-01	-7.836975e-03	-1.111531e-01	1.033161e-01	-1.072346e-01	3.162614e-03	2.653044e-03	2.489552e-03	3.897820e-03	-1.408268e-03
756           	2.758360e-01	1.410840e-01	1.347520e-01	-8.794205e-03	-1.118819e-01	1.030877e-01	-1.074848e-01	3.166033e-03	2.645559e-03	2.538889e-03	3.915003e-03	-1.376115e-03
757           	2.754966e-01	1.409244e-01	1.345722e-01	-9.743896e-03	-1.126135e-01	1.028696e-01	-1.077416e-01	3.176097e-03	2.639926e-03	2.578833e-03	3.929342e-03	-1.350510e-03
758           	2.751698e-01	1.407763e-01	1.343935e-01	-1.065605e-02	-1.133230e-01	1.026669e-01	-1.079950e-01	3.191363e-03	2.648901e-03	2.586326e-03	3.942064e-03	-1.355738e-03
759           	2.748474e-01	1.406340e-01	1.342134e-01	-1.153544e-02	-1.140131e-01	1.024777e-01	-1.082454e-01	3.210321e-03	2.665892e-03	2.567521e-03	3.949652e-03	-1.382131e-03
760           	2.745349e-01	1.404981e-01	1.340367e-01	-1.234270e-02	-1.146531e-01	1.023104e-01	-1.084818e-01	3.230693e-03	2.700417e-03	2.509691e-03	3.955263e-03	-1.445572e-03
761           	2.742258e-01	1.403646e-01	1.338612e-01	-1.306637e-02	-1.152347e-01	1.021684e-01	-1.087015e-01	3.251662e-03	2.743095e-03	2.425662e-03	3.955926e-03	-1.530264e-03
762           	2.739337e-01	1.402364e-01	1.336972e-01	-1.368569e-02	-1.157387e-01	1.020531e-01	-1.088959e-01	3.269610e-03	2.799181e-03	2.312816e-03	3.955589e-03	-1.642773e-03
763           	2.736550e-01	1.401110e-01	1.335440e-01	-1.420799e-02	-1.161687e-01	1.019607e-01	-1.090647e-01	3.283515e-03	2.856183e-03	2.192027e-03	3.952197e-03	-1.760170e-03
764           	2.733995e-01	1.399898e-01	1.334097e-01	-1.462678e-02	-1.165165e-01	1.018897e-01	-1.092031e-01	3.290035e-03	2.916831e-03	2.066615e-03	3.950139e-03	-1.883524e-03
765           	2.731645e-01	1.398714e-01	1.332931e-01	-1.494588e-02	-1.167844e-01	1.018385e-01	-1.093115e-01	3.289154e-03	2.965757e-03	1.963780e-03	3.947647e-03	-1.983867e-03
766           	2.729507e-01	1.397542e-01	1.331965e-01	-1.520635e-02	-1.170012e-01	1.017949e-01	-1.093981e-01	3.278826e-03	3.008157e-03	1.881695e-03	3.949005e-03	-2.067310e-03
767           	2.727528e-01	1.396368e-01	1.331160e-01	-1.543986e-02	-1.171920e-01	1.017522e-01	-1.094721e-01	3.260363e-03	3.031856e-03	1.841863e-03	3.952788e-03	-2.110925e-03
768           	2.725803e-01	1.395231e-01	1.330572e-01	-1.564830e-02	-1.173586e-01	1.017103e-01	-1.095344e-01	3.232917e-03	3.042635e-03	1.841528e-03	3.963399e-03	-2.121871e-03
769           	2.724233e-01	1.394108e-01	1.330124e-01	-1.584062e-02	-1.175095e-01	1.016688e-01	-1.095892e-01	3.199217e-03	3.030244e-03	1.897215e-03	3.978852e-03	-2.081636e-03
770           	2.722847e-01	1.393028e-01	1.329819e-01	-1.600977e-02	-1.176395e-01	1.016297e-01	-1.096346e-01	3.160413e-03	3.003447e-03	1.998466e-03	4.002680e-03	-2.004214e-03
771           	2.721501e-01	1.391953e-01	1.329548e-01	-1.616291e-02	-1.177571e-01	1.015942e-01	-1.096756e-01	3.120223e-03	2.955828e-03	2.149701e-03	4.030678e-03	-1.880977e-03
772           	2.720257e-01	1.390926e-01	1.329331e-01	-1.629525e-02	-1.178600e-01	1.015648e-01	-1.097124e-01	3.079772e-03	2.899864e-03	2.330035e-03	4.064881e-03	-1.734847e-03
773           	2.718992e-01	1.389922e-01	1.329070e-01	-1.641413e-02	-1.179564e-01	1.015422e-01	-1.097493e-01	3.042591e-03	2.830809e-03	2.540964e-03	4.101291e-03	-1.560326e-03
774           	2.717796e-01	1.388984e-01	1.328812e-01	-1.651337e-02	-1.180407e-01	1.015273e-01	-1.097840e-01	3.008643e-03	2.762454e-03	2.758160e-03	4.141534e-03	-1.383374e-03
775           	2.716605e-01	1.388103e-01	1.328502e-01	-1.660965e-02	-1.181255e-01	1.015159e-01	-1.098207e-01	2.980053e-03	2.691422e-03	2.977402e-03	4.180123e-03	-1.202721e-03
776           	2.715511e-01	1.387309e-01	1.328202e-01	-1.671500e-02	-1.182184e-01	1.015034e-01	-1.098609e-01	2.955389e-03	2.631400e-03	3.174024e-03	4.218412e-03	-1.044388e-03
777           	2.714413e-01	1.386554e-01	1.327859e-01	-1.685225e-02	-1.183363e-01	1.014841e-01	-1.099102e-01	2.934716e-03	2.577134e-03	3.348168e-03	4.251218e-03	-9.030501e-04
778           	2.713449e-01	1.385877e-01	1.327572e-01	-1.702977e-02	-1.184847e-01	1.014550e-01	-1.099699e-01	2.915250e-03	2.539726e-03	3.480773e-03	4.280113e-03	-7.993399e-04
779           	2.712586e-01	1.385266e-01	1.327320e-01	-1.726164e-02	-1.186741e-01	1.014125e-01	-1.100433e-01	2.897281e-03	2.510414e-03	3.580318e-03	4.300573e-03	-7.202554e-04
780           	2.711997e-01	1.384781e-01	1.327215e-01	-1.754134e-02	-1.188975e-01	1.013562e-01	-1.101268e-01	2.878302e-03	2.497570e-03	3.634030e-03	4.314585e-03	-6.805552e-04
781           	2.711642e-01	1.384411e-01	1.327231e-01	-1.786959e-02	-1.191539e-01	1.012843e-01	-1.102191e-01	2.858970e-03	2.490154e-03	3.656029e-03	4.318169e-03	-6.621401e-04
782           	2.711660e-01	1.384201e-01	1.327460e-01	-1.823696e-02	-1.194342e-01	1.011973e-01	-1.103158e-01	2.837039e-03	2.494436e-03	3.637451e-03	4.313161e-03	-6.757099e-04
783           	2.712006e-01	1.384131e-01	1.327876e-01	-1.865307e-02	-1.197454e-01	1.010924e-01	-1.104189e-01	2.812753e-03	2.498231e-03	3.594495e-03	4.295479e-03	-7.009840e-04
784           	2.712815e-01	1.384246e-01	1.328569e-01	-1.910784e-02	-1.200786e-01	1.009708e-01	-1.105247e-01	2.783814e-03	2.508250e-03	3.518125e-03	4.267312e-03	-7.491874e-04
785           	2.713983e-01	1.384507e-01	1.329476e-01	-1.959686e-02	-1.204319e-01	1.008351e-01	-1.106335e-01	2.751509e-03	2.513535e-03	3.422476e-03	4.224773e-03	-8.022970e-04
786           	2.715639e-01	1.384956e-01	1.330683e-01	-2.011016e-02	-1.207983e-01	1.006881e-01	-1.107432e-01	2.713688e-03	2.523748e-03	3.281345e-03	4.164421e-03	-8.830755e-04
787           	2.717494e-01	1.385492e-01	1.332003e-01	-2.063868e-02	-1.211746e-01	1.005359e-01	-1.108553e-01	2.674452e-03	2.530747e-03	3.114541e-03	4.088017e-03	-9.734762e-04
788           	2.719631e-01	1.386153e-01	1.333477e-01	-2.115597e-02	-1.215437e-01	1.003877e-01	-1.109657e-01	2.633805e-03	2.546276e-03	2.903163e-03	3.997858e-03	-1.094694e-03
789           	2.721911e-01	1.386907e-01	1.335004e-01	-2.165885e-02	-1.219062e-01	1.002474e-01	-1.110768e-01	2.595132e-03	2.562357e-03	2.659443e-03	3.892079e-03	-1.232636e-03
790           	2.724430e-01	1.387808e-01	1.336622e-01	-2.212159e-02	-1.222438e-01	1.001222e-01	-1.111830e-01	2.559285e-03	2.591095e-03	2.368993e-03	3.775592e-03	-1.406599e-03
791           	2.727119e-01	1.388850e-01	1.338269e-01	-2.253321e-02	-1.225499e-01	1.000167e-01	-1.112833e-01	2.529033e-03	2.624547e-03	2.046286e-03	3.647690e-03	-1.601404e-03
792           	2.730101e-01	1.390086e-01	1.340015e-01	-2.286710e-02	-1.228033e-01	9.993622e-02	-1.113698e-01	2.503541e-03	2.674781e-03	1.676926e-03	3.513244e-03	-1.836318e-03
793           	2.733300e-01	1.391479e-01	1.341821e-01	-2.312468e-02	-1.230049e-01	9.988025e-02	-1.114426e-01	2.482888e-03	2.734490e-03	1.272132e-03	3.370556e-03	-2.098424e-03
794           	2.736811e-01	1.393073e-01	1.343739e-01	-2.329444e-02	-1.231448e-01	9.985039e-02	-1.114976e-01	2.466704e-03	2.815295e-03	8.216530e-04	3.226122e-03	-2.404469e-03
795           	2.740582e-01	1.394842e-01	1.345739e-01	-2.336458e-02	-1.232141e-01	9.984949e-02	-1.115318e-01	2.455149e-03	2.905939e-03	3.501059e-04	3.080991e-03	-2.730886e-03
796           	2.744770e-01	1.396829e-01	1.347942e-01	-2.330313e-02	-1.231857e-01	9.988260e-02	-1.115342e-01	2.444330e-03	3.013565e-03	-1.426725e-04	2.942228e-03	-3.084901e-03
797           	2.749392e-01	1.399029e-01	1.350363e-01	-2.307011e-02	-1.230297e-01	9.995956e-02	-1.114946e-01	2.433275e-03	3.123073e-03	-6.278424e-04	2.809152e-03	-3.436995e-03
798           	2.754327e-01	1.401328e-01	1.352999e-01	-2.265520e-02	-1.227306e-01	1.000754e-01	-1.114030e-01	2.416455e-03	3.235741e-03	-1.090902e-03	2.690290e-03	-3.781193e-03
799           	2.759443e-01	1.403668e-01	1.355775e-01	-2.205770e-02	-1.222872e-01	1.002295e-01	-1.112583e-01	2.394651e-03	3.333045e-03	-1.491323e-03	2.587383e-03	-4.078706e-03
800           	2.764729e-01	1.406007e-01	1.358721e-01	-2.126256e-02	-1.216869e-01	1.004244e-01	-1.110557e-01	2.364291e-03	3.416704e-03	-1.822058e-03	2.505675e-03	-4.327733e-03
801           	2.769996e-01	1.408260e-01	1.361736e-01	-2.029421e-02	-1.209482e-01	1.006540e-01	-1.108011e-01	2.326199e-03	3.470180e-03	-2.054829e-03	2.442766e-03	-4.497594e-03
802           	2.775155e-01	1.410391e-01	1.364764e-01	-1.917548e-02	-1.200885e-01	1.009131e-01	-1.105008e-01	2.281380e-03	3.499206e-03	-2.191833e-03	2.403289e-03	-4.595123e-03
803           	2.780171e-01	1.412404e-01	1.367766e-01	-1.794492e-02	-1.191404e-01	1.011955e-01	-1.101679e-01	2.231895e-03	3.495845e-03	-2.237018e-03	2.377337e-03	-4.614354e-03
804           	2.785014e-01	1.414298e-01	1.370716e-01	-1.663303e-02	-1.181291e-01	1.014961e-01	-1.098126e-01	2.179080e-03	3.471674e-03	-2.212835e-03	2.365257e-03	-4.578091e-03
805           	2.789540e-01	1.416030e-01	1.373510e-01	-1.526149e-02	-1.170764e-01	1.018149e-01	-1.094456e-01	2.126007e-03	3.422657e-03	-2.132522e-03	2.356395e-03	-4.488918e-03
806           	2.793767e-01	1.417619e-01	1.376148e-01	-1.383492e-02	-1.159890e-01	1.021541e-01	-1.090715e-01	2.073534e-03	3.366997e-03	-2.040494e-03	2.346750e-03	-4.387244e-03
807           	2.797441e-01	1.418971e-01	1.378470e-01	-1.236277e-02	-1.148771e-01	1.025143e-01	-1.086957e-01	2.025053e-03	3.304436e-03	-1.958562e-03	2.325155e-03	-4.283717e-03
808           	2.800528e-01	1.420071e-01	1.380458e-01	-1.084587e-02	-1.137414e-01	1.028955e-01	-1.083184e-01	1.980631e-03	3.253854e-03	-1.931901e-03	2.287904e-03	-4.219804e-03
809           	2.802865e-01	1.420863e-01	1.382002e-01	-9.306808e-03	-1.125976e-01	1.032908e-01	-1.079442e-01	1.943043e-03	3.215098e-03	-1.978210e-03	2.225993e-03	-4.204203e-03
810           	2.804569e-01	1.421405e-01	1.383164e-01	-7.808003e-03	-1.114904e-01	1.036824e-01	-1.075864e-01	1.912039e-03	3.207129e-03	-2.135104e-03	2.139577e-03	-4.274681e-03
811           	2.805528e-01	1.421655e-01	1.383873e-01	-6.332498e-03	-1.104065e-01	1.040740e-01	-1.072402e-01	1.889089e-03	3.223448e-03	-2.397573e-03	2.024662e-03	-4.422234e-03
812           	2.805851e-01	1.421665e-01	1.384187e-01	-4.902390e-03	-1.093589e-01	1.044565e-01	-1.069077e-01	1.873913e-03	3.274507e-03	-2.771745e-03	1.888635e-03	-4.660380e-03
813           	2.805553e-01	1.421479e-01	1.384074e-01	-3.558775e-03	-1.083765e-01	1.048177e-01	-1.065971e-01	1.870237e-03	3.349656e-03	-3.231490e-03	1.733911e-03	-4.965401e-03
814           	2.804855e-01	1.421218e-01	1.383637e-01	-2.326339e-03	-1.074739e-01	1.051476e-01	-1.063107e-01	1.879067e-03	3.453604e-03	-3.768961e-03	1.569124e-03	-5.338085e-03
815           	2.803775e-01	1.420924e-01	1.382851e-01	-1.239056e-03	-1.066741e-01	1.054350e-01	-1.060546e-01	1.903619e-03	3.571160e-03	-4.345540e-03	1.398390e-03	-5.743930e-03
816           	2.802543e-01	1.420694e-01	1.381850e-01	-3.081751e-04	-1.059832e-01	1.056751e-01	-1.058292e-01	1.942193e-03	3.706043e-03	-4.954019e-03	1.229034e-03	-6.183053e-03
817           	2.801216e-01	1.420540e-01	1.380676e-01	4.371191e-04	-1.054235e-01	1.058606e-01	-1.056421e-01	1.993213e-03	3.844631e-03	-5.567831e-03	1.060715e-03	-6.628547e-03
818           	2.800058e-01	1.420537e-01	1.379521e-01	9.887276e-04	-1.050004e-01	1.059891e-01	-1.054947e-01	2.050788e-03	3.992133e-03	-6.188781e-03	8.977421e-04	-7.086524e-03
819           	2.799126e-01	1.420669e-01	1.378457e-01	1.346764e-03	-1.047164e-01	1.060632e-01	-1.053898e-01	2.110556e-03	4.137032e-03	-6.800571e-03	7.367468e-04	-7.537318e-03
820           	2.798555e-01	1.420935e-01	1.377620e-01	1.552157e-03	-1.045443e-01	1.060965e-01	-1.053204e-01	2.165769e-03	4.285744e-03	-7.411717e-03	5.798855e-04	-7.991602e-03
821           	2.798257e-01	1.421258e-01	1.376999e-01	1.655554e-03	-1.044520e-01	1.061075e-01	-1.052797e-01	2.212946e-03	4.428646e-03	-8.015233e-03	4.210292e-04	-8.436262e-03
822           	2.798322e-01	1.421670e-01	1.376652e-01	1.709804e-03	-1.044009e-01	1.061107e-01	-1.052558e-01	2.250909e-03	4.573571e-03	-8.617115e-03	2.650134e-04	-8.882129e-03
823           	2.798601e-01	1.422105e-01	1.376497e-01	1.765670e-03	-1.043564e-01	1.061221e-01	-1.052393e-01	2.280403e-03	4.711876e-03	-9.204426e-03	1.096633e-04	-9.314090e-03
824           	2.799154e-01	1.422616e-01	1.376538e-01	1.855356e-03	-1.042923e-01	1.061476e-01	-1.052200e-01	2.303917e-03	4.850274e-03	-9.774248e-03	-3.685030e-05	-9.737397e-03
825           	2.799859e-01	1.423183e-01	1.376676e-01	1.994934e-03	-1.041952e-01	1.061901e-01	-1.051927e-01	2.325341e-03	4.975399e-03	-1.029061e-02	-1.699077e-04	-1.012071e-02
826           	2.800785e-01	1.423853e-01	1.376932e-01	2.200829e-03	-1.040509e-01	1.062517e-01	-1.051513e-01	2.346013e-03	5.090794e-03	-1.073475e-02	-2.765803e-04	-1.045817e-02
827           	2.801824e-01	1.424599e-01	1.377225e-01	2.471881e-03	-1.038588e-01	1.063307e-01	-1.050947e-01	2.368663e-03	5.183163e-03	-1.106941e-02	-3.515399e-04	-1.071787e-02
828           	2.803047e-01	1.425454e-01	1.377593e-01	2.809320e-03	-1.036157e-01	1.064250e-01	-1.050203e-01	2.393038e-03	5.255624e-03	-1.128100e-02	-3.848752e-04	-1.089612e-02
829           	2.804362e-01	1.426390e-01	1.377973e-01	3.189109e-03	-1.033374e-01	1.065265e-01	-1.049320e-01	2.420838e-03	5.295086e-03	-1.133818e-02	-3.740041e-04	-1.096418e-02
830           	2.805867e-01	1.427447e-01	1.378420e-01	3.593571e-03	-1.030352e-01	1.066288e-01	-1.048320e-01	2.451321e-03	5.306034e-03	-1.124102e-02	-3.144767e-04	-1.092654e-02
831           	2.807521e-01	1.428603e-01	1.378918e-01	3.989198e-03	-1.027330e-01	1.067222e-01	-1.047276e-01	2.484240e-03	5.278951e-03	-1.098190e-02	-2.119981e-04	-1.076990e-02
832           	2.809384e-01	1.429850e-01	1.379534e-01	4.352736e-03	-1.024473e-01	1.068001e-01	-1.046237e-01	2.515776e-03	5.223088e-03	-1.059077e-02	-7.229745e-05	-1.051847e-02
833           	2.811305e-01	1.431086e-01	1.380219e-01	4.655804e-03	-1.021993e-01	1.068552e-01	-1.045273e-01	2.543340e-03	5.134361e-03	-1.008958e-02	8.957301e-05	-1.017915e-02
834           	2.813306e-01	1.432284e-01	1.381021e-01	4.875450e-03	-1.020060e-01	1.068814e-01	-1.044437e-01	2.563153e-03	5.026906e-03	-9.523419e-03	2.651964e-04	-9.788615e-03
835           	2.815250e-01	1.433385e-01	1.381866e-01	4.974803e-03	-1.018945e-01	1.068693e-01	-1.043819e-01	2.575948e-03	4.898206e-03	-8.909931e-03	4.432405e-04	-9.353171e-03
836           	2.817186e-01	1.434405e-01	1.382781e-01	4.944488e-03	-1.018725e-01	1.068170e-01	-1.043447e-01	2.581176e-03	4.760907e-03	-8.276464e-03	6.226752e-04	-8.899139e-03
837           	2.819009e-01	1.435321e-01	1.383687e-01	4.782583e-03	-1.019430e-01	1.067256e-01	-1.043343e-01	2.581706e-03	4.610882e-03	-7.625008e-03	7.983780e-04	-8.423386e-03
838           	2.820759e-01	1.436142e-01	1.384617e-01	4.542488e-03	-1.020700e-01	1.066125e-01	-1.043412e-01	2.576253e-03	4.459983e-03	-6.981312e-03	9.693274e-04	-7.950639e-03
839           	2.822341e-01	1.436835e-01	1.385507e-01	4.273002e-03	-1.022202e-01	1.064932e-01	-1.043567e-01	2.566398e-03	4.302227e-03	-6.339194e-03	1.132631e-03	-7.471824e-03
840           	2.823788e-01	1.437387e-01	1.386400e-01	4.056442e-03	-1.023366e-01	1.063931e-01	-1.043649e-01	2.549347e-03	4.148258e-03	-5.719028e-03	1.288745e-03	-7.007772e-03
841           	2.825059e-01	1.437795e-01	1.387264e-01	3.927653e-03	-1.023946e-01	1.063223e-01	-1.043585e-01	2.526517e-03	3.992339e-03	-5.114555e-03	1.435062e-03	-6.549617e-03
842           	2.826189e-01	1.438041e-01	1.388148e-01	3.943470e-03	-1.023545e-01	1.062980e-01	-1.043263e-01	2.494618e-03	3.844611e-03	-4.546972e-03	1.571125e-03	-6.118097e-03
843           	2.827118e-01	1.438126e-01	1.388992e-01	4.100825e-03	-1.022180e-01	1.063189e-01	-1.042685e-01	2.456701e-03	3.698860e-03	-4.003945e-03	1.696887e-03	-5.700833e-03
844           	2.827878e-01	1.438013e-01	1.389864e-01	4.428442e-03	-1.019653e-01	1.063937e-01	-1.041795e-01	2.407455e-03	3.557295e-03	-3.474227e-03	1.820181e-03	-5.294408e-03
845           	2.828264e-01	1.437668e-01	1.390596e-01	4.856459e-03	-1.016488e-01	1.065052e-01	-1.040770e-01	2.353611e-03	3.421340e-03	-2.978467e-03	1.932106e-03	-4.910573e-03
846           	2.828367e-01	1.437155e-01	1.391212e-01	5.283495e-03	-1.013406e-01	1.066241e-01	-1.039823e-01	2.297134e-03	3.293288e-03	-2.489380e-03	2.048597e-03	-4.537978e-03
847           	2.828144e-01	1.436487e-01	1.391657e-01	5.642457e-03	-1.010925e-01	1.067349e-01	-1.039137e-01	2.241536e-03	3.162333e-03	-1.985858e-03	2.169404e-03	-4.155262e-03
848           	2.827662e-01	1.435688e-01	1.391974e-01	5.902445e-03	-1.009259e-01	1.068283e-01	-1.038771e-01	2.185742e-03	3.031708e-03	-1.468559e-03	2.297428e-03	-3.765988e-03
849           	2.826809e-01	1.434726e-01	1.392083e-01	6.020315e-03	-1.008703e-01	1.068906e-01	-1.038804e-01	2.132138e-03	2.890531e-03	-9.230983e-04	2.428982e-03	-3.352080e-03
850           	2.825676e-01	1.433615e-01	1.392061e-01	6.005737e-03	-1.009169e-01	1.069226e-01	-1.039198e-01	2.077682e-03	2.749446e-03	-3.855243e-04	2.556684e-03	-2.942208e-03
851           	2.824213e-01	1.432335e-01	1.391877e-01	5.858860e-03	-1.010653e-01	1.069241e-01	-1.039947e-01	2.022910e-03	2.604268e-03	1.293257e-04	2.668930e-03	-2.539605e-03
852           	2.822520e-01	1.430920e-01	1.391600e-01	5.606919e-03	-1.012943e-01	1.069012e-01	-1.040978e-01	1.966031e-03	2.470182e-03	5.788996e-04	2.759632e-03	-2.180732e-03
853           	2.820423e-01	1.429288e-01	1.391135e-01	5.306919e-03	-1.015639e-01	1.068708e-01	-1.042174e-01	1.907650e-03	2.346285e-03	9.395926e-04	2.816081e-03	-1.876488e-03
854           	2.818020e-01	1.427527e-01	1.390492e-01	5.033655e-03	-1.018148e-01	1.068485e-01	-1.043316e-01	1.851750e-03	2.250534e-03	1.181700e-03	2.841384e-03	-1.659684e-03
855           	2.815380e-01	1.425668e-01	1.389712e-01	4.807106e-03	-1.020318e-01	1.068389e-01	-1.044353e-01	1.797808e-03	2.174788e-03	1.305523e-03	2.827550e-03	-1.522027e-03
856           	2.812656e-01	1.423807e-01	1.388849e-01	4.656572e-03	-1.021911e-01	1.068477e-01	-1.045194e-01	1.747908e-03	2.131828e-03	1.296424e-03	2.780040e-03	-1.483616e-03
857           	2.809835e-01	1.421993e-01	1.387842e-01	4.570758e-03	-1.023016e-01	1.068724e-01	-1.045870e-01	1.707571e-03	2.114070e-03	1.179752e-03	2.703947e-03	-1.524194e-03
858           	2.807140e-01	1.420368e-01	1.386771e-01	4.548879e-03	-1.023623e-01	1.069112e-01	-1.046368e-01	1.679855e-03	2.130333e-03	9.633672e-04	2.612017e-03	-1.648650e-03
859           	2.804650e-01	1.419030e-01	1.385621e-01	4.557424e-03	-1.023983e-01	1.069557e-01	-1.046770e-01	1.670461e-03	2.168532e-03	6.910255e-04	2.514045e-03	-1.823019e-03
860           	2.802576e-01	1.418084e-01	1.384492e-01	4.596217e-03	-1.024083e-01	1.070045e-01	-1.047064e-01	1.679616e-03	2.232597e-03	3.814625e-04	2.423328e-03	-2.041866e-03
861           	2.800956e-01	1.417572e-01	1.383384e-01	4.639041e-03	-1.024112e-01	1.070502e-01	-1.047307e-01	1.709391e-03	2.304877e-03	8.719528e-05	2.348475e-03	-2.261280e-03
862           	2.800008e-01	1.417565e-01	1.382443e-01	4.703130e-03	-1.023914e-01	1.070945e-01	-1.047430e-01	1.756133e-03	2.387057e-03	-1.744415e-04	2.299836e-03	-2.474278e-03
863           	2.799610e-01	1.417967e-01	1.381643e-01	4.810900e-03	-1.023343e-01	1.071452e-01	-1.047398e-01	1.816197e-03	2.461438e-03	-3.687576e-04	2.277059e-03	-2.645817e-03
864           	2.799868e-01	1.418774e-01	1.381094e-01	5.001546e-03	-1.022074e-01	1.072089e-01	-1.047081e-01	1.883997e-03	2.532739e-03	-4.981146e-04	2.283681e-03	-2.781796e-03
865           	2.800597e-01	1.419829e-01	1.380768e-01	5.319461e-03	-1.019803e-01	1.072997e-01	-1.046400e-01	1.953052e-03	2.586633e-03	-5.498381e-04	2.311714e-03	-2.861552e-03
866           	2.801904e-01	1.421137e-01	1.380767e-01	5.790713e-03	-1.016278e-01	1.074185e-01	-1.045231e-01	2.018478e-03	2.628899e-03	-5.347843e-04	2.361507e-03	-2.896291e-03
867           	2.803582e-01	1.422533e-01	1.381049e-01	6.427127e-03	-1.011413e-01	1.075684e-01	-1.043549e-01	2.074212e-03	2.645809e-03	-4.484785e-04	2.421570e-03	-2.870048e-03
868           	2.805752e-01	1.424061e-01	1.381691e-01	7.183131e-03	-1.005488e-01	1.077319e-01	-1.041403e-01	2.118520e-03	2.645776e-03	-3.104615e-04	2.490546e-03	-2.801007e-03
869           	2.808183e-01	1.425607e-01	1.382576e-01	7.993824e-03	-9.990317e-02	1.078970e-01	-1.039001e-01	2.151583e-03	2.621226e-03	-1.281618e-04	2.557145e-03	-2.685307e-03
870           	2.810911e-01	1.427227e-01	1.383684e-01	8.792140e-03	-9.925410e-02	1.080462e-01	-1.036502e-01	2.177129e-03	2.585564e-03	7.705337e-05	2.624091e-03	-2.547038e-03
871           	2.813651e-01	1.428799e-01	1.384852e-01	9.537672e-03	-9.863875e-02	1.081764e-01	-1.034076e-01	2.197358e-03	2.530876e-03	3.119059e-04	2.686829e-03	-2.374923e-03
872           	2.816461e-01	1.430390e-01	1.386070e-01	1.019199e-02	-9.808424e-02	1.082762e-01	-1.031802e-01	2.216015e-03	2.467860e-03	5.728659e-04	2.754293e-03	-2.181427e-03
873           	2.819118e-01	1.431894e-01	1.387223e-01	1.073712e-02	-9.760930e-02	1.083464e-01	-1.029779e-01	2.233543e-03	2.386159e-03	8.758602e-04	2.824090e-03	-1.948229e-03
874           	2.821697e-01	1.433370e-01	1.388327e-01	1.116734e-02	-9.721662e-02	1.083840e-01	-1.028003e-01	2.252146e-03	2.296943e-03	1.215060e-03	2.904473e-03	-1.689413e-03
875           	2.824018e-01	1.434729e-01	1.389289e-01	1.148673e-02	-9.690754e-02	1.083943e-01	-1.026509e-01	2.271976e-03	2.191149e-03	1.601132e-03	2.991715e-03	-1.390583e-03
876           	2.826208e-01	1.436050e-01	1.390158e-01	1.170250e-02	-9.667464e-02	1.083771e-01	-1.025259e-01	2.294617e-03	2.080749e-03	2.023596e-03	3.092546e-03	-1.068951e-03
877           	2.828065e-01	1.437234e-01	1.390831e-01	1.183425e-02	-9.650898e-02	1.083432e-01	-1.024261e-01	2.320161e-03	1.958333e-03	2.485288e-03	3.200977e-03	-7.156891e-04
878           	2.829709e-01	1.438358e-01	1.391351e-01	1.189248e-02	-9.640032e-02	1.082928e-01	-1.023466e-01	2.350353e-03	1.836298e-03	2.972127e-03	3.322362e-03	-3.502350e-04
879           	2.830953e-01	1.439318e-01	1.391635e-01	1.190056e-02	-9.633648e-02	1.082370e-01	-1.022868e-01	2.384173e-03	1.707980e-03	3.478401e-03	3.447180e-03	3.122032e-05
880           	2.831922e-01	1.440174e-01	1.391747e-01	1.187388e-02	-9.630287e-02	1.081768e-01	-1.022398e-01	2.421346e-03	1.585795e-03	3.981604e-03	3.576597e-03	4.050073e-04
881           	2.832496e-01	1.440857e-01	1.391638e-01	1.182413e-02	-9.629348e-02	1.081176e-01	-1.022055e-01	2.460960e-03	1.463467e-03	4.474088e-03	3.700511e-03	7.735768e-04
882           	2.832814e-01	1.441413e-01	1.391401e-01	1.177028e-02	-9.629199e-02	1.080623e-01	-1.021771e-01	2.500581e-03	1.353825e-03	4.927274e-03	3.817462e-03	1.109812e-03
883           	2.832749e-01	1.441759e-01	1.390990e-01	1.172496e-02	-9.629220e-02	1.080172e-01	-1.021547e-01	2.538467e-03	1.250666e-03	5.333943e-03	3.917637e-03	1.416306e-03
884           	2.832461e-01	1.441952e-01	1.390508e-01	1.170777e-02	-9.627803e-02	1.079858e-01	-1.021319e-01	2.572203e-03	1.166072e-03	5.668898e-03	4.000521e-03	1.668377e-03
885           	2.831872e-01	1.441949e-01	1.389923e-01	1.172406e-02	-9.624753e-02	1.079716e-01	-1.021096e-01	2.601283e-03	1.093217e-03	5.932248e-03	4.059341e-03	1.872908e-03
886           	2.831156e-01	1.441825e-01	1.389331e-01	1.178876e-02	-9.618788e-02	1.079766e-01	-1.020823e-01	2.624718e-03	1.042678e-03	6.109193e-03	4.097275e-03	2.011918e-03
887           	2.830201e-01	1.441525e-01	1.388676e-01	1.190971e-02	-9.609509e-02	1.080048e-01	-1.020499e-01	2.642483e-03	1.006142e-03	6.209467e-03	4.110876e-03	2.098592e-03
888           	2.829192e-01	1.441141e-01	1.388051e-01	1.208746e-02	-9.596660e-02	1.080541e-01	-1.020103e-01	2.654498e-03	9.940632e-04	6.227030e-03	4.107578e-03	2.119452e-03
889           	2.828105e-01	1.440676e-01	1.387429e-01	1.231027e-02	-9.581104e-02	1.081213e-01	-1.019662e-01	2.662317e-03	9.956586e-04	6.182543e-03	4.086930e-03	2.095613e-03
890           	2.827160e-01	1.440240e-01	1.386920e-01	1.257003e-02	-9.563070e-02	1.082007e-01	-1.019157e-01	2.665984e-03	1.016617e-03	6.086269e-03	4.059752e-03	2.026517e-03
891           	2.826297e-01	1.439815e-01	1.386481e-01	1.285695e-02	-9.543315e-02	1.082901e-01	-1.018616e-01	2.666711e-03	1.042599e-03	5.968219e-03	4.026709e-03	1.941510e-03
892           	2.825723e-01	1.439513e-01	1.386210e-01	1.315452e-02	-9.522612e-02	1.083806e-01	-1.018034e-01	2.665166e-03	1.078904e-03	5.838898e-03	3.998353e-03	1.840546e-03
893           	2.825321e-01	1.439281e-01	1.386040e-01	1.344603e-02	-9.502304e-02	1.084691e-01	-1.017461e-01	2.662042e-03	1.111076e-03	5.725847e-03	3.974000e-03	1.751848e-03
894           	2.825230e-01	1.439194e-01	1.386037e-01	1.371274e-02	-9.483412e-02	1.085469e-01	-1.016905e-01	2.657837e-03	1.144438e-03	5.637065e-03	3.962971e-03	1.674094e-03
895           	2.825320e-01	1.439192e-01	1.386127e-01	1.394360e-02	-9.466887e-02	1.086125e-01	-1.016407e-01	2.653253e-03	1.166460e-03	5.591697e-03	3.962308e-03	1.629389e-03
896           	2.825674e-01	1.439317e-01	1.386357e-01	1.413700e-02	-9.452657e-02	1.086636e-01	-1.015951e-01	2.648019e-03	1.184198e-03	5.588739e-03	3.978567e-03	1.610172e-03
897           	2.826166e-01	1.439508e-01	1.386658e-01	1.428861e-02	-9.441139e-02	1.087000e-01	-1.015557e-01	2.642507e-03	1.186664e-03	5.642148e-03	4.007738e-03	1.634411e-03
898           	2.826918e-01	1.439820e-01	1.387098e-01	1.439705e-02	-9.432217e-02	1.087192e-01	-1.015207e-01	2.636075e-03	1.181920e-03	5.742879e-03	4.053360e-03	1.689519e-03
899           	2.827821e-01	1.440206e-01	1.387616e-01	1.444858e-02	-9.427016e-02	1.087187e-01	-1.014945e-01	2.629491e-03	1.159885e-03	5.899228e-03	4.109499e-03	1.789729e-03
900           	2.828953e-01	1.440696e-01	1.388257e-01	1.444959e-02	-9.425131e-02	1.087009e-01	-1.014761e-01	2.621926e-03	1.130791e-03	6.095177e-03	4.178379e-03	1.916798e-03
901           	2.830180e-01	1.441232e-01	1.388948e-01	1.441033e-02	-9.426167e-02	1.086720e-01	-1.014668e-01	2.614165e-03	1.087990e-03	6.329912e-03	4.252946e-03	2.076966e-03
902           	2.831465e-01	1.441774e-01	1.389691e-01	1.435562e-02	-9.428286e-02	1.086385e-01	-1.014607e-01	2.604160e-03	1.042370e-03	6.578697e-03	4.331718e-03	2.246979e-03
903           	2.832687e-01	1.442276e-01	1.390412e-01	1.429404e-02	-9.431011e-02	1.086042e-01	-1.014571e-01	2.593196e-03	9.860353e-04	6.849706e-03	4.410888e-03	2.438817e-03
904           	2.833900e-01	1.442745e-01	1.391155e-01	1.424265e-02	-9.432936e-02	1.085720e-01	-1.014507e-01	2.579486e-03	9.301753e-04	7.118757e-03	4.489554e-03	2.629203e-03
905           	2.834950e-01	1.443115e-01	1.391835e-01	1.420131e-02	-9.434121e-02	1.085425e-01	-1.014419e-01	2.564022e-03	8.664332e-04	7.390158e-03	4.561512e-03	2.828646e-03
906           	2.835886e-01	1.443401e-01	1.392485e-01	1.417457e-02	-9.434068e-02	1.085152e-01	-1.014280e-01	2.545835e-03	8.050707e-04	7.648636e-03	4.629389e-03	3.019247e-03
907           	2.836592e-01	1.443564e-01	1.393028e-01	1.415448e-02	-9.433409e-02	1.084886e-01	-1.014113e-01	2.526842e-03	7.386256e-04	7.899168e-03	4.688210e-03	3.210959e-03
908           	2.837123e-01	1.443626e-01	1.393498e-01	1.414037e-02	-9.432137e-02	1.084617e-01	-1.013916e-01	2.506407e-03	6.769180e-04	8.128359e-03	4.741097e-03	3.387261e-03
909           	2.837385e-01	1.443557e-01	1.393828e-01	1.411814e-02	-9.431468e-02	1.084328e-01	-1.013737e-01	2.486430e-03	6.125326e-04	8.346993e-03	4.786029e-03	3.560964e-03
910           	2.837466e-01	1.443399e-01	1.394067e-01	1.408354e-02	-9.431710e-02	1.084006e-01	-1.013589e-01	2.466566e-03	5.551002e-04	8.545957e-03	4.828079e-03	3.717879e-03
911           	2.837279e-01	1.443130e-01	1.394149e-01	1.402130e-02	-9.434073e-02	1.083620e-01	-1.013514e-01	2.449026e-03	4.958520e-04	8.740202e-03	4.865953e-03	3.874249e-03
912           	2.836936e-01	1.442802e-01	1.394133e-01	1.392686e-02	-9.438871e-02	1.083156e-01	-1.013521e-01	2.433447e-03	4.432978e-04	8.923834e-03	4.905215e-03	4.018619e-03
913           	2.836377e-01	1.442405e-01	1.393972e-01	1.377962e-02	-9.447721e-02	1.082568e-01	-1.013670e-01	2.421620e-03	3.891531e-04	9.109458e-03	4.943882e-03	4.165576e-03
914           	2.835711e-01	1.441979e-01	1.393732e-01	1.357241e-02	-9.461241e-02	1.081848e-01	-1.013986e-01	2.412352e-03	3.424471e-04	9.287757e-03	4.986326e-03	4.301431e-03
915           	2.834852e-01	1.441496e-01	1.393357e-01	1.328210e-02	-9.481306e-02	1.080952e-01	-1.014541e-01	2.406960e-03	2.952752e-04	9.469657e-03	5.030104e-03	4.439554e-03
916           	2.833913e-01	1.440995e-01	1.392918e-01	1.290834e-02	-9.507959e-02	1.079879e-01	-1.015338e-01	2.403856e-03	2.574300e-04	9.641136e-03	5.077998e-03	4.563138e-03
917           	2.832810e-01	1.440449e-01	1.392361e-01	1.243477e-02	-9.542434e-02	1.078591e-01	-1.016417e-01	2.404389e-03	2.208774e-04	9.808811e-03	5.125283e-03	4.683528e-03
918           	2.831643e-01	1.439891e-01	1.391752e-01	1.186891e-02	-9.584062e-02	1.077095e-01	-1.017751e-01	2.406924e-03	1.950089e-04	9.957300e-03	5.173659e-03	4.783641e-03
919           	2.830298e-01	1.439278e-01	1.391020e-01	1.120012e-02	-9.633636e-02	1.075365e-01	-1.019364e-01	2.412907e-03	1.712268e-04	1.009445e-02	5.218452e-03	4.875999e-03
920           	2.828871e-01	1.438638e-01	1.390234e-01	1.044320e-02	-9.689978e-02	1.073430e-01	-1.021214e-01	2.420216e-03	1.592788e-04	1.020372e-02	5.261139e-03	4.942581e-03
921           	2.827250e-01	1.437929e-01	1.389321e-01	9.601495e-03	-9.752899e-02	1.071305e-01	-1.023297e-01	2.430426e-03	1.508146e-04	1.029261e-02	5.297120e-03	4.995491e-03
922           	2.825507e-01	1.437167e-01	1.388339e-01	8.707144e-03	-9.820033e-02	1.069075e-01	-1.025539e-01	2.441404e-03	1.550607e-04	1.034802e-02	5.329068e-03	5.018947e-03
923           	2.823526e-01	1.436306e-01	1.387220e-01	7.769689e-03	-9.890750e-02	1.066772e-01	-1.027923e-01	2.454325e-03	1.627920e-04	1.038252e-02	5.354054e-03	5.028470e-03
924           	2.821419e-01	1.435374e-01	1.386045e-01	6.821038e-03	-9.962663e-02	1.064477e-01	-1.030372e-01	2.466451e-03	1.832452e-04	1.038336e-02	5.374924e-03	5.008434e-03
925           	2.819091e-01	1.434328e-01	1.384763e-01	5.868043e-03	-1.003534e-01	1.062214e-01	-1.032874e-01	2.478286e-03	2.071320e-04	1.036173e-02	5.387996e-03	4.973732e-03
926           	2.816660e-01	1.433204e-01	1.383456e-01	4.933966e-03	-1.010700e-01	1.060039e-01	-1.035369e-01	2.487365e-03	2.429168e-04	1.030784e-02	5.396837e-03	4.911004e-03
927           	2.814046e-01	1.431960e-01	1.382086e-01	4.017016e-03	-1.017787e-01	1.057957e-01	-1.037872e-01	2.493691e-03	2.807945e-04	1.023569e-02	5.398641e-03	4.837052e-03
928           	2.811379e-01	1.430636e-01	1.380743e-01	3.125728e-03	-1.024722e-01	1.055979e-01	-1.040350e-01	2.494662e-03	3.278888e-04	1.013896e-02	5.397369e-03	4.741591e-03
929           	2.808605e-01	1.429211e-01	1.379395e-01	2.256834e-03	-1.031528e-01	1.054096e-01	-1.042812e-01	2.490816e-03	3.734645e-04	1.003617e-02	5.391547e-03	4.644619e-03
930           	2.805836e-01	1.427717e-01	1.378119e-01	1.368535e-03	-1.038500e-01	1.052186e-01	-1.045343e-01	2.479870e-03	4.249900e-04	9.925161e-03	5.387571e-03	4.537591e-03
931           	2.803068e-01	1.426181e-01	1.376887e-01	5.080390e-04	-1.045291e-01	1.050372e-01	-1.047831e-01	2.464726e-03	4.698498e-04	9.826749e-03	5.383224e-03	4.443525e-03
932           	2.800371e-01	1.424634e-01	1.375737e-01	-3.109134e-04	-1.051767e-01	1.048658e-01	-1.050212e-01	2.444860e-03	5.136906e-04	9.741721e-03	5.384551e-03	4.357170e-03
933           	2.797691e-01	1.423068e-01	1.374624e-01	-1.105326e-03	-1.058048e-01	1.046994e-01	-1.052521e-01	2.422191e-03	5.459960e-04	9.689137e-03	5.390565e-03	4.298573e-03
934           	2.795138e-01	1.421533e-01	1.373605e-01	-1.880516e-03	-1.064156e-01	1.045350e-01	-1.054753e-01	2.396402e-03	5.734713e-04	9.664879e-03	5.405911e-03	4.258968e-03
935           	2.792630e-01	1.420021e-01	1.372609e-01	-2.649962e-03	-1.070193e-01	1.043694e-01	-1.056944e-01	2.370594e-03	5.863242e-04	9.684919e-03	5.428784e-03	4.256135e-03
936           	2.790250e-01	1.418575e-01	1.371675e-01	-3.413724e-03	-1.076156e-01	1.042019e-01	-1.059087e-01	2.344974e-03	5.922968e-04	9.737922e-03	5.461258e-03	4.276664e-03
937           	2.787910e-01	1.417183e-01	1.370728e-01	-4.184752e-03	-1.082150e-01	1.040303e-01	-1.061227e-01	2.322754e-03	5.831445e-04	9.832252e-03	5.499270e-03	4.332981e-03
938           	2.785728e-01	1.415907e-01	1.369821e-01	-4.915463e-03	-1.087814e-01	1.038659e-01	-1.063237e-01	2.304325e-03	5.698208e-04	9.943875e-03	5.541758e-03	4.402117e-03
939           	2.783547e-01	1.414680e-01	1.368867e-01	-5.660528e-03	-1.093583e-01	1.036978e-01	-1.065280e-01	2.290645e-03	5.438456e-04	1.008127e-02	5.584482e-03	4.496791e-03
940           	2.781408e-01	1.413502e-01	1.367906e-01	-6.423747e-03	-1.099475e-01	1.035238e-01	-1.067357e-01	2.279800e-03	5.167423e-04	1.022354e-02	5.628511e-03	4.595026e-03
941           	2.779239e-01	1.412355e-01	1.366884e-01	-7.208311e-03	-1.105529e-01	1.033445e-01	-1.069487e-01	2.273532e-03	4.815653e-04	1.037600e-02	5.669565e-03	4.706434e-03
942           	2.777088e-01	1.411245e-01	1.365843e-01	-7.988898e-03	-1.111556e-01	1.031667e-01	-1.071612e-01	2.270109e-03	4.487210e-04	1.051859e-02	5.708018e-03	4.810576e-03
943           	2.774837e-01	1.410131e-01	1.364706e-01	-8.758358e-03	-1.117525e-01	1.029942e-01	-1.073733e-01	2.271258e-03	4.120113e-04	1.065614e-02	5.740081e-03	4.916059e-03
944           	2.772512e-01	1.409016e-01	1.363496e-01	-9.491281e-03	-1.123239e-01	1.028327e-01	-1.075783e-01	2.276032e-03	3.820334e-04	1.076948e-02	5.766772e-03	5.002706e-03
945           	2.770043e-01	1.407881e-01	1.362162e-01	-1.018960e-02	-1.128723e-01	1.026827e-01	-1.077775e-01	2.285966e-03	3.528437e-04	1.086394e-02	5.784816e-03	5.079128e-03
946           	2.767506e-01	1.406744e-01	1.360763e-01	-1.084308e-02	-1.133886e-01	1.025455e-01	-1.079670e-01	2.299044e-03	3.351041e-04	1.092148e-02	5.795843e-03	5.125635e-03
947           	2.764836e-01	1.405571e-01	1.359265e-01	-1.145729e-02	-1.138760e-01	1.024187e-01	-1.081473e-01	2.315287e-03	3.219847e-04	1.094652e-02	5.795247e-03	5.151277e-03
948           	2.762134e-01	1.404384e-01	1.357749e-01	-1.202539e-02	-1.143271e-01	1.023017e-01	-1.083144e-01	2.331768e-03	3.234301e-04	1.092337e-02	5.785113e-03	5.138252e-03
949           	2.759350e-01	1.403157e-01	1.356193e-01	-1.255480e-02	-1.147470e-01	1.021922e-01	-1.084696e-01	2.348202e-03	3.321066e-04	1.085856e-02	5.761388e-03	5.097175e-03
950           	2.756601e-01	1.401916e-01	1.354685e-01	-1.303415e-02	-1.151256e-01	1.020914e-01	-1.086085e-01	2.361572e-03	3.570216e-04	1.074113e-02	5.727585e-03	5.013542e-03
951           	2.753848e-01	1.400642e-01	1.353206e-01	-1.345928e-02	-1.154609e-01	1.020016e-01	-1.087312e-01	2.371791e-03	3.889961e-04	1.058700e-02	5.682497e-03	4.904505e-03
952           	2.751246e-01	1.399387e-01	1.351859e-01	-1.381122e-02	-1.157383e-01	1.019270e-01	-1.088326e-01	2.376402e-03	4.353493e-04	1.039290e-02	5.631797e-03	4.761099e-03
953           	2.748774e-01	1.398149e-01	1.350625e-01	-1.408389e-02	-1.159540e-01	1.018701e-01	-1.089121e-01	2.376184e-03	4.854159e-04	1.017913e-02	5.574982e-03	4.604150e-03
954           	2.746620e-01	1.397012e-01	1.349607e-01	-1.426500e-02	-1.160974e-01	1.018324e-01	-1.089649e-01	2.370251e-03	5.451344e-04	9.948581e-03	5.519425e-03	4.429156e-03
955           	2.744760e-01	1.395986e-01	1.348775e-01	-1.435629e-02	-1.161699e-01	1.018136e-01	-1.089917e-01	2.360556e-03	6.024513e-04	9.727927e-03	5.466415e-03	4.261512e-03
956           	2.743346e-01	1.395137e-01	1.348209e-01	-1.435385e-02	-1.161669e-01	1.018130e-01	-1.089900e-01	2.346393e-03	6.620835e-04	9.524160e-03	5.424163e-03	4.099996e-03
957           	2.742331e-01	1.394453e-01	1.347878e-01	-1.427067e-02	-1.160986e-01	1.018279e-01	-1.089633e-01	2.328737e-03	7.109952e-04	9.366073e-03	5.394032e-03	3.972041e-03
958           	2.741868e-01	1.393991e-01	1.347877e-01	-1.411352e-02	-1.159688e-01	1.018552e-01	-1.089120e-01	2.305693e-03	7.528419e-04	9.262267e-03	5.383975e-03	3.878292e-03
959           	2.741915e-01	1.393731e-01	1.348184e-01	-1.390150e-02	-1.157923e-01	1.018908e-01	-1.088415e-01	2.277322e-03	7.737672e-04	9.240845e-03	5.394190e-03	3.846655e-03
960           	2.742615e-01	1.393714e-01	1.348902e-01	-1.364018e-02	-1.155725e-01	1.019323e-01	-1.087524e-01	2.240596e-03	7.778094e-04	9.302619e-03	5.429119e-03	3.873500e-03
961           	2.743892e-01	1.393892e-01	1.350000e-01	-1.333726e-02	-1.153172e-01	1.019799e-01	-1.086486e-01	2.194591e-03	7.527525e-04	9.460888e-03	5.483197e-03	3.977692e-03
962           	2.745810e-01	1.394265e-01	1.351546e-01	-1.297924e-02	-1.150171e-01	1.020379e-01	-1.085275e-01	2.135948e-03	7.066087e-04	9.696129e-03	5.554673e-03	4.141456e-03
963           	2.748188e-01	1.394742e-01	1.353446e-01	-1.255805e-02	-1.146694e-01	1.021113e-01	-1.083904e-01	2.064767e-03	6.334714e-04	9.996782e-03	5.631862e-03	4.364919e-03
964           	2.751008e-01	1.395298e-01	1.355710e-01	-1.205248e-02	-1.142586e-01	1.022061e-01	-1.082323e-01	1.979390e-03	5.485884e-04	1.032150e-02	5.709338e-03	4.612161e-03
965           	2.754014e-01	1.395836e-01	1.358178e-01	-1.146931e-02	-1.137913e-01	1.023220e-01	-1.080567e-01	1.882856e-03	4.503376e-04	1.064933e-02	5.775000e-03	4.874325e-03
966           	2.757148e-01	1.396333e-01	1.360815e-01	-1.080710e-02	-1.132655e-01	1.024584e-01	-1.078619e-01	1.775910e-03	3.560392e-04	1.093786e-02	5.824969e-03	5.112890e-03
967           	2.760241e-01	1.396757e-01	1.363484e-01	-1.008945e-02	-1.126996e-01	1.026101e-01	-1.076549e-01	1.663615e-03	2.634169e-04	1.117603e-02	5.851431e-03	5.324597e-03
968           	2.763348e-01	1.397158e-01	1.366190e-01	-9.326905e-03	-1.121002e-01	1.027733e-01	-1.074368e-01	1.548398e-03	1.878530e-04	1.133613e-02	5.855917e-03	5.480211e-03
969           	2.766371e-01	1.397548e-01	1.368823e-01	-8.541789e-03	-1.114855e-01	1.029437e-01	-1.072146e-01	1.436258e-03	1.238902e-04	1.142104e-02	5.834409e-03	5.586628e-03
970           	2.769428e-01	1.397948e-01	1.371480e-01	-7.672177e-03	-1.108099e-01	1.031377e-01	-1.069738e-01	1.323397e-03	8.207077e-05	1.140379e-02	5.783967e-03	5.619826e-03
971           	2.772512e-01	1.398458e-01	1.374054e-01	-6.786185e-03	-1.101210e-01	1.033348e-01	-1.067279e-01	1.220234e-03	5.824201e-05	1.129529e-02	5.705886e-03	5.589402e-03
972           	2.775786e-01	1.399150e-01	1.376636e-01	-5.860271e-03	-1.094007e-01	1.035404e-01	-1.064705e-01	1.125679e-03	6.400590e-05	1.107124e-02	5.599625e-03	5.471613e-03
973           	2.779170e-01	1.399996e-01	1.379173e-01	-4.884525e-03	-1.086412e-01	1.037566e-01	-1.061989e-01	1.041144e-03	9.251726e-05	1.073498e-02	5.460007e-03	5.274973e-03
974           	2.782762e-01	1.401033e-01	1.381729e-01	-3.837658e-03	-1.078233e-01	1.039857e-01	-1.059045e-01	9.652044e-04	1.526145e-04	1.028050e-02	5.292866e-03	4.987637e-03
975           	2.786511e-01	1.402250e-01	1.384261e-01	-2.727318e-03	-1.069522e-01	1.042249e-01	-1.055885e-01	8.994458e-04	2.340308e-04	9.732404e-03	5.100233e-03	4.632171e-03
976           	2.790664e-01	1.403759e-01	1.386905e-01	-1.577500e-03	-1.060418e-01	1.044643e-01	-1.052530e-01	8.426717e-04	3.453661e-04	9.094606e-03	4.892669e-03	4.201937e-03
977           	2.795169e-01	1.405547e-01	1.389621e-01	-4.038092e-04	-1.051044e-01	1.047006e-01	-1.049025e-01	7.962882e-04	4.738433e-04	8.398970e-03	4.673328e-03	3.725642e-03
978           	2.800258e-01	1.407708e-01	1.392549e-01	7.891567e-04	-1.041435e-01	1.049327e-01	-1.045381e-01	7.579344e-04	6.226927e-04	7.658411e-03	4.451898e-03	3.206513e-03
979           	2.805709e-01	1.410122e-01	1.395587e-01	1.961802e-03	-1.031907e-01	1.051525e-01	-1.041716e-01	7.267499e-04	7.749138e-04	6.921756e-03	4.235792e-03	2.685964e-03
980           	2.811585e-01	1.412795e-01	1.398790e-01	3.114578e-03	-1.022473e-01	1.053619e-01	-1.038046e-01	7.002897e-04	9.332372e-04	6.199838e-03	4.033156e-03	2.166682e-03
981           	2.817695e-01	1.415631e-01	1.402064e-01	4.243657e-03	-1.013216e-01	1.055653e-01	-1.034434e-01	6.783828e-04	1.081045e-03	5.526295e-03	3.844192e-03	1.682103e-03
982           	2.823960e-01	1.418563e-01	1.405397e-01	5.378161e-03	-1.003946e-01	1.057728e-01	-1.030837e-01	6.583253e-04	1.223416e-03	4.901764e-03	3.674298e-03	1.227466e-03
983           	2.830092e-01	1.421443e-01	1.408648e-01	6.532248e-03	-9.946177e-02	1.059940e-01	-1.027279e-01	6.397355e-04	1.346935e-03	4.344523e-03	3.519196e-03	8.253268e-04
984           	2.835960e-01	1.424181e-01	1.411779e-01	7.729679e-03	-9.850650e-02	1.062362e-01	-1.023713e-01	6.201140e-04	1.460732e-03	3.840271e-03	3.380867e-03	4.594034e-04
985           	2.841249e-01	1.426629e-01	1.414619e-01	8.956289e-03	-9.754299e-02	1.064993e-01	-1.020211e-01	6.004947e-04	1.554383e-03	3.401973e-03	3.255370e-03	1.466032e-04
986           	2.845879e-01	1.428736e-01	1.417143e-01	1.020555e-02	-9.657462e-02	1.067802e-01	-1.016774e-01	5.796640e-04	1.638001e-03	3.016522e-03	3.146262e-03	-1.297401e-04
987           	2.849643e-01	1.430415e-01	1.419228e-01	1.143182e-02	-9.563719e-02	1.070690e-01	-1.013531e-01	5.593244e-04	1.701016e-03	2.700751e-03	3.051391e-03	-3.506406e-04
988           	2.852633e-01	1.431720e-01	1.420913e-01	1.261844e-02	-9.473820e-02	1.073566e-01	-1.010474e-01	5.403277e-04	1.751232e-03	2.451203e-03	2.976834e-03	-5.256301e-04
989           	2.854717e-01	1.432591e-01	1.422126e-01	1.369868e-02	-9.392922e-02	1.076279e-01	-1.007786e-01	5.232702e-04	1.779767e-03	2.283018e-03	2.921276e-03	-6.382581e-04
990           	2.856043e-01	1.433099e-01	1.422944e-01	1.459946e-02	-9.326032e-02	1.078598e-01	-1.005601e-01	5.077364e-04	1.795041e-03	2.187046e-03	2.888564e-03	-7.015183e-04
991           	2.856729e-01	1.433313e-01	1.423416e-01	1.536500e-02	-9.269987e-02	1.080649e-01	-1.003824e-01	4.948339e-04	1.787844e-03	2.171412e-03	2.873550e-03	-7.021383e-04
992           	2.856936e-01	1.433301e-01	1.423635e-01	1.600300e-02	-9.223742e-02	1.082404e-01	-1.002389e-01	4.833232e-04	1.767450e-03	2.220641e-03	2.877771e-03	-6.571300e-04
993           	2.856745e-01	1.433123e-01	1.423622e-01	1.649829e-02	-9.188349e-02	1.083818e-01	-1.001326e-01	4.750388e-04	1.727186e-03	2.335037e-03	2.894704e-03	-5.596670e-04
994           	2.856409e-01	1.432899e-01	1.423510e-01	1.686074e-02	-9.162671e-02	1.084875e-01	-1.000571e-01	4.694584e-04	1.679179e-03	2.487457e-03	2.922907e-03	-4.354503e-04
995           	2.855985e-01	1.432676e-01	1.423309e-01	1.709491e-02	-9.146390e-02	1.085588e-01	-1.000114e-01	4.683564e-04	1.619102e-03	2.669160e-03	2.953682e-03	-2.845221e-04
996           	2.855694e-01	1.432560e-01	1.423134e-01	1.723193e-02	-9.136913e-02	1.086011e-01	-9.998509e-02	4.713010e-04	1.560960e-03	2.845392e-03	2.983656e-03	-1.382646e-04
997           	2.855542e-01	1.432570e-01	1.422972e-01	1.728890e-02	-9.133076e-02	1.086197e-01	-9.997521e-02	4.798540e-04	1.501161e-03	3.003452e-03	3.002887e-03	5.643523e-07
998           	2.855709e-01	1.432785e-01	1.422924e-01	1.729086e-02	-9.132820e-02	1.086191e-01	-9.997363e-02	4.930962e-04	1.453585e-03	3.108614e-03	3.007892e-03	1.007214e-04
999           	2.856166e-01	1.433204e-01	1.422963e-01	1.723823e-02	-9.136295e-02	1.086012e-01	-9.998206e-02	5.120350e-04	1.415521e-03	3.148090e-03	2.989566e-03	1.585239e-04
1000          	2.857045e-01	1.433876e-01	1.423169e-01	1.712853e-02	-9.143560e-02	1.085641e-01	-9.999986e-02	5.353809e-04	1.401965e-03	3.088348e-03	2.946140e-03	1.422086e-04
