# Force and moment coefficients
# dragDir     : (1.000000e+00 0.000000e+00 0.000000e+00)
# sideDir     : (0.000000e+00 1.000000e+00 0.000000e+00)
# liftDir     : (0.000000e+00 0.000000e+00 1.000000e+00)
# rollAxis    : (1.000000e+00 0.000000e+00 0.000000e+00)
# pitchAxis   : (0.000000e+00 1.000000e+00 0.000000e+00)
# yawAxis     : (0.000000e+00 0.000000e+00 1.000000e+00)
# magUInf     : 1.667000e+01
# lRef        : 3.638000e+00
# Aref        : 2.266000e+00
# CofR        : (3.638000e+00 0.000000e+00 5.000000e-01)
#
# Time        	Cd            	Cd(f)         	Cd(r)         	Cl            	Cl(f)         	Cl(r)         	CmPitch       	CmRoll        	CmYaw         	Cs            	Cs(f)         	Cs(r)         
1             	4.030736e+00	2.014725e+00	2.016010e+00	-1.450810e+00	-1.317373e+00	-1.334366e-01	-5.919681e-01	-6.425413e-04	2.585284e-03	-1.281948e-03	1.944310e-03	-3.226258e-03
2             	1.975896e+00	9.874079e-01	9.884877e-01	-6.440435e-01	-6.852187e-01	4.117517e-02	-3.631969e-01	-5.399025e-04	6.069796e-04	2.879164e-04	7.509378e-04	-4.630214e-04
3             	9.655077e-01	4.833329e-01	4.821748e-01	-4.188553e-01	-5.198638e-01	1.010085e-01	-3.104361e-01	5.790787e-04	-1.797759e-03	5.912676e-03	1.158579e-03	4.754097e-03
4             	5.131587e-01	2.572502e-01	2.559085e-01	-2.561430e-01	-3.562462e-01	1.001032e-01	-2.281747e-01	6.708234e-04	-1.801705e-03	8.308556e-03	2.352573e-03	5.955983e-03
5             	3.406781e-01	1.706880e-01	1.699901e-01	-2.025231e-01	-2.992626e-01	9.673953e-02	-1.980011e-01	3.489399e-04	-3.682616e-03	1.328911e-02	2.961937e-03	1.032717e-02
6             	2.799400e-01	1.401782e-01	1.397619e-01	-1.775910e-01	-2.714667e-01	9.387572e-02	-1.826712e-01	2.081466e-04	-4.800492e-03	1.723852e-02	3.818770e-03	1.341975e-02
7             	2.659009e-01	1.332097e-01	1.326912e-01	-1.647916e-01	-2.589285e-01	9.413695e-02	-1.765327e-01	2.592123e-04	-5.963765e-03	2.140637e-02	4.739420e-03	1.666695e-02
8             	2.674121e-01	1.341672e-01	1.332449e-01	-1.545182e-01	-2.516450e-01	9.712685e-02	-1.743859e-01	4.611348e-04	-7.046024e-03	2.522393e-02	5.565939e-03	1.965799e-02
9             	2.775179e-01	1.394033e-01	1.381147e-01	-1.479993e-01	-2.473551e-01	9.935577e-02	-1.733554e-01	6.443040e-04	-7.845807e-03	2.848682e-02	6.397605e-03	2.208922e-02
10            	2.897587e-01	1.456291e-01	1.441297e-01	-1.433229e-01	-2.440308e-01	1.007080e-01	-1.723694e-01	7.497095e-04	-8.495814e-03	3.117645e-02	7.092409e-03	2.408404e-02
11            	3.020964e-01	1.517350e-01	1.503614e-01	-1.387976e-01	-2.399862e-01	1.011886e-01	-1.705874e-01	6.867538e-04	-8.726763e-03	3.225658e-02	7.401525e-03	2.485505e-02
12            	3.121805e-01	1.564890e-01	1.556915e-01	-1.334479e-01	-2.345964e-01	1.011484e-01	-1.678724e-01	3.987418e-04	-8.540005e-03	3.125069e-02	7.085341e-03	2.416535e-02
13            	3.203216e-01	1.600659e-01	1.602556e-01	-1.274329e-01	-2.284385e-01	1.010055e-01	-1.647220e-01	-9.483547e-05	-7.750732e-03	2.763403e-02	6.066282e-03	2.156775e-02
14            	3.254184e-01	1.620434e-01	1.633750e-01	-1.205407e-01	-2.221271e-01	1.015864e-01	-1.618567e-01	-6.658287e-04	-6.384310e-03	2.183288e-02	4.532131e-03	1.730075e-02
15            	3.279498e-01	1.627955e-01	1.651543e-01	-1.123232e-01	-2.159327e-01	1.036096e-01	-1.597711e-01	-1.179383e-03	-4.454269e-03	1.452343e-02	2.807447e-03	1.171599e-02
16            	3.286683e-01	1.628077e-01	1.658606e-01	-1.038295e-01	-2.103762e-01	1.065467e-01	-1.584614e-01	-1.526433e-03	-2.253253e-03	6.751735e-03	1.122614e-03	5.629121e-03
17            	3.277464e-01	1.621938e-01	1.655526e-01	-9.555743e-02	-2.057718e-01	1.102144e-01	-1.579931e-01	-1.679423e-03	-1.806915e-04	-2.181679e-04	-2.897754e-04	7.160753e-05
18            	3.255788e-01	1.611313e-01	1.644474e-01	-8.679874e-02	-2.016657e-01	1.148669e-01	-1.582663e-01	-1.658027e-03	1.545534e-03	-5.631813e-03	-1.270373e-03	-4.361440e-03
19            	3.220772e-01	1.595848e-01	1.624924e-01	-7.758499e-02	-1.975710e-01	1.199860e-01	-1.587785e-01	-1.453825e-03	2.974608e-03	-9.542348e-03	-1.796566e-03	-7.745782e-03
20            	3.176981e-01	1.576794e-01	1.600187e-01	-6.806885e-02	-1.929653e-01	1.248964e-01	-1.589308e-01	-1.169689e-03	4.145781e-03	-1.221391e-02	-1.961175e-03	-1.025274e-02
21            	3.130923e-01	1.556584e-01	1.574339e-01	-6.019156e-02	-1.883952e-01	1.282036e-01	-1.582994e-01	-8.877310e-04	5.128231e-03	-1.404115e-02	-1.892343e-03	-1.214880e-02
22            	3.082096e-01	1.535805e-01	1.546291e-01	-5.501340e-02	-1.842857e-01	1.292723e-01	-1.567790e-01	-5.242644e-04	5.963082e-03	-1.524768e-02	-1.660758e-03	-1.358692e-02
23            	3.038399e-01	1.518129e-01	1.520271e-01	-5.122385e-02	-1.790614e-01	1.278375e-01	-1.534495e-01	-1.070894e-04	6.656606e-03	-1.607305e-02	-1.379917e-03	-1.469313e-02
24            	3.014546e-01	1.509785e-01	1.504761e-01	-4.721315e-02	-1.709493e-01	1.237362e-01	-1.473427e-01	2.511875e-04	7.185382e-03	-1.654572e-02	-1.087479e-03	-1.545824e-02
25            	3.006404e-01	1.507767e-01	1.498637e-01	-4.291885e-02	-1.610684e-01	1.181496e-01	-1.396090e-01	4.564996e-04	7.256433e-03	-1.622888e-02	-8.580069e-04	-1.537087e-02
26            	3.000205e-01	1.505289e-01	1.494916e-01	-3.795524e-02	-1.505539e-01	1.125986e-01	-1.315763e-01	5.186483e-04	7.100256e-03	-1.553934e-02	-6.694119e-04	-1.486992e-02
27            	2.989827e-01	1.498601e-01	1.491227e-01	-3.427579e-02	-1.424696e-01	1.081938e-01	-1.253317e-01	3.686894e-04	6.757888e-03	-1.475314e-02	-6.186803e-04	-1.413446e-02
28            	2.979221e-01	1.491271e-01	1.487950e-01	-3.377174e-02	-1.395272e-01	1.057554e-01	-1.226413e-01	1.660116e-04	6.304505e-03	-1.384793e-02	-6.194611e-04	-1.322847e-02
29            	2.971458e-01	1.486100e-01	1.485358e-01	-3.719430e-02	-1.425316e-01	1.053373e-01	-1.239344e-01	3.710547e-05	5.480849e-03	-1.213118e-02	-5.847396e-04	-1.154644e-02
30            	2.969905e-01	1.484490e-01	1.485415e-01	-4.433971e-02	-1.510630e-01	1.067233e-01	-1.288931e-01	-4.627512e-05	4.294125e-03	-9.512767e-03	-4.622581e-04	-9.050509e-03
31            	2.974827e-01	1.486223e-01	1.488604e-01	-5.639069e-02	-1.664261e-01	1.100354e-01	-1.382308e-01	-1.190449e-04	2.937008e-03	-6.430360e-03	-2.781722e-04	-6.152188e-03
32            	2.984468e-01	1.491197e-01	1.493271e-01	-7.021030e-02	-1.848775e-01	1.146672e-01	-1.497723e-01	-1.037161e-04	1.743937e-03	-3.503382e-03	-7.753759e-06	-3.495629e-03
33            	2.997760e-01	1.498469e-01	1.499291e-01	-8.357496e-02	-2.028110e-01	1.192361e-01	-1.610236e-01	-4.111076e-05	8.259596e-04	-1.179244e-03	2.363376e-04	-1.415581e-03
34            	3.008657e-01	1.504384e-01	1.504273e-01	-9.241508e-02	-2.152440e-01	1.228289e-01	-1.690364e-01	5.540142e-06	2.436190e-04	2.718938e-04	3.795659e-04	-1.076721e-04
35            	3.014974e-01	1.507710e-01	1.507264e-01	-9.499079e-02	-2.199901e-01	1.249993e-01	-1.724947e-01	2.228273e-05	3.451777e-05	7.182745e-04	3.936550e-04	3.246195e-04
36            	3.017823e-01	1.509447e-01	1.508375e-01	-9.194210e-02	-2.176218e-01	1.256797e-01	-1.716508e-01	5.359269e-05	-1.779147e-04	7.543727e-04	1.992716e-04	5.551011e-04
37            	3.022623e-01	1.512913e-01	1.509710e-01	-8.538553e-02	-2.100278e-01	1.246423e-01	-1.673351e-01	1.601792e-04	-3.599958e-04	3.039042e-04	-2.080436e-04	5.119479e-04
38            	3.026678e-01	1.516602e-01	1.510076e-01	-7.848045e-02	-2.005012e-01	1.220208e-01	-1.612610e-01	3.263450e-04	-4.636907e-04	-3.922222e-04	-6.598018e-04	2.675795e-04
39            	3.026092e-01	1.517507e-01	1.508585e-01	-7.483581e-02	-1.934622e-01	1.186264e-01	-1.560443e-01	4.461327e-04	-5.691951e-04	-6.233415e-04	-8.808659e-04	2.575244e-04
40            	3.020738e-01	1.514944e-01	1.505794e-01	-7.495483e-02	-1.897180e-01	1.147632e-01	-1.522406e-01	4.574932e-04	-6.941112e-04	-1.252530e-04	-7.567377e-04	6.314847e-04
41            	3.012253e-01	1.509365e-01	1.502888e-01	-7.901901e-02	-1.902116e-01	1.111926e-01	-1.507021e-01	3.238312e-04	-9.377187e-04	1.230872e-03	-3.222829e-04	1.553155e-03
42            	3.001614e-01	1.501241e-01	1.500374e-01	-8.582606e-02	-1.942007e-01	1.083746e-01	-1.512876e-01	4.334616e-05	-1.367735e-03	3.363920e-03	3.142245e-04	3.049695e-03
43            	2.991119e-01	1.492158e-01	1.498961e-01	-9.347204e-02	-2.000157e-01	1.065436e-01	-1.532797e-01	-3.401675e-04	-1.959445e-03	6.022866e-03	1.051989e-03	4.970878e-03
44            	2.982240e-01	1.483560e-01	1.498679e-01	-1.000532e-01	-2.058217e-01	1.057684e-01	-1.557950e-01	-7.559387e-04	-2.549582e-03	8.688738e-03	1.794787e-03	6.893951e-03
45            	2.976130e-01	1.476636e-01	1.499495e-01	-1.045368e-01	-2.104102e-01	1.058734e-01	-1.581418e-01	-1.142949e-03	-2.987339e-03	1.083874e-02	2.432032e-03	8.406709e-03
46            	2.973392e-01	1.472167e-01	1.501225e-01	-1.065068e-01	-2.131013e-01	1.065945e-01	-1.598479e-01	-1.452904e-03	-3.158530e-03	1.206803e-02	2.875486e-03	9.192545e-03
47            	2.973698e-01	1.470434e-01	1.503264e-01	-1.055928e-01	-2.133394e-01	1.077465e-01	-1.605429e-01	-1.641502e-03	-2.937528e-03	1.198435e-02	3.054648e-03	8.929703e-03
48            	2.975429e-01	1.470897e-01	1.504532e-01	-1.021841e-01	-2.112901e-01	1.091060e-01	-1.601980e-01	-1.681715e-03	-2.261946e-03	1.040831e-02	2.942211e-03	7.466103e-03
49            	2.977233e-01	1.472554e-01	1.504679e-01	-9.772134e-02	-2.081204e-01	1.103991e-01	-1.592597e-01	-1.606244e-03	-1.206890e-03	7.586155e-03	2.586187e-03	4.999968e-03
50            	2.977867e-01	1.474234e-01	1.503633e-01	-9.352159e-02	-2.050331e-01	1.115116e-01	-1.582724e-01	-1.469947e-03	7.507454e-05	3.987570e-03	2.068860e-03	1.918710e-03
51            	2.977463e-01	1.475565e-01	1.501899e-01	-9.085900e-02	-2.031611e-01	1.123021e-01	-1.577316e-01	-1.316698e-03	1.378446e-03	2.247472e-04	1.490819e-03	-1.266072e-03
52            	2.975147e-01	1.476019e-01	1.499128e-01	-9.028113e-02	-2.029682e-01	1.126871e-01	-1.578277e-01	-1.155434e-03	2.493192e-03	-3.119581e-03	9.334012e-04	-4.052982e-03
53            	2.971368e-01	1.476116e-01	1.495251e-01	-9.178042e-02	-2.043784e-01	1.125979e-01	-1.584882e-01	-9.567266e-04	3.348352e-03	-5.770331e-03	4.631868e-04	-6.233518e-03
54            	2.966827e-01	1.476192e-01	1.490635e-01	-9.514728e-02	-2.071666e-01	1.120194e-01	-1.595930e-01	-7.221503e-04	3.913253e-03	-7.570248e-03	1.281288e-04	-7.698377e-03
55            	2.962733e-01	1.476747e-01	1.485986e-01	-9.988179e-02	-2.108603e-01	1.109785e-01	-1.609194e-01	-4.619708e-04	4.193826e-03	-8.455733e-03	-3.404057e-05	-8.421692e-03
56            	2.958871e-01	1.477513e-01	1.481358e-01	-1.047923e-01	-2.144746e-01	1.096823e-01	-1.620785e-01	-1.922381e-04	4.336193e-03	-8.788628e-03	-5.812120e-05	-8.730507e-03
57            	2.955989e-01	1.478694e-01	1.477295e-01	-1.094634e-01	-2.177188e-01	1.082554e-01	-1.629871e-01	6.996186e-05	4.465602e-03	-8.972604e-03	-2.069981e-05	-8.951904e-03
58            	2.953598e-01	1.479772e-01	1.473826e-01	-1.136969e-01	-2.205549e-01	1.068580e-01	-1.637065e-01	2.972991e-04	4.671749e-03	-9.314551e-03	1.447380e-05	-9.329025e-03
59            	2.951626e-01	1.480505e-01	1.471121e-01	-1.177109e-01	-2.232409e-01	1.055300e-01	-1.643854e-01	4.692022e-04	4.931301e-03	-9.807552e-03	2.752481e-05	-9.835076e-03
60            	2.949333e-01	1.480345e-01	1.468989e-01	-1.214131e-01	-2.257716e-01	1.043585e-01	-1.650650e-01	5.677910e-04	5.210911e-03	-1.037379e-02	2.401437e-05	-1.039781e-02
61            	2.946087e-01	1.479057e-01	1.467030e-01	-1.248790e-01	-2.282145e-01	1.033355e-01	-1.657750e-01	6.013172e-04	5.455834e-03	-1.083923e-02	3.622012e-05	-1.087545e-02
62            	2.941082e-01	1.476347e-01	1.464734e-01	-1.279201e-01	-2.304389e-01	1.025187e-01	-1.664788e-01	5.806364e-04	5.590005e-03	-1.102029e-02	7.985894e-05	-1.110015e-02
63            	2.934806e-01	1.472735e-01	1.462070e-01	-1.303556e-01	-2.322940e-01	1.019384e-01	-1.671162e-01	5.332463e-04	5.582900e-03	-1.088031e-02	1.427430e-04	-1.102306e-02
64            	2.927676e-01	1.468657e-01	1.459018e-01	-1.320405e-01	-2.336477e-01	1.016071e-01	-1.676274e-01	4.819704e-04	5.428881e-03	-1.045038e-02	2.036889e-04	-1.065407e-02
65            	2.920270e-01	1.464603e-01	1.455667e-01	-1.329206e-01	-2.344268e-01	1.015062e-01	-1.679665e-01	4.468044e-04	5.174103e-03	-9.870837e-03	2.386848e-04	-1.010952e-02
66            	2.913254e-01	1.461172e-01	1.452082e-01	-1.329708e-01	-2.345844e-01	1.016136e-01	-1.680990e-01	4.544916e-04	4.911786e-03	-9.365100e-03	2.292358e-04	-9.594335e-03
67            	2.907339e-01	1.458871e-01	1.448468e-01	-1.322656e-01	-2.341464e-01	1.018809e-01	-1.680136e-01	5.201387e-04	4.737429e-03	-9.151349e-03	1.617543e-04	-9.313103e-03
68            	2.903064e-01	1.457864e-01	1.445200e-01	-1.310444e-01	-2.332700e-01	1.022256e-01	-1.677478e-01	6.331935e-04	4.681556e-03	-9.294082e-03	3.451542e-05	-9.328597e-03
69            	2.900672e-01	1.458087e-01	1.442584e-01	-1.297108e-01	-2.322508e-01	1.025399e-01	-1.673953e-01	7.751497e-04	4.767444e-03	-9.831201e-03	-1.481561e-04	-9.683045e-03
70            	2.900088e-01	1.459319e-01	1.440768e-01	-1.287095e-01	-2.314260e-01	1.027165e-01	-1.670712e-01	9.275698e-04	5.015281e-03	-1.078582e-02	-3.776267e-04	-1.040819e-02
71            	2.901392e-01	1.461432e-01	1.439960e-01	-1.284299e-01	-2.310953e-01	1.026655e-01	-1.668804e-01	1.073582e-03	5.443261e-03	-1.211340e-02	-6.134402e-04	-1.149996e-02
72            	2.903999e-01	1.463981e-01	1.440018e-01	-1.291418e-01	-2.314825e-01	1.023407e-01	-1.669116e-01	1.198184e-03	6.024244e-03	-1.367141e-02	-8.114621e-04	-1.285995e-02
73            	2.907369e-01	1.466519e-01	1.440850e-01	-1.310292e-01	-2.327549e-01	1.017257e-01	-1.672403e-01	1.283473e-03	6.689133e-03	-1.525890e-02	-9.403171e-04	-1.431858e-02
74            	2.911069e-01	1.468702e-01	1.442366e-01	-1.341230e-01	-2.349650e-01	1.008420e-01	-1.679035e-01	1.316795e-03	7.352979e-03	-1.664435e-02	-9.691952e-04	-1.567515e-02
75            	2.914559e-01	1.470121e-01	1.444438e-01	-1.382418e-01	-2.380023e-01	9.976052e-02	-1.688814e-01	1.284146e-03	7.902879e-03	-1.755977e-02	-8.770067e-04	-1.668277e-02
76            	2.917014e-01	1.470375e-01	1.446639e-01	-1.430239e-01	-2.416073e-01	9.858335e-02	-1.700953e-01	1.186834e-03	8.276242e-03	-1.789041e-02	-6.689637e-04	-1.722145e-02
77            	2.918156e-01	1.469441e-01	1.448716e-01	-1.481174e-01	-2.455201e-01	9.740275e-02	-1.714614e-01	1.036260e-03	8.452612e-03	-1.765449e-02	-3.746357e-04	-1.727986e-02
78            	2.917713e-01	1.467466e-01	1.450247e-01	-1.531561e-01	-2.494657e-01	9.630959e-02	-1.728876e-01	8.609410e-04	8.450248e-03	-1.700935e-02	-5.442671e-05	-1.695492e-02
79            	2.915900e-01	1.464864e-01	1.451036e-01	-1.577974e-01	-2.531726e-01	9.537520e-02	-1.742739e-01	6.914040e-04	8.337198e-03	-1.618662e-02	2.438907e-04	-1.643051e-02
80            	2.912914e-01	1.462086e-01	1.450827e-01	-1.616882e-01	-2.563483e-01	9.466010e-02	-1.755042e-01	5.629423e-04	8.190456e-03	-1.543823e-02	4.713387e-04	-1.590957e-02
81            	2.909191e-01	1.459653e-01	1.449538e-01	-1.645847e-01	-2.587783e-01	9.419356e-02	-1.764859e-01	5.057534e-04	8.105127e-03	-1.502100e-02	5.946250e-04	-1.561563e-02
82            	2.905444e-01	1.458061e-01	1.447383e-01	-1.664184e-01	-2.603824e-01	9.396398e-02	-1.771732e-01	5.339337e-04	8.149378e-03	-1.511270e-02	5.930280e-04	-1.570573e-02
83            	2.902668e-01	1.457815e-01	1.444853e-01	-1.672757e-01	-2.612000e-01	9.392429e-02	-1.775621e-01	6.481033e-04	8.357034e-03	-1.581073e-02	4.516679e-04	-1.626240e-02
84            	2.901175e-01	1.458989e-01	1.442186e-01	-1.673096e-01	-2.613325e-01	9.402286e-02	-1.776777e-01	8.401331e-04	8.744090e-03	-1.713655e-02	1.758136e-04	-1.731237e-02
85            	2.901280e-01	1.461660e-01	1.439619e-01	-1.667104e-01	-2.609083e-01	9.419792e-02	-1.775531e-01	1.102040e-03	9.315417e-03	-1.903684e-02	-2.030010e-04	-1.883384e-02
86            	2.903307e-01	1.465769e-01	1.437538e-01	-1.657350e-01	-2.601147e-01	9.437970e-02	-1.772472e-01	1.411553e-03	1.003628e-02	-2.137270e-02	-6.500768e-04	-2.072263e-02
87            	2.907536e-01	1.471215e-01	1.436321e-01	-1.646376e-01	-2.591464e-01	9.450881e-02	-1.768276e-01	1.744690e-03	1.084700e-02	-2.396815e-02	-1.137074e-03	-2.283108e-02
88            	2.913385e-01	1.477456e-01	1.435929e-01	-1.636300e-01	-2.581849e-01	9.455490e-02	-1.763699e-01	2.076348e-03	1.167661e-02	-2.661797e-02	-1.632371e-03	-2.498560e-02
89            	2.920205e-01	1.483867e-01	1.436338e-01	-1.628677e-01	-2.573778e-01	9.451009e-02	-1.759439e-01	2.376412e-03	1.243600e-02	-2.906708e-02	-2.097536e-03	-2.696954e-02
90            	2.927174e-01	1.489812e-01	1.437361e-01	-1.624236e-01	-2.568150e-01	9.439135e-02	-1.756032e-01	2.622555e-03	1.306789e-02	-3.112441e-02	-2.494313e-03	-2.863010e-02
91            	2.934132e-01	1.495117e-01	1.439015e-01	-1.623215e-01	-2.565344e-01	9.421296e-02	-1.753737e-01	2.805136e-03	1.353177e-02	-3.266054e-02	-2.798500e-03	-2.986204e-02
92            	2.940724e-01	1.499579e-01	1.441145e-01	-1.625291e-01	-2.565258e-01	9.399675e-02	-1.752613e-01	2.921730e-03	1.381049e-02	-3.361276e-02	-2.995888e-03	-3.061687e-02
93            	2.946740e-01	1.503149e-01	1.443591e-01	-1.630040e-01	-2.567729e-01	9.376890e-02	-1.752709e-01	2.977873e-03	1.390383e-02	-3.398703e-02	-3.089686e-03	-3.089734e-02
94            	2.951776e-01	1.505821e-01	1.445955e-01	-1.636361e-01	-2.571955e-01	9.355940e-02	-1.753775e-01	2.993315e-03	1.385298e-02	-3.390080e-02	-3.097421e-03	-3.080338e-02
95            	2.955868e-01	1.507761e-01	1.448107e-01	-1.643432e-01	-2.577222e-01	9.337899e-02	-1.755506e-01	2.982711e-03	1.368379e-02	-3.345548e-02	-3.043954e-03	-3.041153e-02
96            	2.958858e-01	1.509076e-01	1.449782e-01	-1.650652e-01	-2.583001e-01	9.323497e-02	-1.757675e-01	2.964678e-03	1.344902e-02	-3.280200e-02	-2.951982e-03	-2.985002e-02
97            	2.960848e-01	1.509995e-01	1.450853e-01	-1.657647e-01	-2.588913e-01	9.312660e-02	-1.760089e-01	2.957091e-03	1.320561e-02	-3.210616e-02	-2.847474e-03	-2.925869e-02
98            	2.962241e-01	1.510896e-01	1.451345e-01	-1.664290e-01	-2.594691e-01	9.304005e-02	-1.762546e-01	2.977552e-03	1.301406e-02	-3.152561e-02	-2.748743e-03	-2.877686e-02
99            	2.963801e-01	1.512167e-01	1.451633e-01	-1.670524e-01	-2.600057e-01	9.295329e-02	-1.764795e-01	3.026723e-03	1.288183e-02	-3.110398e-02	-2.670161e-03	-2.843382e-02
100           	2.966171e-01	1.514003e-01	1.452168e-01	-1.676456e-01	-2.604861e-01	9.284046e-02	-1.766633e-01	3.091782e-03	1.282017e-02	-3.084861e-02	-2.604138e-03	-2.824448e-02
101           	2.969790e-01	1.516499e-01	1.453291e-01	-1.682343e-01	-2.609146e-01	9.268036e-02	-1.767975e-01	3.160441e-03	1.283069e-02	-3.075468e-02	-2.546652e-03	-2.820803e-02
102           	2.974921e-01	1.519689e-01	1.455232e-01	-1.687996e-01	-2.612502e-01	9.245064e-02	-1.768504e-01	3.222897e-03	1.290162e-02	-3.079742e-02	-2.497085e-03	-2.830033e-02
103           	2.981772e-01	1.523574e-01	1.458198e-01	-1.693460e-01	-2.614832e-01	9.213714e-02	-1.768102e-01	3.268789e-03	1.303599e-02	-3.094659e-02	-2.437301e-03	-2.850929e-02
104           	2.990206e-01	1.528027e-01	1.462179e-01	-1.699213e-01	-2.616510e-01	9.172969e-02	-1.766904e-01	3.292381e-03	1.324331e-02	-3.117966e-02	-2.346521e-03	-2.883313e-02
105           	3.000150e-01	1.532917e-01	1.467233e-01	-1.705834e-01	-2.618119e-01	9.122855e-02	-1.765202e-01	3.284226e-03	1.349449e-02	-3.146536e-02	-2.238196e-03	-2.922717e-02
106           	3.011276e-01	1.538195e-01	1.473081e-01	-1.713626e-01	-2.620077e-01	9.064506e-02	-1.763264e-01	3.255735e-03	1.378876e-02	-3.187599e-02	-2.149235e-03	-2.972675e-02
107           	3.022738e-01	1.543445e-01	1.479293e-01	-1.723144e-01	-2.623308e-01	9.001642e-02	-1.761736e-01	3.207635e-03	1.409820e-02	-3.247167e-02	-2.137630e-03	-3.033404e-02
108           	3.033297e-01	1.548066e-01	1.485231e-01	-1.734737e-01	-2.628554e-01	8.938174e-02	-1.761186e-01	3.141748e-03	1.439080e-02	-3.323672e-02	-2.227559e-03	-3.100916e-02
109           	3.042743e-01	1.552155e-01	1.490588e-01	-1.748203e-01	-2.635927e-01	8.877232e-02	-1.761825e-01	3.078371e-03	1.468717e-02	-3.423460e-02	-2.430130e-03	-3.180447e-02
110           	3.051484e-01	1.556059e-01	1.495425e-01	-1.762787e-01	-2.644821e-01	8.820337e-02	-1.763427e-01	3.031695e-03	1.501567e-02	-3.550995e-02	-2.739308e-03	-3.277064e-02
111           	3.060053e-01	1.560095e-01	1.499958e-01	-1.778053e-01	-2.654862e-01	8.768088e-02	-1.765835e-01	3.006838e-03	1.540232e-02	-3.708162e-02	-3.138495e-03	-3.394313e-02
112           	3.070882e-01	1.565688e-01	1.505194e-01	-1.796984e-01	-2.668122e-01	8.711372e-02	-1.769629e-01	3.024705e-03	1.595422e-02	-3.923625e-02	-3.663908e-03	-3.557234e-02
113           	3.079932e-01	1.570121e-01	1.509811e-01	-1.812425e-01	-2.679352e-01	8.669265e-02	-1.773139e-01	3.015519e-03	1.642135e-02	-4.113362e-02	-4.145464e-03	-3.698816e-02
114           	3.093588e-01	1.577565e-01	1.516023e-01	-1.833504e-01	-2.694873e-01	8.613697e-02	-1.778122e-01	3.077134e-03	1.704834e-02	-4.372074e-02	-4.812027e-03	-3.890872e-02
115           	3.107914e-01	1.585358e-01	1.522556e-01	-1.854524e-01	-2.710622e-01	8.560986e-02	-1.783360e-01	3.140105e-03	1.762441e-02	-4.612180e-02	-5.436493e-03	-4.068530e-02
116           	3.124160e-01	1.594384e-01	1.529776e-01	-1.876980e-01	-2.727627e-01	8.506465e-02	-1.789137e-01	3.230403e-03	1.816075e-02	-4.848434e-02	-6.081422e-03	-4.240292e-02
117           	3.141733e-01	1.604373e-01	1.537359e-01	-1.900244e-01	-2.745390e-01	8.451460e-02	-1.795268e-01	3.350707e-03	1.865388e-02	-5.075704e-02	-6.724638e-03	-4.403240e-02
118           	3.160142e-01	1.615029e-01	1.545112e-01	-1.923316e-01	-2.763078e-01	8.397629e-02	-1.801421e-01	3.495846e-03	1.908282e-02	-5.286080e-02	-7.347578e-03	-4.551322e-02
119           	3.178676e-01	1.625938e-01	1.552738e-01	-1.945219e-01	-2.779957e-01	8.347387e-02	-1.807348e-01	3.660012e-03	1.945257e-02	-5.476826e-02	-7.931560e-03	-4.683670e-02
120           	3.196367e-01	1.636448e-01	1.559919e-01	-1.965295e-01	-2.795586e-01	8.302903e-02	-1.812938e-01	3.826480e-03	1.976224e-02	-5.641869e-02	-8.447103e-03	-4.797158e-02
121           	3.212640e-01	1.646057e-01	1.566584e-01	-1.983486e-01	-2.810038e-01	8.265520e-02	-1.818295e-01	3.973664e-03	1.998369e-02	-5.771069e-02	-8.871658e-03	-4.883903e-02
122           	3.227340e-01	1.654529e-01	1.572811e-01	-1.999682e-01	-2.823231e-01	8.235492e-02	-1.823390e-01	4.085898e-03	2.011782e-02	-5.857946e-02	-9.171908e-03	-4.940755e-02
123           	3.240510e-01	1.661730e-01	1.578780e-01	-2.014423e-01	-2.835490e-01	8.210663e-02	-1.828278e-01	4.147469e-03	2.014960e-02	-5.895244e-02	-9.326623e-03	-4.962582e-02
124           	3.253464e-01	1.668086e-01	1.585378e-01	-2.027319e-01	-2.846366e-01	8.190471e-02	-1.832706e-01	4.135397e-03	2.007589e-02	-5.874842e-02	-9.298319e-03	-4.945011e-02
125           	3.265707e-01	1.673218e-01	1.592489e-01	-2.038684e-01	-2.856089e-01	8.174055e-02	-1.836748e-01	4.036483e-03	1.988735e-02	-5.789913e-02	-9.062209e-03	-4.883692e-02
126           	3.277314e-01	1.677139e-01	1.600175e-01	-2.048554e-01	-2.864564e-01	8.160102e-02	-1.840287e-01	3.848215e-03	1.957031e-02	-5.635032e-02	-8.604850e-03	-4.774547e-02
127           	3.288767e-01	1.680197e-01	1.608570e-01	-2.056987e-01	-2.871670e-01	8.146828e-02	-1.843176e-01	3.581356e-03	1.911952e-02	-5.409531e-02	-7.928131e-03	-4.616718e-02
128           	3.299970e-01	1.682379e-01	1.617590e-01	-2.063305e-01	-2.876868e-01	8.135633e-02	-1.845216e-01	3.239449e-03	1.850159e-02	-5.114366e-02	-7.070238e-03	-4.407342e-02
129           	3.310798e-01	1.683780e-01	1.627018e-01	-2.067712e-01	-2.880339e-01	8.126269e-02	-1.846483e-01	2.838114e-03	1.772059e-02	-4.762954e-02	-6.094183e-03	-4.153536e-02
130           	3.320505e-01	1.684183e-01	1.636322e-01	-2.070126e-01	-2.882191e-01	8.120652e-02	-1.847128e-01	2.393030e-03	1.676067e-02	-4.370027e-02	-5.089464e-03	-3.861081e-02
131           	3.328703e-01	1.683707e-01	1.644995e-01	-2.070034e-01	-2.882227e-01	8.121928e-02	-1.847210e-01	1.935577e-03	1.565840e-02	-3.960676e-02	-4.144985e-03	-3.546178e-02
132           	3.335023e-01	1.682416e-01	1.652606e-01	-2.067177e-01	-2.880326e-01	8.131487e-02	-1.846737e-01	1.490497e-03	1.446532e-02	-3.552106e-02	-3.295212e-03	-3.222585e-02
133           	3.339442e-01	1.680568e-01	1.658874e-01	-2.061398e-01	-2.876350e-01	8.149521e-02	-1.845651e-01	1.084691e-03	1.324281e-02	-3.162476e-02	-2.569569e-03	-2.905519e-02
134           	3.342375e-01	1.678449e-01	1.663927e-01	-2.052615e-01	-2.870091e-01	8.174762e-02	-1.843783e-01	7.261000e-04	1.204442e-02	-2.803857e-02	-1.974868e-03	-2.606370e-02
135           	3.344765e-01	1.676678e-01	1.668087e-01	-2.041066e-01	-2.861398e-01	8.203320e-02	-1.840865e-01	4.295798e-04	1.094715e-02	-2.489785e-02	-1.501778e-03	-2.339607e-02
136           	3.348002e-01	1.676102e-01	1.671900e-01	-2.028061e-01	-2.850981e-01	8.229208e-02	-1.836951e-01	2.100692e-04	1.005729e-02	-2.248841e-02	-1.186913e-03	-2.130150e-02
137           	3.350663e-01	1.674976e-01	1.675688e-01	-2.010025e-01	-2.836144e-01	8.261194e-02	-1.831132e-01	-3.562104e-05	9.079552e-03	-1.996625e-02	-9.035708e-04	-1.906267e-02
138           	3.354979e-01	1.675643e-01	1.679337e-01	-1.993580e-01	-2.821745e-01	8.281654e-02	-1.824955e-01	-1.846974e-04	8.455683e-03	-1.846908e-02	-7.788573e-04	-1.769022e-02
139           	3.360190e-01	1.676653e-01	1.683537e-01	-1.973039e-01	-2.803423e-01	8.303839e-02	-1.816903e-01	-3.442006e-04	7.843853e-03	-1.705766e-02	-6.849789e-04	-1.637269e-02
140           	3.365750e-01	1.677860e-01	1.687891e-01	-1.949848e-01	-2.782307e-01	8.324597e-02	-1.807384e-01	-5.015593e-04	7.310421e-03	-1.588162e-02	-6.303897e-04	-1.525123e-02
141           	3.372596e-01	1.679674e-01	1.692922e-01	-1.923580e-01	-2.758047e-01	8.344666e-02	-1.796257e-01	-6.624157e-04	6.851084e-03	-1.490780e-02	-6.028178e-04	-1.430499e-02
142           	3.378752e-01	1.681019e-01	1.697733e-01	-1.895695e-01	-2.732121e-01	8.364267e-02	-1.784274e-01	-8.357471e-04	6.435243e-03	-1.404932e-02	-5.894167e-04	-1.345990e-02
143           	3.384228e-01	1.681782e-01	1.702446e-01	-1.867648e-01	-2.705910e-01	8.382623e-02	-1.772086e-01	-1.033203e-03	6.017577e-03	-1.318270e-02	-5.737732e-04	-1.260893e-02
144           	3.388831e-01	1.681831e-01	1.707000e-01	-1.840944e-01	-2.680935e-01	8.399913e-02	-1.760463e-01	-1.258426e-03	5.573349e-03	-1.223107e-02	-5.421871e-04	-1.168888e-02
145           	3.392741e-01	1.681284e-01	1.711457e-01	-1.817107e-01	-2.658612e-01	8.415051e-02	-1.750059e-01	-1.508686e-03	5.096969e-03	-1.117992e-02	-4.929915e-04	-1.068693e-02
146           	3.396126e-01	1.680308e-01	1.715818e-01	-1.797845e-01	-2.640548e-01	8.427032e-02	-1.741626e-01	-1.775470e-03	4.583460e-03	-1.004322e-02	-4.381485e-04	-9.605068e-03
147           	3.399009e-01	1.679087e-01	1.719922e-01	-1.784699e-01	-2.628197e-01	8.434982e-02	-1.735848e-01	-2.041768e-03	4.046788e-03	-8.892329e-03	-3.993771e-04	-8.492952e-03
148           	3.401870e-01	1.677975e-01	1.723895e-01	-1.778065e-01	-2.621972e-01	8.439068e-02	-1.732939e-01	-2.295985e-03	3.505958e-03	-7.798042e-03	-3.930629e-04	-7.404979e-03
149           	3.404755e-01	1.677090e-01	1.727665e-01	-1.777702e-01	-2.621676e-01	8.439742e-02	-1.732825e-01	-2.528746e-03	3.005783e-03	-6.847518e-03	-4.179758e-04	-6.429542e-03
150           	3.407624e-01	1.676532e-01	1.731092e-01	-1.783182e-01	-2.627007e-01	8.438246e-02	-1.735416e-01	-2.727992e-03	2.578092e-03	-6.123848e-03	-4.838316e-04	-5.640016e-03
151           	3.410371e-01	1.676370e-01	1.734001e-01	-1.793670e-01	-2.637201e-01	8.435319e-02	-1.740367e-01	-2.881588e-03	2.260378e-03	-5.726044e-03	-6.026441e-04	-5.123400e-03
152           	3.412924e-01	1.676579e-01	1.736345e-01	-1.807816e-01	-2.651028e-01	8.432118e-02	-1.747120e-01	-2.988305e-03	2.055644e-03	-5.648058e-03	-7.683849e-04	-4.879673e-03
153           	3.415365e-01	1.677116e-01	1.738248e-01	-1.824017e-01	-2.666905e-01	8.428880e-02	-1.754896e-01	-3.056603e-03	1.955915e-03	-5.836747e-03	-9.624585e-04	-4.874289e-03
154           	3.417688e-01	1.677827e-01	1.739862e-01	-1.840434e-01	-2.683064e-01	8.426297e-02	-1.762847e-01	-3.101760e-03	1.940705e-03	-6.191692e-03	-1.155141e-03	-5.036551e-03
155           	3.419915e-01	1.678542e-01	1.741373e-01	-1.855338e-01	-2.697844e-01	8.425062e-02	-1.770175e-01	-3.141528e-03	1.963614e-03	-6.576877e-03	-1.324825e-03	-5.252052e-03
156           	3.422097e-01	1.679264e-01	1.742834e-01	-1.867083e-01	-2.709643e-01	8.425591e-02	-1.776101e-01	-3.178507e-03	2.019622e-03	-6.921743e-03	-1.441250e-03	-5.480493e-03
157           	3.424205e-01	1.679917e-01	1.744288e-01	-1.874771e-01	-2.717579e-01	8.428078e-02	-1.780193e-01	-3.218519e-03	2.087590e-03	-7.132060e-03	-1.478440e-03	-5.653620e-03
158           	3.425777e-01	1.680150e-01	1.745626e-01	-1.877758e-01	-2.721168e-01	8.434092e-02	-1.782288e-01	-3.273796e-03	2.155258e-03	-7.146963e-03	-1.418224e-03	-5.728739e-03
159           	3.426768e-01	1.679872e-01	1.746896e-01	-1.875860e-01	-2.720274e-01	8.444145e-02	-1.782344e-01	-3.351195e-03	2.187606e-03	-6.931473e-03	-1.278131e-03	-5.653342e-03
160           	3.427195e-01	1.679112e-01	1.748082e-01	-1.869543e-01	-2.715343e-01	8.457994e-02	-1.780571e-01	-3.448489e-03	2.162657e-03	-6.529826e-03	-1.102256e-03	-5.427570e-03
161           	3.426908e-01	1.677883e-01	1.749025e-01	-1.860108e-01	-2.707611e-01	8.475031e-02	-1.777557e-01	-3.557088e-03	2.071477e-03	-6.071255e-03	-9.641507e-04	-5.107104e-03
162           	3.425159e-01	1.675798e-01	1.749361e-01	-1.849277e-01	-2.698792e-01	8.495156e-02	-1.774154e-01	-3.678123e-03	1.906109e-03	-5.590744e-03	-8.892628e-04	-4.701481e-03
163           	3.421614e-01	1.672814e-01	1.748800e-01	-1.837912e-01	-2.689734e-01	8.518227e-02	-1.770779e-01	-3.799311e-03	1.694549e-03	-5.143299e-03	-8.771008e-04	-4.266198e-03
164           	3.416464e-01	1.669068e-01	1.747396e-01	-1.826196e-01	-2.680542e-01	8.543455e-02	-1.767444e-01	-3.916358e-03	1.473901e-03	-4.743069e-03	-8.976332e-04	-3.845436e-03
165           	3.410393e-01	1.664888e-01	1.745505e-01	-1.814461e-01	-2.671316e-01	8.568551e-02	-1.764086e-01	-4.030851e-03	1.263905e-03	-4.407384e-03	-9.397870e-04	-3.467597e-03
166           	3.404008e-01	1.660456e-01	1.743552e-01	-1.802879e-01	-2.662058e-01	8.591787e-02	-1.760618e-01	-4.154811e-03	1.041679e-03	-4.042761e-03	-9.797020e-04	-3.063059e-03
167           	3.398105e-01	1.656042e-01	1.742063e-01	-1.791634e-01	-2.652769e-01	8.611347e-02	-1.756952e-01	-4.301022e-03	7.810672e-04	-3.555957e-03	-9.969114e-04	-2.559046e-03
168           	3.393239e-01	1.651938e-01	1.741302e-01	-1.781051e-01	-2.643697e-01	8.626455e-02	-1.753171e-01	-4.468196e-03	4.712951e-04	-2.892333e-03	-9.748712e-04	-1.917461e-03
169           	3.389850e-01	1.648404e-01	1.741447e-01	-1.771565e-01	-2.635220e-01	8.636557e-02	-1.749438e-01	-4.652152e-03	9.592394e-05	-2.018242e-03	-9.131968e-04	-1.105045e-03
170           	3.387853e-01	1.645533e-01	1.742320e-01	-1.763440e-01	-2.627752e-01	8.643118e-02	-1.746032e-01	-4.839368e-03	-3.632894e-04	-8.929312e-04	-8.097550e-04	-8.317620e-05
171           	3.386989e-01	1.643372e-01	1.743617e-01	-1.756579e-01	-2.621358e-01	8.647787e-02	-1.743068e-01	-5.012237e-03	-9.021974e-04	4.392386e-04	-6.825781e-04	1.121817e-03
172           	3.386723e-01	1.641791e-01	1.744933e-01	-1.750315e-01	-2.615644e-01	8.653296e-02	-1.740487e-01	-5.157099e-03	-1.499510e-03	1.923100e-03	-5.379597e-04	2.461060e-03
173           	3.386955e-01	1.640836e-01	1.746119e-01	-1.744325e-01	-2.610340e-01	8.660148e-02	-1.738177e-01	-5.264196e-03	-2.121623e-03	3.475389e-03	-3.839288e-04	3.859318e-03
174           	3.386921e-01	1.640066e-01	1.746855e-01	-1.738008e-01	-2.604990e-01	8.669816e-02	-1.735986e-01	-5.339487e-03	-2.763650e-03	5.067935e-03	-2.296822e-04	5.297617e-03
175           	3.386282e-01	1.639382e-01	1.746900e-01	-1.731681e-01	-2.599850e-01	8.681698e-02	-1.734010e-01	-5.375941e-03	-3.345558e-03	6.550324e-03	-7.039577e-05	6.620719e-03
176           	3.384924e-01	1.638581e-01	1.746344e-01	-1.725937e-01	-2.595399e-01	8.694613e-02	-1.732430e-01	-5.388151e-03	-3.886003e-03	7.959039e-03	9.351645e-05	7.865523e-03
177           	3.383111e-01	1.637652e-01	1.745458e-01	-1.721263e-01	-2.591928e-01	8.706651e-02	-1.731296e-01	-5.390323e-03	-4.368857e-03	9.274338e-03	2.683125e-04	9.006026e-03
178           	3.381357e-01	1.636729e-01	1.744628e-01	-1.717703e-01	-2.589313e-01	8.716106e-02	-1.730462e-01	-5.394954e-03	-4.773279e-03	1.052292e-02	4.881786e-04	1.003474e-02
179           	3.380119e-01	1.635874e-01	1.744245e-01	-1.715530e-01	-2.587675e-01	8.721446e-02	-1.729910e-01	-5.418565e-03	-5.092481e-03	1.168362e-02	7.493311e-04	1.093429e-02
180           	3.379572e-01	1.635089e-01	1.744483e-01	-1.714526e-01	-2.586764e-01	8.722384e-02	-1.729501e-01	-5.469709e-03	-5.345462e-03	1.281217e-02	1.060623e-03	1.175155e-02
181           	3.380097e-01	1.634529e-01	1.745568e-01	-1.714643e-01	-2.586475e-01	8.718321e-02	-1.729154e-01	-5.551974e-03	-5.532452e-03	1.392189e-02	1.428491e-03	1.249340e-02
182           	3.381606e-01	1.634155e-01	1.747450e-01	-1.715680e-01	-2.586686e-01	8.710059e-02	-1.728846e-01	-5.664757e-03	-5.660845e-03	1.504318e-02	1.860747e-03	1.318244e-02
183           	3.383744e-01	1.633801e-01	1.749943e-01	-1.717219e-01	-2.587072e-01	8.698524e-02	-1.728462e-01	-5.807072e-03	-5.747023e-03	1.615507e-02	2.330512e-03	1.382456e-02
184           	3.386081e-01	1.633261e-01	1.752820e-01	-1.718870e-01	-2.587281e-01	8.684115e-02	-1.727846e-01	-5.977936e-03	-5.832179e-03	1.723799e-02	2.786816e-03	1.445117e-02
185           	3.388357e-01	1.632563e-01	1.755794e-01	-1.721394e-01	-2.588363e-01	8.669689e-02	-1.727666e-01	-6.161524e-03	-5.952807e-03	1.823337e-02	3.163875e-03	1.506949e-02
186           	3.390547e-01	1.631842e-01	1.758705e-01	-1.725227e-01	-2.591095e-01	8.658675e-02	-1.728481e-01	-6.343131e-03	-6.095012e-03	1.909270e-02	3.451336e-03	1.564136e-02
187           	3.391835e-01	1.631065e-01	1.760770e-01	-1.729942e-01	-2.595382e-01	8.654402e-02	-1.730411e-01	-6.485229e-03	-6.210378e-03	1.966634e-02	3.622791e-03	1.604355e-02
188           	3.391983e-01	1.630276e-01	1.761707e-01	-1.735000e-01	-2.600657e-01	8.656570e-02	-1.733157e-01	-6.571540e-03	-6.256816e-03	1.987763e-02	3.681999e-03	1.619563e-02
189           	3.391253e-01	1.629675e-01	1.761578e-01	-1.740312e-01	-2.606676e-01	8.663640e-02	-1.736520e-01	-6.595146e-03	-6.207781e-03	1.969943e-02	3.641935e-03	1.605750e-02
190           	3.389684e-01	1.629156e-01	1.760527e-01	-1.745422e-01	-2.612808e-01	8.673863e-02	-1.740097e-01	-6.568559e-03	-6.075994e-03	1.917390e-02	3.510957e-03	1.566295e-02
191           	3.387528e-01	1.628763e-01	1.758765e-01	-1.749854e-01	-2.618353e-01	8.684986e-02	-1.743426e-01	-6.500080e-03	-5.865910e-03	1.834684e-02	3.307512e-03	1.503933e-02
192           	3.385106e-01	1.628546e-01	1.756561e-01	-1.753431e-01	-2.622974e-01	8.695422e-02	-1.746258e-01	-6.400745e-03	-5.593474e-03	1.728233e-02	3.047692e-03	1.423464e-02
193           	3.382948e-01	1.628693e-01	1.754255e-01	-1.755853e-01	-2.626205e-01	8.703518e-02	-1.748279e-01	-6.278070e-03	-5.262806e-03	1.603841e-02	2.756402e-03	1.328201e-02
194           	3.381473e-01	1.629322e-01	1.752151e-01	-1.756838e-01	-2.627620e-01	8.707829e-02	-1.749202e-01	-6.141425e-03	-4.899550e-03	1.469061e-02	2.445755e-03	1.224486e-02
195           	3.380773e-01	1.630378e-01	1.750395e-01	-1.756567e-01	-2.627389e-01	8.708221e-02	-1.749105e-01	-6.000813e-03	-4.531723e-03	1.333539e-02	2.135975e-03	1.119942e-02
196           	3.380666e-01	1.631551e-01	1.749115e-01	-1.755394e-01	-2.625960e-01	8.705660e-02	-1.748263e-01	-5.878185e-03	-4.214089e-03	1.211757e-02	1.844696e-03	1.027287e-02
197           	3.380718e-01	1.632661e-01	1.748057e-01	-1.753607e-01	-2.623757e-01	8.701493e-02	-1.746953e-01	-5.769774e-03	-3.959992e-03	1.108218e-02	1.581099e-03	9.501083e-03
198           	3.381053e-01	1.633719e-01	1.747334e-01	-1.751618e-01	-2.621307e-01	8.696885e-02	-1.745498e-01	-5.680727e-03	-3.797856e-03	1.031169e-02	1.357990e-03	8.953703e-03
199           	3.381858e-01	1.634843e-01	1.747015e-01	-1.749706e-01	-2.618985e-01	8.692789e-02	-1.744132e-01	-5.608574e-03	-3.721297e-03	9.817514e-03	1.187460e-03	8.630054e-03
200           	3.382875e-01	1.635928e-01	1.746947e-01	-1.748092e-01	-2.617211e-01	8.691190e-02	-1.743165e-01	-5.550965e-03	-3.727413e-03	9.605493e-03	1.075333e-03	8.530160e-03
201           	3.383861e-01	1.636878e-01	1.746983e-01	-1.746865e-01	-2.616215e-01	8.693507e-02	-1.742783e-01	-5.505246e-03	-3.798043e-03	9.639340e-03	1.021627e-03	8.617713e-03
202           	3.384288e-01	1.637414e-01	1.746874e-01	-1.746143e-01	-2.616221e-01	8.700776e-02	-1.743149e-01	-5.472966e-03	-3.931525e-03	9.896124e-03	1.016537e-03	8.879587e-03
203           	3.384494e-01	1.637621e-01	1.746872e-01	-1.745588e-01	-2.616924e-01	8.713356e-02	-1.744130e-01	-5.462559e-03	-4.128666e-03	1.041197e-02	1.077320e-03	9.334651e-03
204           	3.384386e-01	1.637471e-01	1.746915e-01	-1.744755e-01	-2.617949e-01	8.731947e-02	-1.745572e-01	-5.472247e-03	-4.366942e-03	1.113750e-02	1.201809e-03	9.935693e-03
205           	3.384220e-01	1.637107e-01	1.747113e-01	-1.743152e-01	-2.618754e-01	8.756020e-02	-1.747178e-01	-5.500308e-03	-4.628661e-03	1.204363e-02	1.393153e-03	1.065047e-02
206           	3.384185e-01	1.636597e-01	1.747587e-01	-1.740497e-01	-2.618947e-01	8.784508e-02	-1.748699e-01	-5.549515e-03	-4.907149e-03	1.311405e-02	1.649876e-03	1.146417e-02
207           	3.384257e-01	1.635867e-01	1.748390e-01	-1.736486e-01	-2.618072e-01	8.815861e-02	-1.749829e-01	-5.626147e-03	-5.210532e-03	1.434845e-02	1.963692e-03	1.238476e-02
208           	3.384328e-01	1.634848e-01	1.749480e-01	-1.730845e-01	-2.615713e-01	8.848678e-02	-1.750290e-01	-5.731577e-03	-5.539744e-03	1.573670e-02	2.328607e-03	1.340809e-02
209           	3.384391e-01	1.633664e-01	1.750726e-01	-1.723274e-01	-2.611325e-01	8.880513e-02	-1.749688e-01	-5.853103e-03	-5.860171e-03	1.719863e-02	2.739143e-03	1.445948e-02
210           	3.384360e-01	1.632282e-01	1.752078e-01	-1.713481e-01	-2.604434e-01	8.909535e-02	-1.747694e-01	-5.989798e-03	-6.158256e-03	1.872335e-02	3.203421e-03	1.551993e-02
211           	3.384040e-01	1.630723e-01	1.753317e-01	-1.702456e-01	-2.595718e-01	8.932622e-02	-1.744490e-01	-6.129724e-03	-6.424685e-03	2.023931e-02	3.694971e-03	1.654434e-02
212           	3.383691e-01	1.629159e-01	1.754532e-01	-1.690409e-01	-2.585209e-01	8.947993e-02	-1.740004e-01	-6.268654e-03	-6.665004e-03	2.167204e-02	4.171015e-03	1.750102e-02
213           	3.383465e-01	1.627906e-01	1.755559e-01	-1.677862e-01	-2.573353e-01	8.954910e-02	-1.734422e-01	-6.382629e-03	-6.862176e-03	2.285526e-02	4.565456e-03	1.828981e-02
214           	3.382733e-01	1.626623e-01	1.756110e-01	-1.665764e-01	-2.561220e-01	8.954557e-02	-1.728338e-01	-6.474334e-03	-7.039533e-03	2.375837e-02	4.839649e-03	1.891872e-02
215           	3.381371e-01	1.625306e-01	1.756065e-01	-1.654477e-01	-2.549300e-01	8.948234e-02	-1.722062e-01	-6.537956e-03	-7.207546e-03	2.437119e-02	4.978046e-03	1.939314e-02
216           	3.379708e-01	1.624164e-01	1.755544e-01	-1.644224e-01	-2.537872e-01	8.936480e-02	-1.715760e-01	-6.568989e-03	-7.327489e-03	2.464680e-02	4.995909e-03	1.965089e-02
217           	3.378209e-01	1.623469e-01	1.754740e-01	-1.634981e-01	-2.526898e-01	8.919174e-02	-1.709408e-01	-6.563530e-03	-7.359583e-03	2.454105e-02	4.910943e-03	1.963011e-02
218           	3.377099e-01	1.623114e-01	1.753985e-01	-1.626859e-01	-2.516564e-01	8.897059e-02	-1.703135e-01	-6.543529e-03	-7.322058e-03	2.416022e-02	4.758050e-03	1.940217e-02
219           	3.376834e-01	1.623085e-01	1.753749e-01	-1.619974e-01	-2.507021e-01	8.870474e-02	-1.697034e-01	-6.533180e-03	-7.256361e-03	2.364087e-02	4.564075e-03	1.907680e-02
220           	3.377694e-01	1.623425e-01	1.754268e-01	-1.614738e-01	-2.498861e-01	8.841232e-02	-1.691492e-01	-6.542156e-03	-7.173248e-03	2.304042e-02	4.346962e-03	1.869346e-02
221           	3.379437e-01	1.624091e-01	1.755345e-01	-1.612056e-01	-2.493043e-01	8.809873e-02	-1.687015e-01	-6.562701e-03	-7.083414e-03	2.241688e-02	4.125026e-03	1.829185e-02
222           	3.382050e-01	1.625111e-01	1.756939e-01	-1.612361e-01	-2.490348e-01	8.779871e-02	-1.684168e-01	-6.591387e-03	-7.030153e-03	2.183725e-02	3.888473e-03	1.794878e-02
223           	3.385837e-01	1.626792e-01	1.759045e-01	-1.615931e-01	-2.491081e-01	8.751500e-02	-1.683116e-01	-6.612607e-03	-7.026545e-03	2.128999e-02	3.618452e-03	1.767154e-02
224           	3.389429e-01	1.628393e-01	1.761036e-01	-1.621219e-01	-2.494429e-01	8.732107e-02	-1.683820e-01	-6.632108e-03	-7.064967e-03	2.087613e-02	3.373097e-03	1.750303e-02
225           	3.392510e-01	1.629932e-01	1.762578e-01	-1.628172e-01	-2.500301e-01	8.721291e-02	-1.686215e-01	-6.632323e-03	-7.100960e-03	2.047840e-02	3.138239e-03	1.734016e-02
226           	3.394552e-01	1.631271e-01	1.763282e-01	-1.636126e-01	-2.508020e-01	8.718940e-02	-1.689957e-01	-6.600549e-03	-7.078142e-03	2.000310e-02	2.923408e-03	1.707969e-02
227           	3.394714e-01	1.631923e-01	1.762791e-01	-1.645157e-01	-2.517694e-01	8.725366e-02	-1.695115e-01	-6.543390e-03	-7.011152e-03	1.949768e-02	2.737686e-03	1.675999e-02
228           	3.393904e-01	1.632315e-01	1.761589e-01	-1.655555e-01	-2.529201e-01	8.736462e-02	-1.701424e-01	-6.463690e-03	-6.898057e-03	1.892353e-02	2.563707e-03	1.635982e-02
229           	3.391852e-01	1.632198e-01	1.759654e-01	-1.665775e-01	-2.540933e-01	8.751576e-02	-1.708045e-01	-6.372830e-03	-6.737669e-03	1.839242e-02	2.458538e-03	1.593388e-02
230           	3.389338e-01	1.631797e-01	1.757541e-01	-1.676920e-01	-2.553563e-01	8.766428e-02	-1.715103e-01	-6.287235e-03	-6.561955e-03	1.791389e-02	2.394991e-03	1.551890e-02
231           	3.386930e-01	1.631360e-01	1.755569e-01	-1.687727e-01	-2.565566e-01	8.778394e-02	-1.721703e-01	-6.210462e-03	-6.362522e-03	1.750756e-02	2.391256e-03	1.511630e-02
232           	3.385098e-01	1.631093e-01	1.754006e-01	-1.698032e-01	-2.576621e-01	8.785892e-02	-1.727605e-01	-6.145663e-03	-6.147320e-03	1.721832e-02	2.461837e-03	1.475648e-02
233           	3.384319e-01	1.631269e-01	1.753050e-01	-1.707703e-01	-2.586529e-01	8.788260e-02	-1.732678e-01	-6.089024e-03	-5.907998e-03	1.703792e-02	2.610961e-03	1.442696e-02
234           	3.384663e-01	1.631919e-01	1.752744e-01	-1.716445e-01	-2.595013e-01	8.785679e-02	-1.736790e-01	-6.041235e-03	-5.663028e-03	1.697818e-02	2.826061e-03	1.415212e-02
235           	3.385803e-01	1.632860e-01	1.752943e-01	-1.723961e-01	-2.601895e-01	8.779340e-02	-1.739914e-01	-6.004187e-03	-5.422169e-03	1.697991e-02	3.067788e-03	1.391213e-02
236           	3.387084e-01	1.633690e-01	1.753394e-01	-1.730369e-01	-2.607579e-01	8.772099e-02	-1.742395e-01	-5.985165e-03	-5.221985e-03	1.699613e-02	3.276080e-03	1.372005e-02
237           	3.387953e-01	1.634257e-01	1.753696e-01	-1.735658e-01	-2.612352e-01	8.766946e-02	-1.744523e-01	-5.971972e-03	-5.079064e-03	1.693068e-02	3.386278e-03	1.354441e-02
238           	3.387898e-01	1.634468e-01	1.753430e-01	-1.739719e-01	-2.616333e-01	8.766140e-02	-1.746474e-01	-5.948135e-03	-4.956636e-03	1.668801e-02	3.387371e-03	1.330064e-02
239           	3.386763e-01	1.634263e-01	1.752500e-01	-1.742312e-01	-2.619465e-01	8.771525e-02	-1.748309e-01	-5.911862e-03	-4.855525e-03	1.627702e-02	3.282984e-03	1.299403e-02
240           	3.384601e-01	1.633644e-01	1.750957e-01	-1.743338e-01	-2.621689e-01	8.783504e-02	-1.750020e-01	-5.865677e-03	-4.767398e-03	1.572763e-02	3.096416e-03	1.263121e-02
241           	3.381795e-01	1.632789e-01	1.749006e-01	-1.742381e-01	-2.622525e-01	8.801435e-02	-1.751334e-01	-5.810826e-03	-4.668743e-03	1.505992e-02	2.861216e-03	1.219870e-02
242           	3.378319e-01	1.631626e-01	1.746693e-01	-1.739212e-01	-2.621594e-01	8.823824e-02	-1.751988e-01	-5.753360e-03	-4.551014e-03	1.432538e-02	2.611676e-03	1.171370e-02
243           	3.374145e-01	1.630122e-01	1.744023e-01	-1.732888e-01	-2.618171e-01	8.852833e-02	-1.751727e-01	-5.695050e-03	-4.393931e-03	1.349955e-02	2.355845e-03	1.114371e-02
244           	3.371031e-01	1.628847e-01	1.742185e-01	-1.725209e-01	-2.613099e-01	8.878898e-02	-1.750494e-01	-5.666920e-03	-4.271217e-03	1.288798e-02	2.172773e-03	1.071521e-02
245           	3.366359e-01	1.626855e-01	1.739504e-01	-1.713084e-01	-2.604382e-01	8.912974e-02	-1.747839e-01	-5.632462e-03	-4.125947e-03	1.223523e-02	1.991667e-03	1.024356e-02
246           	3.362222e-01	1.625025e-01	1.737197e-01	-1.700350e-01	-2.594565e-01	8.942149e-02	-1.744390e-01	-5.608559e-03	-4.003295e-03	1.175186e-02	1.872633e-03	9.879224e-03
247           	3.359002e-01	1.623604e-01	1.735398e-01	-1.686125e-01	-2.582936e-01	8.968108e-02	-1.739873e-01	-5.589670e-03	-3.899922e-03	1.137947e-02	1.789814e-03	9.589658e-03
248           	3.355536e-01	1.622077e-01	1.733459e-01	-1.671223e-01	-2.570215e-01	8.989918e-02	-1.734603e-01	-5.569112e-03	-3.819499e-03	1.111510e-02	1.738049e-03	9.377047e-03
249           	3.351947e-01	1.620427e-01	1.731519e-01	-1.656744e-01	-2.557254e-01	9.005100e-02	-1.728882e-01	-5.554598e-03	-3.803860e-03	1.101827e-02	1.705274e-03	9.312995e-03
250           	3.348521e-01	1.618744e-01	1.729777e-01	-1.643629e-01	-2.544843e-01	9.012142e-02	-1.723029e-01	-5.551662e-03	-3.862971e-03	1.111359e-02	1.693822e-03	9.419764e-03
251           	3.345981e-01	1.617515e-01	1.728467e-01	-1.633029e-01	-2.533964e-01	9.009355e-02	-1.717450e-01	-5.547593e-03	-3.963564e-03	1.133070e-02	1.701788e-03	9.628915e-03
252           	3.344844e-01	1.616922e-01	1.727922e-01	-1.625418e-01	-2.525032e-01	8.996146e-02	-1.712323e-01	-5.550004e-03	-4.137204e-03	1.170279e-02	1.714191e-03	9.988600e-03
253           	3.345296e-01	1.617125e-01	1.728171e-01	-1.621833e-01	-2.519052e-01	8.972190e-02	-1.708136e-01	-5.552281e-03	-4.353147e-03	1.215181e-02	1.722757e-03	1.042905e-02
254           	3.347175e-01	1.618082e-01	1.729093e-01	-1.622436e-01	-2.516413e-01	8.939773e-02	-1.705195e-01	-5.550519e-03	-4.586467e-03	1.260746e-02	1.717264e-03	1.089020e-02
255           	3.350146e-01	1.619655e-01	1.730491e-01	-1.627290e-01	-2.517441e-01	8.901514e-02	-1.703796e-01	-5.541812e-03	-4.806993e-03	1.300489e-02	1.695455e-03	1.130944e-02
256           	3.353950e-01	1.621584e-01	1.732365e-01	-1.635621e-01	-2.521773e-01	8.861511e-02	-1.703962e-01	-5.539064e-03	-5.015761e-03	1.335486e-02	1.661667e-03	1.169319e-02
257           	3.358044e-01	1.623574e-01	1.734469e-01	-1.646921e-01	-2.529271e-01	8.823494e-02	-1.705810e-01	-5.544757e-03	-5.181841e-03	1.361373e-02	1.625025e-03	1.198871e-02
258           	3.361996e-01	1.625424e-01	1.736572e-01	-1.659935e-01	-2.538953e-01	8.790176e-02	-1.708985e-01	-5.557356e-03	-5.285134e-03	1.375841e-02	1.594069e-03	1.216434e-02
259           	3.365853e-01	1.627087e-01	1.738766e-01	-1.674104e-01	-2.550393e-01	8.762890e-02	-1.713341e-01	-5.583955e-03	-5.341995e-03	1.384314e-02	1.579574e-03	1.226356e-02
260           	3.369758e-01	1.628443e-01	1.741315e-01	-1.688325e-01	-2.562548e-01	8.742229e-02	-1.718385e-01	-5.643618e-03	-5.367450e-03	1.393529e-02	1.600197e-03	1.233510e-02
261           	3.373720e-01	1.629556e-01	1.744163e-01	-1.702067e-01	-2.574840e-01	8.727739e-02	-1.723807e-01	-5.730339e-03	-5.381914e-03	1.407579e-02	1.655981e-03	1.241981e-02
262           	3.377503e-01	1.630347e-01	1.747156e-01	-1.714170e-01	-2.586070e-01	8.718999e-02	-1.728985e-01	-5.840480e-03	-5.361384e-03	1.424762e-02	1.762428e-03	1.248520e-02
263           	3.381075e-01	1.630865e-01	1.750210e-01	-1.724458e-01	-2.595890e-01	8.714315e-02	-1.733661e-01	-5.967270e-03	-5.289304e-03	1.442738e-02	1.924385e-03	1.250299e-02
264           	3.384197e-01	1.631135e-01	1.753063e-01	-1.732652e-01	-2.603841e-01	8.711894e-02	-1.737515e-01	-6.096402e-03	-5.155086e-03	1.457936e-02	2.134594e-03	1.244477e-02
265           	3.386999e-01	1.631249e-01	1.755750e-01	-1.738665e-01	-2.609660e-01	8.709947e-02	-1.740327e-01	-6.225064e-03	-4.995226e-03	1.470725e-02	2.358398e-03	1.234885e-02
266           	3.389397e-01	1.631386e-01	1.758011e-01	-1.742180e-01	-2.612922e-01	8.707425e-02	-1.741832e-01	-6.331223e-03	-4.827381e-03	1.472089e-02	2.533064e-03	1.218783e-02
267           	3.390895e-01	1.631356e-01	1.759539e-01	-1.744149e-01	-2.614606e-01	8.704567e-02	-1.742531e-01	-6.409140e-03	-4.682761e-03	1.456825e-02	2.601362e-03	1.196688e-02
268           	3.390680e-01	1.630821e-01	1.759859e-01	-1.745063e-01	-2.615314e-01	8.702517e-02	-1.742783e-01	-6.451897e-03	-4.586018e-03	1.428198e-02	2.554973e-03	1.172701e-02
269           	3.389348e-01	1.630380e-01	1.758968e-01	-1.744783e-01	-2.614833e-01	8.700500e-02	-1.742441e-01	-6.429406e-03	-4.453968e-03	1.367044e-02	2.381252e-03	1.128919e-02
270           	3.387499e-01	1.630190e-01	1.757310e-01	-1.742948e-01	-2.612741e-01	8.697922e-02	-1.741266e-01	-6.355997e-03	-4.277989e-03	1.281393e-02	2.128975e-03	1.068495e-02
271           	3.385515e-01	1.630235e-01	1.755279e-01	-1.739904e-01	-2.609298e-01	8.693934e-02	-1.739346e-01	-6.252202e-03	-4.068971e-03	1.180549e-02	1.833776e-03	9.971718e-03
272           	3.383596e-01	1.630331e-01	1.753265e-01	-1.735883e-01	-2.604685e-01	8.688017e-02	-1.736743e-01	-6.146729e-03	-3.866193e-03	1.077540e-02	1.521505e-03	9.253891e-03
273           	3.382239e-01	1.630553e-01	1.751687e-01	-1.731761e-01	-2.599697e-01	8.679360e-02	-1.733817e-01	-6.056696e-03	-3.688614e-03	9.793146e-03	1.207959e-03	8.585188e-03
274           	3.381610e-01	1.631014e-01	1.750596e-01	-1.728133e-01	-2.594968e-01	8.668350e-02	-1.730902e-01	-5.979081e-03	-3.558815e-03	8.914755e-03	8.985625e-04	8.016192e-03
275           	3.381631e-01	1.631670e-01	1.749961e-01	-1.725815e-01	-2.591498e-01	8.656837e-02	-1.728591e-01	-5.914510e-03	-3.489508e-03	8.207386e-03	6.141851e-04	7.593201e-03
276           	3.382048e-01	1.632357e-01	1.749691e-01	-1.724822e-01	-2.589634e-01	8.648117e-02	-1.727223e-01	-5.866742e-03	-3.500112e-03	7.731626e-03	3.657012e-04	7.365925e-03
277           	3.382686e-01	1.633117e-01	1.749569e-01	-1.724619e-01	-2.589087e-01	8.644681e-02	-1.726777e-01	-5.822572e-03	-3.586377e-03	7.480929e-03	1.540877e-04	7.326841e-03
278           	3.383405e-01	1.633848e-01	1.749558e-01	-1.724585e-01	-2.589409e-01	8.648233e-02	-1.727116e-01	-5.785506e-03	-3.751745e-03	7.489649e-03	-6.920732e-06	7.496569e-03
279           	3.383917e-01	1.634437e-01	1.749480e-01	-1.723878e-01	-2.589842e-01	8.659633e-02	-1.727902e-01	-5.752132e-03	-3.963173e-03	7.726615e-03	-9.986536e-05	7.826480e-03
280           	3.383694e-01	1.634534e-01	1.749160e-01	-1.722153e-01	-2.590110e-01	8.679567e-02	-1.729033e-01	-5.731320e-03	-4.219561e-03	8.216897e-03	-1.111120e-04	8.328009e-03
281           	3.382201e-01	1.633729e-01	1.748472e-01	-1.719373e-01	-2.590130e-01	8.707572e-02	-1.730443e-01	-5.737119e-03	-4.527063e-03	9.025401e-03	-1.436232e-05	9.039763e-03
282           	3.378804e-01	1.631569e-01	1.747235e-01	-1.714866e-01	-2.589375e-01	8.745091e-02	-1.731942e-01	-5.783335e-03	-4.937112e-03	1.025770e-02	1.917365e-04	1.006596e-02
283           	3.375167e-01	1.629392e-01	1.745775e-01	-1.710168e-01	-2.588380e-01	8.782117e-02	-1.733296e-01	-5.819152e-03	-5.289908e-03	1.147494e-02	4.475621e-04	1.102738e-02
284           	3.371598e-01	1.627056e-01	1.744542e-01	-1.704939e-01	-2.586607e-01	8.816681e-02	-1.734138e-01	-5.874276e-03	-5.632723e-03	1.284483e-02	7.896936e-04	1.205514e-02
285           	3.368533e-01	1.624812e-01	1.743721e-01	-1.699421e-01	-2.583983e-01	8.845623e-02	-1.734273e-01	-5.945417e-03	-5.935184e-03	1.432487e-02	1.227253e-03	1.309762e-02
286           	3.366351e-01	1.622902e-01	1.743449e-01	-1.693969e-01	-2.580564e-01	8.865955e-02	-1.733580e-01	-6.027338e-03	-6.203137e-03	1.586596e-02	1.729843e-03	1.413612e-02
287           	3.365450e-01	1.621543e-01	1.743906e-01	-1.688958e-01	-2.576555e-01	8.875970e-02	-1.732076e-01	-6.118131e-03	-6.436035e-03	1.743299e-02	2.280459e-03	1.515253e-02
288           	3.365744e-01	1.620818e-01	1.744925e-01	-1.684815e-01	-2.572404e-01	8.875887e-02	-1.729996e-01	-6.205353e-03	-6.629099e-03	1.892498e-02	2.833390e-03	1.609159e-02
289           	3.367079e-01	1.620630e-01	1.746449e-01	-1.681732e-01	-2.568410e-01	8.866781e-02	-1.727544e-01	-6.290959e-03	-6.809985e-03	2.027001e-02	3.325019e-03	1.694499e-02
290           	3.368873e-01	1.620774e-01	1.748099e-01	-1.679966e-01	-2.565107e-01	8.851412e-02	-1.725124e-01	-6.366270e-03	-6.988281e-03	2.135080e-02	3.687118e-03	1.766368e-02
291           	3.370788e-01	1.621314e-01	1.749474e-01	-1.679247e-01	-2.562663e-01	8.834161e-02	-1.723040e-01	-6.408031e-03	-7.150268e-03	2.204469e-02	3.872079e-03	1.817262e-02
292           	3.373182e-01	1.622430e-01	1.750752e-01	-1.679951e-01	-2.561266e-01	8.813145e-02	-1.721290e-01	-6.416074e-03	-7.204192e-03	2.232472e-02	3.958169e-03	1.836655e-02
293           	3.374712e-01	1.623347e-01	1.751365e-01	-1.681166e-01	-2.560745e-01	8.795796e-02	-1.720162e-01	-6.400855e-03	-7.267549e-03	2.232344e-02	3.894172e-03	1.842927e-02
294           	3.376017e-01	1.624464e-01	1.751553e-01	-1.683153e-01	-2.561194e-01	8.780405e-02	-1.719617e-01	-6.354449e-03	-7.226291e-03	2.192554e-02	3.736479e-03	1.818906e-02
295           	3.377307e-01	1.625915e-01	1.751392e-01	-1.685910e-01	-2.562608e-01	8.766979e-02	-1.719653e-01	-6.273849e-03	-7.006215e-03	2.103075e-02	3.509160e-03	1.752159e-02
296           	3.377833e-01	1.626564e-01	1.751268e-01	-1.687390e-01	-2.563395e-01	8.760051e-02	-1.719700e-01	-6.235184e-03	-6.878852e-03	2.028713e-02	3.264711e-03	1.702242e-02
297           	3.378635e-01	1.627449e-01	1.751185e-01	-1.688845e-01	-2.564476e-01	8.756314e-02	-1.720054e-01	-6.186802e-03	-6.629492e-03	1.919263e-02	2.966825e-03	1.622581e-02
298           	3.379162e-01	1.628126e-01	1.751036e-01	-1.689974e-01	-2.565574e-01	8.756000e-02	-1.720587e-01	-6.145477e-03	-6.331997e-03	1.799308e-02	2.664544e-03	1.532854e-02
299           	3.379489e-01	1.628814e-01	1.750675e-01	-1.690240e-01	-2.566193e-01	8.759527e-02	-1.721073e-01	-6.093059e-03	-5.903887e-03	1.653656e-02	2.364391e-03	1.417217e-02
300           	3.379669e-01	1.628820e-01	1.750849e-01	-1.690208e-01	-2.566609e-01	8.764011e-02	-1.721505e-01	-6.101436e-03	-5.619374e-03	1.556400e-02	2.162624e-03	1.340137e-02
301           	3.379722e-01	1.629218e-01	1.750503e-01	-1.689343e-01	-2.566306e-01	8.769640e-02	-1.721635e-01	-6.064254e-03	-5.182842e-03	1.416787e-02	1.901093e-03	1.226678e-02
302           	3.379414e-01	1.629009e-01	1.750405e-01	-1.689432e-01	-2.566694e-01	8.772617e-02	-1.721978e-01	-6.069761e-03	-4.874060e-03	1.321101e-02	1.731445e-03	1.147957e-02
303           	3.378866e-01	1.628835e-01	1.750031e-01	-1.690021e-01	-2.567219e-01	8.771979e-02	-1.722208e-01	-6.059775e-03	-4.590291e-03	1.224537e-02	1.532392e-03	1.071297e-02
304           	3.378451e-01	1.628801e-01	1.749650e-01	-1.691683e-01	-2.568362e-01	8.766788e-02	-1.722520e-01	-6.042439e-03	-4.370299e-03	1.142240e-02	1.340901e-03	1.008150e-02
305           	3.378732e-01	1.629275e-01	1.749457e-01	-1.695025e-01	-2.570664e-01	8.756389e-02	-1.723152e-01	-6.009114e-03	-4.212531e-03	1.074594e-02	1.160439e-03	9.585502e-03
306           	3.379626e-01	1.630267e-01	1.749359e-01	-1.700390e-01	-2.574595e-01	8.742045e-02	-1.724400e-01	-5.954642e-03	-4.128224e-03	1.022052e-02	9.820350e-04	9.238484e-03
307           	3.381058e-01	1.631801e-01	1.749258e-01	-1.707415e-01	-2.579995e-01	8.725796e-02	-1.726287e-01	-5.872853e-03	-4.104586e-03	9.818467e-03	8.046472e-04	9.013820e-03
308           	3.382713e-01	1.633646e-01	1.749068e-01	-1.715672e-01	-2.586648e-01	8.709758e-02	-1.728812e-01	-5.771100e-03	-4.128411e-03	9.527568e-03	6.353729e-04	8.892195e-03
309           	3.384412e-01	1.635652e-01	1.748760e-01	-1.724481e-01	-2.594140e-01	8.696597e-02	-1.731900e-01	-5.655420e-03	-4.183089e-03	9.344132e-03	4.889777e-04	8.855155e-03
310           	3.385790e-01	1.637559e-01	1.748231e-01	-1.733359e-01	-2.602194e-01	8.688343e-02	-1.735514e-01	-5.533606e-03	-4.242248e-03	9.225969e-03	3.707368e-04	8.855233e-03
311           	3.386702e-01	1.639240e-01	1.747461e-01	-1.741622e-01	-2.610301e-01	8.686793e-02	-1.739490e-01	-5.411042e-03	-4.289940e-03	9.171910e-03	2.960155e-04	8.875895e-03
312           	3.387093e-01	1.640510e-01	1.746583e-01	-1.749019e-01	-2.618245e-01	8.692257e-02	-1.743735e-01	-5.303625e-03	-4.334702e-03	9.239685e-03	2.851405e-04	8.954544e-03
313           	3.387183e-01	1.641343e-01	1.745840e-01	-1.755026e-01	-2.625494e-01	8.704681e-02	-1.747981e-01	-5.224878e-03	-4.383336e-03	9.480016e-03	3.566725e-04	9.123344e-03
314           	3.387214e-01	1.641637e-01	1.745577e-01	-1.759462e-01	-2.631696e-01	8.722342e-02	-1.751965e-01	-5.196993e-03	-4.481734e-03	9.978967e-03	5.077493e-04	9.471218e-03
315           	3.387574e-01	1.641476e-01	1.746098e-01	-1.761583e-01	-2.636008e-01	8.744257e-02	-1.755217e-01	-5.231108e-03	-4.638684e-03	1.080013e-02	7.613815e-04	1.003875e-02
316           	3.388298e-01	1.640916e-01	1.747382e-01	-1.761103e-01	-2.637990e-01	8.768862e-02	-1.757438e-01	-5.323287e-03	-4.835974e-03	1.193448e-02	1.131265e-03	1.080321e-02
317           	3.389327e-01	1.640033e-01	1.749294e-01	-1.757785e-01	-2.637266e-01	8.794809e-02	-1.758373e-01	-5.463024e-03	-5.068045e-03	1.339283e-02	1.628371e-03	1.176446e-02
318           	3.390213e-01	1.638646e-01	1.751567e-01	-1.751615e-01	-2.633688e-01	8.820731e-02	-1.757881e-01	-5.646044e-03	-5.338413e-03	1.512811e-02	2.225645e-03	1.290247e-02
319           	3.391107e-01	1.637045e-01	1.754062e-01	-1.742631e-01	-2.627170e-01	8.845392e-02	-1.755854e-01	-5.850864e-03	-5.645749e-03	1.704793e-02	2.878214e-03	1.416971e-02
320           	3.391187e-01	1.634820e-01	1.756367e-01	-1.730713e-01	-2.617697e-01	8.869846e-02	-1.752341e-01	-6.077347e-03	-6.040612e-03	1.914673e-02	3.532752e-03	1.561398e-02
321           	3.391614e-01	1.633372e-01	1.758242e-01	-1.720143e-01	-2.608678e-01	8.885349e-02	-1.748607e-01	-6.243535e-03	-6.372159e-03	2.072835e-02	3.992018e-03	1.673634e-02
322           	3.390285e-01	1.631203e-01	1.759082e-01	-1.706714e-01	-2.597106e-01	8.903917e-02	-1.743749e-01	-6.393966e-03	-6.764051e-03	2.229861e-02	4.385253e-03	1.791335e-02
323           	3.387968e-01	1.629183e-01	1.758785e-01	-1.694468e-01	-2.586159e-01	8.916915e-02	-1.738925e-01	-6.480132e-03	-7.096326e-03	2.337385e-02	4.590598e-03	1.878325e-02
324           	3.384873e-01	1.627375e-01	1.757497e-01	-1.682428e-01	-2.575045e-01	8.926162e-02	-1.733830e-01	-6.506080e-03	-7.341290e-03	2.403569e-02	4.676553e-03	1.935913e-02
325           	3.381770e-01	1.626006e-01	1.755764e-01	-1.670816e-01	-2.563751e-01	8.929348e-02	-1.728343e-01	-6.487941e-03	-7.498701e-03	2.431754e-02	4.660071e-03	1.965747e-02
326           	3.379870e-01	1.625480e-01	1.754390e-01	-1.660705e-01	-2.553118e-01	8.924124e-02	-1.722765e-01	-6.445525e-03	-7.573842e-03	2.426884e-02	4.560577e-03	1.970826e-02
327           	3.378440e-01	1.625264e-01	1.753176e-01	-1.650578e-01	-2.541786e-01	8.912085e-02	-1.716497e-01	-6.395614e-03	-7.592875e-03	2.395696e-02	4.385606e-03	1.957136e-02
328           	3.378229e-01	1.625565e-01	1.752664e-01	-1.643684e-01	-2.532780e-01	8.890960e-02	-1.710938e-01	-6.354926e-03	-7.558311e-03	2.350323e-02	4.193302e-03	1.930992e-02
329           	3.379472e-01	1.626417e-01	1.753055e-01	-1.638825e-01	-2.525055e-01	8.862307e-02	-1.705643e-01	-6.331885e-03	-7.500053e-03	2.295170e-02	3.975796e-03	1.897590e-02
330           	3.381972e-01	1.627735e-01	1.754237e-01	-1.636779e-01	-2.519597e-01	8.828180e-02	-1.701207e-01	-6.325072e-03	-7.430331e-03	2.236841e-02	3.753875e-03	1.861454e-02
331           	3.385436e-01	1.629362e-01	1.756073e-01	-1.637578e-01	-2.516795e-01	8.792175e-02	-1.698006e-01	-6.335562e-03	-7.374404e-03	2.183400e-02	3.542597e-03	1.829141e-02
332           	3.389253e-01	1.631029e-01	1.758224e-01	-1.640820e-01	-2.516659e-01	8.758393e-02	-1.696249e-01	-6.359777e-03	-7.357986e-03	2.140702e-02	3.345524e-03	1.806150e-02
333           	3.393604e-01	1.632943e-01	1.760661e-01	-1.646921e-01	-2.519663e-01	8.727415e-02	-1.696202e-01	-6.385934e-03	-7.372955e-03	2.104623e-02	3.150161e-03	1.789607e-02
334           	3.396517e-01	1.633942e-01	1.762575e-01	-1.652847e-01	-2.523847e-01	8.709999e-02	-1.697423e-01	-6.431641e-03	-7.468152e-03	2.094495e-02	3.004321e-03	1.794063e-02
335           	3.398800e-01	1.634720e-01	1.764079e-01	-1.660899e-01	-2.530829e-01	8.699301e-02	-1.700380e-01	-6.467954e-03	-7.564505e-03	2.086555e-02	2.868270e-03	1.799728e-02
336           	3.399993e-01	1.635128e-01	1.764865e-01	-1.670216e-01	-2.539938e-01	8.697216e-02	-1.704830e-01	-6.486854e-03	-7.609877e-03	2.074532e-02	2.762781e-03	1.798254e-02
337           	3.400265e-01	1.635316e-01	1.764949e-01	-1.680605e-01	-2.550885e-01	8.702797e-02	-1.710582e-01	-6.481643e-03	-7.586148e-03	2.054814e-02	2.687924e-03	1.786022e-02
338           	3.399736e-01	1.635258e-01	1.764478e-01	-1.691837e-01	-2.563255e-01	8.714176e-02	-1.717336e-01	-6.461014e-03	-7.513398e-03	2.031939e-02	2.646300e-03	1.767309e-02
339           	3.398906e-01	1.635140e-01	1.763765e-01	-1.703533e-01	-2.576351e-01	8.728183e-02	-1.724585e-01	-6.431239e-03	-7.391239e-03	2.006010e-02	2.638811e-03	1.742129e-02
340           	3.397997e-01	1.634964e-01	1.763033e-01	-1.715468e-01	-2.589666e-01	8.741988e-02	-1.731933e-01	-6.403418e-03	-7.245368e-03	1.981044e-02	2.659854e-03	1.715059e-02
341           	3.397492e-01	1.634939e-01	1.762552e-01	-1.726800e-01	-2.602127e-01	8.753264e-02	-1.738727e-01	-6.380647e-03	-7.082802e-03	1.959555e-02	2.714973e-03	1.688058e-02
342           	3.397727e-01	1.635302e-01	1.762425e-01	-1.736910e-01	-2.612905e-01	8.759956e-02	-1.744450e-01	-6.356136e-03	-6.888475e-03	1.938792e-02	2.805484e-03	1.658243e-02
343           	3.398860e-01	1.636148e-01	1.762712e-01	-1.745600e-01	-2.621710e-01	8.761102e-02	-1.748910e-01	-6.328193e-03	-6.669522e-03	1.920791e-02	2.934432e-03	1.627348e-02
344           	3.400575e-01	1.637202e-01	1.763373e-01	-1.752740e-01	-2.628477e-01	8.757366e-02	-1.752107e-01	-6.308532e-03	-6.445687e-03	1.906447e-02	3.086550e-03	1.597792e-02
345           	3.402620e-01	1.638348e-01	1.764272e-01	-1.758206e-01	-2.633244e-01	8.750383e-02	-1.754141e-01	-6.296187e-03	-6.241157e-03	1.892950e-02	3.223592e-03	1.570591e-02
346           	3.404516e-01	1.639389e-01	1.765127e-01	-1.762096e-01	-2.636386e-01	8.742896e-02	-1.755338e-01	-6.286875e-03	-6.077040e-03	1.874195e-02	3.293933e-03	1.544801e-02
347           	3.405911e-01	1.640228e-01	1.765683e-01	-1.764554e-01	-2.638273e-01	8.737198e-02	-1.755997e-01	-6.272786e-03	-5.955952e-03	1.846726e-02	3.277676e-03	1.518958e-02
348           	3.406249e-01	1.640690e-01	1.765559e-01	-1.765355e-01	-2.638942e-01	8.735873e-02	-1.756265e-01	-6.243479e-03	-5.858913e-03	1.806775e-02	3.174959e-03	1.489279e-02
349           	3.405252e-01	1.640599e-01	1.764654e-01	-1.764474e-01	-2.638493e-01	8.740186e-02	-1.756256e-01	-6.202767e-03	-5.773983e-03	1.758302e-02	3.017526e-03	1.456549e-02
350           	3.402929e-01	1.639877e-01	1.763052e-01	-1.761605e-01	-2.636685e-01	8.750804e-02	-1.755883e-01	-6.158757e-03	-5.683527e-03	1.706083e-02	2.846886e-03	1.421394e-02
351           	3.399884e-01	1.638726e-01	1.761158e-01	-1.756510e-01	-2.633141e-01	8.766314e-02	-1.754886e-01	-6.121631e-03	-5.593426e-03	1.657165e-02	2.692396e-03	1.387925e-02
352           	3.396580e-01	1.637258e-01	1.759322e-01	-1.749032e-01	-2.627582e-01	8.785502e-02	-1.753066e-01	-6.103177e-03	-5.511554e-03	1.616820e-02	2.572546e-03	1.359565e-02
353           	3.392659e-01	1.635240e-01	1.757419e-01	-1.738280e-01	-2.619229e-01	8.809487e-02	-1.750089e-01	-6.108973e-03	-5.475934e-03	1.591739e-02	2.482762e-03	1.343463e-02
354           	3.390238e-01	1.633582e-01	1.756656e-01	-1.727434e-01	-2.610247e-01	8.828127e-02	-1.746530e-01	-6.153675e-03	-5.483381e-03	1.593015e-02	2.481694e-03	1.344846e-02
355           	3.387265e-01	1.631340e-01	1.755925e-01	-1.712724e-01	-2.597937e-01	8.852128e-02	-1.741575e-01	-6.229266e-03	-5.621807e-03	1.626222e-02	2.509302e-03	1.375292e-02
356           	3.385174e-01	1.629461e-01	1.755713e-01	-1.698568e-01	-2.585691e-01	8.871237e-02	-1.736408e-01	-6.312609e-03	-5.806714e-03	1.676181e-02	2.574190e-03	1.418762e-02
357           	3.383930e-01	1.628096e-01	1.755834e-01	-1.684690e-01	-2.573433e-01	8.887431e-02	-1.731088e-01	-6.386923e-03	-6.053715e-03	1.743399e-02	2.663282e-03	1.477071e-02
358           	3.382911e-01	1.627047e-01	1.755864e-01	-1.672015e-01	-2.562212e-01	8.901971e-02	-1.726204e-01	-6.440820e-03	-6.354835e-03	1.821181e-02	2.751071e-03	1.546074e-02
359           	3.381964e-01	1.626392e-01	1.755572e-01	-1.661163e-01	-2.552668e-01	8.915059e-02	-1.722087e-01	-6.459010e-03	-6.673407e-03	1.900518e-02	2.829185e-03	1.617600e-02
360           	3.380933e-01	1.626030e-01	1.754903e-01	-1.652523e-01	-2.545080e-01	8.925568e-02	-1.718818e-01	-6.443674e-03	-7.001837e-03	1.977640e-02	2.886361e-03	1.689003e-02
361           	3.379706e-01	1.625802e-01	1.753904e-01	-1.646287e-01	-2.539556e-01	8.932693e-02	-1.716413e-01	-6.405094e-03	-7.330785e-03	2.052849e-02	2.933460e-03	1.759503e-02
362           	3.378102e-01	1.625661e-01	1.752441e-01	-1.643057e-01	-2.536661e-01	8.936036e-02	-1.715132e-01	-6.339045e-03	-7.602680e-03	2.113815e-02	2.966397e-03	1.817176e-02
363           	3.376441e-01	1.625678e-01	1.750764e-01	-1.642686e-01	-2.536156e-01	8.934695e-02	-1.714813e-01	-6.254324e-03	-7.823419e-03	2.161674e-02	2.984954e-03	1.863179e-02
364           	3.375242e-01	1.625850e-01	1.749392e-01	-1.645380e-01	-2.538201e-01	8.928216e-02	-1.715511e-01	-6.177074e-03	-8.005710e-03	2.205001e-02	3.019293e-03	1.903071e-02
365           	3.375033e-01	1.626355e-01	1.748678e-01	-1.650652e-01	-2.542293e-01	8.916414e-02	-1.716967e-01	-6.116109e-03	-8.128008e-03	2.241713e-02	3.080560e-03	1.933657e-02
366           	3.375971e-01	1.627087e-01	1.748884e-01	-1.657724e-01	-2.547687e-01	8.899631e-02	-1.718825e-01	-6.089865e-03	-8.206997e-03	2.278019e-02	3.183100e-03	1.959709e-02
367           	3.378108e-01	1.627955e-01	1.750153e-01	-1.665730e-01	-2.553612e-01	8.878818e-02	-1.720747e-01	-6.109893e-03	-8.256556e-03	2.318962e-02	3.338252e-03	1.985136e-02
368           	3.381320e-01	1.628874e-01	1.752446e-01	-1.673835e-01	-2.559377e-01	8.855424e-02	-1.722460e-01	-6.178575e-03	-8.262904e-03	2.364732e-02	3.560756e-03	2.008656e-02
369           	3.385404e-01	1.629818e-01	1.755586e-01	-1.681455e-01	-2.564535e-01	8.830800e-02	-1.723807e-01	-6.288404e-03	-8.231428e-03	2.417736e-02	3.857254e-03	2.032011e-02
370           	3.389943e-01	1.630584e-01	1.759359e-01	-1.688260e-01	-2.568867e-01	8.806064e-02	-1.724737e-01	-6.438761e-03	-8.191616e-03	2.476564e-02	4.191202e-03	2.057443e-02
371           	3.394705e-01	1.631190e-01	1.763515e-01	-1.694166e-01	-2.572459e-01	8.782928e-02	-1.725376e-01	-6.616270e-03	-8.167890e-03	2.536402e-02	4.514120e-03	2.084990e-02
372           	3.399053e-01	1.631521e-01	1.767532e-01	-1.699291e-01	-2.575693e-01	8.764020e-02	-1.726048e-01	-6.800546e-03	-8.175704e-03	2.584361e-02	4.746099e-03	2.109751e-02
373           	3.402697e-01	1.631714e-01	1.770983e-01	-1.703804e-01	-2.578887e-01	8.750822e-02	-1.726984e-01	-6.963480e-03	-8.180658e-03	2.609210e-02	4.865391e-03	2.122671e-02
374           	3.404951e-01	1.631673e-01	1.773278e-01	-1.707728e-01	-2.582167e-01	8.744395e-02	-1.728303e-01	-7.080232e-03	-8.138524e-03	2.598578e-02	4.854367e-03	2.113142e-02
375           	3.405518e-01	1.631386e-01	1.774132e-01	-1.711283e-01	-2.585696e-01	8.744129e-02	-1.730054e-01	-7.137274e-03	-8.012665e-03	2.547021e-02	4.722439e-03	2.074777e-02
376           	3.404467e-01	1.630967e-01	1.773500e-01	-1.714162e-01	-2.589034e-01	8.748716e-02	-1.731953e-01	-7.126638e-03	-7.781838e-03	2.454206e-02	4.489190e-03	2.005287e-02
377           	3.402456e-01	1.630581e-01	1.771875e-01	-1.716159e-01	-2.591696e-01	8.755371e-02	-1.733617e-01	-7.064726e-03	-7.463588e-03	2.328944e-02	4.181131e-03	1.910831e-02
378           	3.400086e-01	1.630394e-01	1.769692e-01	-1.717053e-01	-2.593185e-01	8.761313e-02	-1.734658e-01	-6.964881e-03	-7.081377e-03	2.178207e-02	3.809659e-03	1.797241e-02
379           	3.397849e-01	1.630512e-01	1.767337e-01	-1.717270e-01	-2.593720e-01	8.764496e-02	-1.735085e-01	-6.841250e-03	-6.658014e-03	2.010471e-02	3.394339e-03	1.671037e-02
380           	3.396083e-01	1.631014e-01	1.765069e-01	-1.716817e-01	-2.593183e-01	8.763667e-02	-1.734775e-01	-6.702772e-03	-6.232883e-03	1.838727e-02	2.960752e-03	1.542652e-02
381           	3.395084e-01	1.631911e-01	1.763173e-01	-1.715880e-01	-2.591730e-01	8.758491e-02	-1.733789e-01	-6.563085e-03	-5.852919e-03	1.677595e-02	2.535059e-03	1.424090e-02
382           	3.394913e-01	1.633093e-01	1.761820e-01	-1.714636e-01	-2.589667e-01	8.750308e-02	-1.732349e-01	-6.436339e-03	-5.548499e-03	1.544270e-02	2.172851e-03	1.326985e-02
383           	3.395446e-01	1.634783e-01	1.760663e-01	-1.713574e-01	-2.587604e-01	8.740295e-02	-1.730817e-01	-6.294002e-03	-5.296775e-03	1.420041e-02	1.803432e-03	1.239698e-02
384           	3.396308e-01	1.636557e-01	1.759751e-01	-1.713065e-01	-2.586205e-01	8.731394e-02	-1.729672e-01	-6.159684e-03	-5.133917e-03	1.323323e-02	1.482699e-03	1.175053e-02
385           	3.397158e-01	1.638243e-01	1.758915e-01	-1.713245e-01	-2.585801e-01	8.725558e-02	-1.729178e-01	-6.033600e-03	-5.067120e-03	1.255984e-02	1.212799e-03	1.134704e-02
386           	3.397695e-01	1.639569e-01	1.758126e-01	-1.714138e-01	-2.586554e-01	8.724163e-02	-1.729485e-01	-5.927892e-03	-5.083538e-03	1.219335e-02	1.013135e-03	1.118021e-02
387           	3.397472e-01	1.640416e-01	1.757056e-01	-1.715832e-01	-2.588646e-01	8.728136e-02	-1.730730e-01	-5.832007e-03	-5.157189e-03	1.206831e-02	8.769673e-04	1.119135e-02
388           	3.396281e-01	1.640603e-01	1.755678e-01	-1.718194e-01	-2.591996e-01	8.738027e-02	-1.732900e-01	-5.753768e-03	-5.274446e-03	1.217397e-02	8.125364e-04	1.136143e-02
389           	3.394448e-01	1.640225e-01	1.754223e-01	-1.721043e-01	-2.596369e-01	8.753266e-02	-1.735848e-01	-5.699893e-03	-5.419778e-03	1.251306e-02	8.367498e-04	1.167631e-02
390           	3.392330e-01	1.639335e-01	1.752995e-01	-1.724154e-01	-2.601446e-01	8.772921e-02	-1.739369e-01	-5.682999e-03	-5.609968e-03	1.313565e-02	9.578579e-04	1.217779e-02
391           	3.390442e-01	1.638167e-01	1.752275e-01	-1.727097e-01	-2.606626e-01	8.795291e-02	-1.743078e-01	-5.705444e-03	-5.825454e-03	1.401557e-02	1.182331e-03	1.283324e-02
392           	3.388828e-01	1.636607e-01	1.752221e-01	-1.729563e-01	-2.611469e-01	8.819067e-02	-1.746688e-01	-5.780714e-03	-6.076897e-03	1.518459e-02	1.515398e-03	1.366919e-02
393           	3.387520e-01	1.634861e-01	1.752659e-01	-1.730654e-01	-2.614977e-01	8.843234e-02	-1.749650e-01	-5.889907e-03	-6.355815e-03	1.655632e-02	1.922342e-03	1.463397e-02
394           	3.386296e-01	1.632647e-01	1.753649e-01	-1.729814e-01	-2.616597e-01	8.867835e-02	-1.751690e-01	-6.050108e-03	-6.702361e-03	1.827637e-02	2.435823e-03	1.584054e-02
395           	3.386379e-01	1.631528e-01	1.754851e-01	-1.727361e-01	-2.615783e-01	8.884217e-02	-1.752102e-01	-6.166133e-03	-6.913602e-03	1.965094e-02	2.911870e-03	1.673907e-02
396           	3.386197e-01	1.629763e-01	1.756434e-01	-1.722404e-01	-2.612343e-01	8.899394e-02	-1.751141e-01	-6.333556e-03	-7.192057e-03	2.141146e-02	3.513672e-03	1.789779e-02
397           	3.386827e-01	1.628913e-01	1.757914e-01	-1.717184e-01	-2.607710e-01	8.905259e-02	-1.749118e-01	-6.450072e-03	-7.379462e-03	2.273719e-02	3.989135e-03	1.874806e-02
398           	3.387159e-01	1.627764e-01	1.759395e-01	-1.709591e-01	-2.600482e-01	8.908913e-02	-1.745687e-01	-6.581533e-03	-7.617731e-03	2.411641e-02	4.440476e-03	1.967594e-02
399           	3.387593e-01	1.627266e-01	1.760326e-01	-1.702856e-01	-2.593514e-01	8.906584e-02	-1.742086e-01	-6.653024e-03	-7.792477e-03	2.495105e-02	4.683047e-03	2.026800e-02
400           	3.387628e-01	1.626866e-01	1.760762e-01	-1.695088e-01	-2.585334e-01	8.902460e-02	-1.737790e-01	-6.694783e-03	-7.948640e-03	2.550639e-02	4.804553e-03	2.070183e-02
401           	3.387136e-01	1.626596e-01	1.760540e-01	-1.687287e-01	-2.576878e-01	8.895910e-02	-1.733235e-01	-6.697157e-03	-8.060575e-03	2.569225e-02	4.785552e-03	2.090670e-02
402           	3.386046e-01	1.626382e-01	1.759664e-01	-1.679849e-01	-2.568556e-01	8.887065e-02	-1.728631e-01	-6.664077e-03	-8.097786e-03	2.550902e-02	4.656722e-03	2.085230e-02
403           	3.384912e-01	1.626393e-01	1.758519e-01	-1.672912e-01	-2.560460e-01	8.875477e-02	-1.724004e-01	-6.606288e-03	-8.039306e-03	2.497412e-02	4.447756e-03	2.052637e-02
404           	3.384065e-01	1.626613e-01	1.757452e-01	-1.666794e-01	-2.552858e-01	8.860636e-02	-1.719461e-01	-6.541939e-03	-7.891514e-03	2.417281e-02	4.194893e-03	1.997792e-02
405           	3.383924e-01	1.627061e-01	1.756863e-01	-1.661724e-01	-2.545984e-01	8.842592e-02	-1.715121e-01	-6.490065e-03	-7.686716e-03	2.321320e-02	3.919885e-03	1.929332e-02
406           	3.384238e-01	1.627475e-01	1.756763e-01	-1.657814e-01	-2.540067e-01	8.822527e-02	-1.711160e-01	-6.464432e-03	-7.448963e-03	2.219979e-02	3.650932e-03	1.854886e-02
407           	3.385078e-01	1.627826e-01	1.757251e-01	-1.655104e-01	-2.535206e-01	8.801020e-02	-1.707654e-01	-6.471254e-03	-7.222543e-03	2.124412e-02	3.399518e-03	1.784460e-02
408           	3.386390e-01	1.628125e-01	1.758264e-01	-1.653937e-01	-2.531883e-01	8.779461e-02	-1.704915e-01	-6.506951e-03	-7.041557e-03	2.043459e-02	3.175737e-03	1.725885e-02
409           	3.388877e-01	1.628930e-01	1.759948e-01	-1.654552e-01	-2.530355e-01	8.758026e-02	-1.703079e-01	-6.550902e-03	-6.890050e-03	1.968883e-02	2.954362e-03	1.673446e-02
410           	3.391226e-01	1.629381e-01	1.761845e-01	-1.656585e-01	-2.530871e-01	8.742856e-02	-1.702578e-01	-6.623187e-03	-6.858377e-03	1.932391e-02	2.803577e-03	1.652033e-02
411           	3.394243e-01	1.630474e-01	1.763769e-01	-1.660756e-01	-2.533743e-01	8.729870e-02	-1.703365e-01	-6.664761e-03	-6.845220e-03	1.892723e-02	2.618394e-03	1.630883e-02
412           	3.396142e-01	1.631209e-01	1.764933e-01	-1.666346e-01	-2.538773e-01	8.724272e-02	-1.705600e-01	-6.686158e-03	-6.823514e-03	1.860305e-02	2.478010e-03	1.612504e-02
413           	3.397964e-01	1.632347e-01	1.765616e-01	-1.674101e-01	-2.546208e-01	8.721072e-02	-1.709158e-01	-6.663462e-03	-6.826998e-03	1.823639e-02	2.291194e-03	1.594519e-02
414           	3.398310e-01	1.633010e-01	1.765300e-01	-1.682732e-01	-2.555090e-01	8.723577e-02	-1.713724e-01	-6.614495e-03	-6.781163e-03	1.785341e-02	2.145544e-03	1.570787e-02
415           	3.397897e-01	1.633740e-01	1.764156e-01	-1.692870e-01	-2.565605e-01	8.727345e-02	-1.719170e-01	-6.520781e-03	-6.708037e-03	1.735925e-02	1.971587e-03	1.538766e-02
416           	3.397050e-01	1.634506e-01	1.762544e-01	-1.704040e-01	-2.577248e-01	8.732082e-02	-1.725228e-01	-6.401921e-03	-6.597558e-03	1.681721e-02	1.811049e-03	1.500616e-02
417           	3.396199e-01	1.635460e-01	1.760739e-01	-1.716119e-01	-2.589742e-01	8.736236e-02	-1.731683e-01	-6.263980e-03	-6.446324e-03	1.624163e-02	1.674491e-03	1.456714e-02
418           	3.395673e-01	1.636512e-01	1.759161e-01	-1.728312e-01	-2.602255e-01	8.739426e-02	-1.738099e-01	-6.132463e-03	-6.268480e-03	1.570752e-02	1.585278e-03	1.412224e-02
419           	3.395541e-01	1.637524e-01	1.758017e-01	-1.739866e-01	-2.613991e-01	8.741247e-02	-1.744058e-01	-6.024674e-03	-6.096608e-03	1.529326e-02	1.550021e-03	1.374324e-02
420           	3.395769e-01	1.638393e-01	1.757376e-01	-1.750087e-01	-2.624264e-01	8.741767e-02	-1.749220e-01	-5.949131e-03	-5.927764e-03	1.502437e-02	1.584423e-03	1.343995e-02
421           	3.396553e-01	1.639201e-01	1.757352e-01	-1.758556e-01	-2.632627e-01	8.740714e-02	-1.753349e-01	-5.907569e-03	-5.764444e-03	1.493481e-02	1.702961e-03	1.323185e-02
422           	3.397639e-01	1.639802e-01	1.757837e-01	-1.764992e-01	-2.638851e-01	8.738584e-02	-1.756355e-01	-5.901759e-03	-5.615921e-03	1.501860e-02	1.893381e-03	1.312522e-02
423           	3.398868e-01	1.640120e-01	1.758748e-01	-1.769190e-01	-2.642791e-01	8.736009e-02	-1.758196e-01	-5.931388e-03	-5.501619e-03	1.527791e-02	2.137335e-03	1.314057e-02
424           	3.399934e-01	1.640084e-01	1.759849e-01	-1.771237e-01	-2.644736e-01	8.734990e-02	-1.759118e-01	-5.988265e-03	-5.437519e-03	1.563866e-02	2.381813e-03	1.325685e-02
425           	3.400604e-01	1.639714e-01	1.760889e-01	-1.771290e-01	-2.645054e-01	8.737638e-02	-1.759409e-01	-6.058767e-03	-5.435572e-03	1.604523e-02	2.587041e-03	1.345818e-02
426           	3.400597e-01	1.638931e-01	1.761666e-01	-1.769388e-01	-2.643901e-01	8.745126e-02	-1.759207e-01	-6.136766e-03	-5.490819e-03	1.645961e-02	2.738988e-03	1.372063e-02
427           	3.399772e-01	1.637782e-01	1.761990e-01	-1.765319e-01	-2.641146e-01	8.758266e-02	-1.758486e-01	-6.210358e-03	-5.589884e-03	1.685003e-02	2.835132e-03	1.401490e-02
428           	3.397869e-01	1.636177e-01	1.761691e-01	-1.758904e-01	-2.636637e-01	8.777333e-02	-1.757185e-01	-6.275697e-03	-5.715516e-03	1.722624e-02	2.897604e-03	1.432864e-02
429           	3.394405e-01	1.633855e-01	1.760551e-01	-1.749075e-01	-2.629472e-01	8.803969e-02	-1.754934e-01	-6.334797e-03	-5.869559e-03	1.762842e-02	2.944653e-03	1.468377e-02
430           	3.390442e-01	1.631328e-01	1.759114e-01	-1.737290e-01	-2.620395e-01	8.831053e-02	-1.751750e-01	-6.389300e-03	-5.995870e-03	1.796418e-02	2.986222e-03	1.497796e-02
431           	3.386829e-01	1.629029e-01	1.757800e-01	-1.723383e-01	-2.609093e-01	8.857098e-02	-1.747401e-01	-6.438554e-03	-6.111358e-03	1.825374e-02	3.015514e-03	1.523823e-02
432           	3.383581e-01	1.626949e-01	1.756632e-01	-1.708069e-01	-2.596051e-01	8.879821e-02	-1.742016e-01	-6.484113e-03	-6.223193e-03	1.852320e-02	3.038406e-03	1.548479e-02
433           	3.380795e-01	1.625098e-01	1.755697e-01	-1.692151e-01	-2.581853e-01	8.897021e-02	-1.735778e-01	-6.529961e-03	-6.349009e-03	1.881696e-02	3.059471e-03	1.575749e-02
434           	3.378691e-01	1.623771e-01	1.754920e-01	-1.676600e-01	-2.567341e-01	8.907413e-02	-1.729041e-01	-6.557422e-03	-6.484511e-03	1.911028e-02	3.070629e-03	1.603965e-02
435           	3.377446e-01	1.622977e-01	1.754470e-01	-1.662311e-01	-2.553307e-01	8.909958e-02	-1.722151e-01	-6.574642e-03	-6.653729e-03	1.943561e-02	3.064077e-03	1.637154e-02
436           	3.376989e-01	1.622814e-01	1.754174e-01	-1.650309e-01	-2.540887e-01	8.905783e-02	-1.715733e-01	-6.567993e-03	-6.842532e-03	1.975400e-02	3.034470e-03	1.671953e-02
437           	3.377285e-01	1.623285e-01	1.754000e-01	-1.641166e-01	-2.530775e-01	8.896097e-02	-1.710193e-01	-6.535735e-03	-7.062096e-03	2.006860e-02	2.972205e-03	1.709640e-02
438           	3.378160e-01	1.624280e-01	1.753880e-01	-1.635078e-01	-2.523326e-01	8.882483e-02	-1.705787e-01	-6.480030e-03	-7.296309e-03	2.035330e-02	2.880343e-03	1.747296e-02
439           	3.379452e-01	1.625642e-01	1.753810e-01	-1.632162e-01	-2.518768e-01	8.866053e-02	-1.702686e-01	-6.408401e-03	-7.524496e-03	2.059955e-02	2.775279e-03	1.782427e-02
440           	3.380644e-01	1.627070e-01	1.753574e-01	-1.632366e-01	-2.517203e-01	8.848370e-02	-1.701020e-01	-6.325218e-03	-7.706582e-03	2.075234e-02	2.669590e-03	1.808275e-02
441           	3.381571e-01	1.628389e-01	1.753182e-01	-1.635271e-01	-2.518432e-01	8.831606e-02	-1.700796e-01	-6.239635e-03	-7.822496e-03	2.080517e-02	2.580091e-03	1.822508e-02
442           	3.382668e-01	1.629501e-01	1.753167e-01	-1.642051e-01	-2.523330e-01	8.812791e-02	-1.702304e-01	-6.183326e-03	-7.916738e-03	2.091584e-02	2.541183e-03	1.837466e-02
443           	3.383492e-01	1.630182e-01	1.753310e-01	-1.650956e-01	-2.530705e-01	8.797491e-02	-1.705227e-01	-6.156381e-03	-7.980334e-03	2.104332e-02	2.541327e-03	1.850200e-02
444           	3.384588e-01	1.630553e-01	1.754035e-01	-1.661433e-01	-2.539864e-01	8.784308e-02	-1.709147e-01	-6.174103e-03	-8.004615e-03	2.122554e-02	2.608153e-03	1.861738e-02
445           	3.386166e-01	1.630741e-01	1.755425e-01	-1.672780e-01	-2.550067e-01	8.772867e-02	-1.713677e-01	-6.234179e-03	-7.999376e-03	2.148147e-02	2.741361e-03	1.874011e-02
446           	3.388221e-01	1.630688e-01	1.757532e-01	-1.684213e-01	-2.560532e-01	8.763183e-02	-1.718425e-01	-6.342197e-03	-7.996251e-03	2.188387e-02	2.945684e-03	1.893819e-02
447           	3.391028e-01	1.630697e-01	1.760332e-01	-1.695217e-01	-2.570675e-01	8.754584e-02	-1.723067e-01	-6.481761e-03	-7.963436e-03	2.236591e-02	3.219517e-03	1.914639e-02
448           	3.394431e-01	1.630855e-01	1.763576e-01	-1.705331e-01	-2.580040e-01	8.747094e-02	-1.727375e-01	-6.636050e-03	-7.896129e-03	2.289958e-02	3.553660e-03	1.934592e-02
449           	3.397763e-01	1.630956e-01	1.766807e-01	-1.714590e-01	-2.588623e-01	8.740331e-02	-1.731328e-01	-6.792557e-03	-7.789666e-03	2.334690e-02	3.883786e-03	1.946312e-02
450           	3.400560e-01	1.630959e-01	1.769600e-01	-1.723040e-01	-2.596522e-01	8.734814e-02	-1.735002e-01	-6.932039e-03	-7.670639e-03	2.363785e-02	4.148288e-03	1.948957e-02
451           	3.402617e-01	1.631001e-01	1.771616e-01	-1.730628e-01	-2.603741e-01	8.731127e-02	-1.738427e-01	-7.030703e-03	-7.537060e-03	2.364540e-02	4.285641e-03	1.935976e-02
452           	3.403530e-01	1.631046e-01	1.772484e-01	-1.737519e-01	-2.610479e-01	8.729601e-02	-1.741719e-01	-7.071873e-03	-7.393917e-03	2.332516e-02	4.268665e-03	1.905650e-02
453           	3.403327e-01	1.631036e-01	1.772291e-01	-1.743039e-01	-2.616188e-01	8.731489e-02	-1.744668e-01	-7.062722e-03	-7.252504e-03	2.277457e-02	4.134779e-03	1.863979e-02
454           	3.402501e-01	1.631823e-01	1.770679e-01	-1.748074e-01	-2.621524e-01	8.734497e-02	-1.747487e-01	-6.942809e-03	-6.954721e-03	2.154165e-02	3.816106e-03	1.772555e-02
455           	3.401036e-01	1.632384e-01	1.768652e-01	-1.750904e-01	-2.624875e-01	8.739711e-02	-1.749423e-01	-6.813377e-03	-6.700393e-03	2.038028e-02	3.489748e-03	1.689053e-02
456           	3.399079e-01	1.633584e-01	1.765496e-01	-1.752740e-01	-2.627361e-01	8.746206e-02	-1.750991e-01	-6.595605e-03	-6.289329e-03	1.860238e-02	3.011859e-03	1.559052e-02
457           	3.396774e-01	1.634432e-01	1.762342e-01	-1.752778e-01	-2.628107e-01	8.753290e-02	-1.751718e-01	-6.395479e-03	-5.893656e-03	1.695498e-02	2.583833e-03	1.437115e-02
458           	3.394379e-01	1.635164e-01	1.759215e-01	-1.751245e-01	-2.627304e-01	8.760595e-02	-1.751682e-01	-6.202548e-03	-5.489431e-03	1.531243e-02	2.166784e-03	1.314565e-02
459           	3.392291e-01	1.635829e-01	1.756461e-01	-1.748279e-01	-2.624991e-01	8.767113e-02	-1.750851e-01	-6.031600e-03	-5.088890e-03	1.375097e-02	1.786596e-03	1.196438e-02
460           	3.390571e-01	1.636307e-01	1.754264e-01	-1.743977e-01	-2.621272e-01	8.772956e-02	-1.749284e-01	-5.897808e-03	-4.738849e-03	1.242501e-02	1.473655e-03	1.095135e-02
461           	3.389435e-01	1.636516e-01	1.752919e-01	-1.738954e-01	-2.616742e-01	8.777883e-02	-1.747265e-01	-5.820146e-03	-4.478877e-03	1.148439e-02	1.263319e-03	1.022107e-02
462           	3.388260e-01	1.636286e-01	1.751974e-01	-1.732753e-01	-2.611193e-01	8.784400e-02	-1.744816e-01	-5.784432e-03	-4.315890e-03	1.084575e-02	1.106988e-03	9.738767e-03
463           	3.387157e-01	1.635670e-01	1.751487e-01	-1.725988e-01	-2.605222e-01	8.792344e-02	-1.742228e-01	-5.790816e-03	-4.283216e-03	1.063752e-02	1.035542e-03	9.601973e-03
464           	3.386503e-01	1.634933e-01	1.751570e-01	-1.718978e-01	-2.599144e-01	8.801659e-02	-1.739655e-01	-5.831890e-03	-4.389589e-03	1.088228e-02	1.051551e-03	9.830729e-03
465           	3.386399e-01	1.634239e-01	1.752160e-01	-1.712118e-01	-2.593368e-01	8.812508e-02	-1.737310e-01	-5.896045e-03	-4.616659e-03	1.153452e-02	1.150600e-03	1.038392e-02
466           	3.386303e-01	1.633476e-01	1.752827e-01	-1.705683e-01	-2.588252e-01	8.825692e-02	-1.735411e-01	-5.967544e-03	-4.938101e-03	1.249673e-02	1.310263e-03	1.118646e-02
467           	3.385662e-01	1.632277e-01	1.753385e-01	-1.699092e-01	-2.583381e-01	8.842891e-02	-1.733835e-01	-6.055440e-03	-5.423524e-03	1.388128e-02	1.517115e-03	1.236416e-02
468           	3.384839e-01	1.631351e-01	1.753488e-01	-1.694037e-01	-2.579998e-01	8.859612e-02	-1.732980e-01	-6.106833e-03	-5.848416e-03	1.513472e-02	1.718946e-03	1.341578e-02
469           	3.383656e-01	1.630460e-01	1.753196e-01	-1.689814e-01	-2.577532e-01	8.877185e-02	-1.732625e-01	-6.136837e-03	-6.268126e-03	1.639449e-02	1.929117e-03	1.446537e-02
470           	3.382026e-01	1.629651e-01	1.752375e-01	-1.686432e-01	-2.575947e-01	8.895150e-02	-1.732731e-01	-6.136225e-03	-6.630678e-03	1.754869e-02	2.143669e-03	1.540502e-02
471           	3.380297e-01	1.629008e-01	1.751288e-01	-1.683796e-01	-2.574911e-01	8.911150e-02	-1.733013e-01	-6.114016e-03	-6.949478e-03	1.859068e-02	2.345862e-03	1.624482e-02
472           	3.378828e-01	1.628500e-01	1.750328e-01	-1.681961e-01	-2.574321e-01	8.923600e-02	-1.733340e-01	-6.091409e-03	-7.211293e-03	1.953845e-02	2.557930e-03	1.698052e-02
473           	3.377983e-01	1.628262e-01	1.749722e-01	-1.680934e-01	-2.574016e-01	8.930820e-02	-1.733549e-01	-6.072993e-03	-7.417209e-03	2.037106e-02	2.768323e-03	1.760274e-02
474           	3.378036e-01	1.628394e-01	1.749642e-01	-1.680208e-01	-2.573354e-01	8.931461e-02	-1.733250e-01	-6.062406e-03	-7.564063e-03	2.104423e-02	2.958054e-03	1.808618e-02
475           	3.379078e-01	1.628559e-01	1.750519e-01	-1.679424e-01	-2.571961e-01	8.925371e-02	-1.732249e-01	-6.097997e-03	-7.707442e-03	2.182434e-02	3.204730e-03	1.861961e-02
476           	3.380899e-01	1.628887e-01	1.752012e-01	-1.678683e-01	-2.569936e-01	8.912537e-02	-1.730595e-01	-6.156270e-03	-7.792956e-03	2.252557e-02	3.469828e-03	1.905574e-02
477           	3.383485e-01	1.629359e-01	1.754126e-01	-1.678036e-01	-2.567351e-01	8.893152e-02	-1.728333e-01	-6.238363e-03	-7.823335e-03	2.314615e-02	3.749739e-03	1.939641e-02
478           	3.386862e-01	1.630017e-01	1.756844e-01	-1.677520e-01	-2.564377e-01	8.868565e-02	-1.725617e-01	-6.341350e-03	-7.814719e-03	2.364847e-02	4.009517e-03	1.963895e-02
479           	3.390540e-01	1.630710e-01	1.759830e-01	-1.677213e-01	-2.561404e-01	8.841910e-02	-1.722797e-01	-6.456002e-03	-7.788418e-03	2.399425e-02	4.208707e-03	1.978554e-02
480           	3.393529e-01	1.631061e-01	1.762468e-01	-1.677297e-01	-2.558973e-01	8.816763e-02	-1.720325e-01	-6.570384e-03	-7.769543e-03	2.416687e-02	4.313890e-03	1.985298e-02
481           	3.395766e-01	1.631120e-01	1.764646e-01	-1.678141e-01	-2.557481e-01	8.793394e-02	-1.718410e-01	-6.676291e-03	-7.686221e-03	2.406320e-02	4.345380e-03	1.971782e-02
482           	3.396102e-01	1.630106e-01	1.765996e-01	-1.678590e-01	-2.556556e-01	8.779659e-02	-1.717261e-01	-6.794516e-03	-7.733668e-03	2.402761e-02	4.280138e-03	1.974747e-02
483           	3.396275e-01	1.629461e-01	1.766814e-01	-1.679165e-01	-2.556020e-01	8.768551e-02	-1.716437e-01	-6.867641e-03	-7.615206e-03	2.351339e-02	4.141491e-03	1.937190e-02
484           	3.395725e-01	1.628441e-01	1.767284e-01	-1.679140e-01	-2.555403e-01	8.762630e-02	-1.715833e-01	-6.942140e-03	-7.499314e-03	2.295796e-02	3.979667e-03	1.897830e-02
485           	3.395057e-01	1.627625e-01	1.767431e-01	-1.678789e-01	-2.554669e-01	8.758803e-02	-1.715275e-01	-6.990294e-03	-7.310791e-03	2.216925e-02	3.773836e-03	1.839542e-02
486           	3.394550e-01	1.627030e-01	1.767520e-01	-1.678708e-01	-2.554143e-01	8.754344e-02	-1.714788e-01	-7.024511e-03	-7.091159e-03	2.127458e-02	3.546129e-03	1.772845e-02
487           	3.394679e-01	1.626926e-01	1.767753e-01	-1.679392e-01	-2.554144e-01	8.747522e-02	-1.714448e-01	-7.041376e-03	-6.867664e-03	2.032835e-02	3.296513e-03	1.703184e-02
488           	3.395416e-01	1.627395e-01	1.768020e-01	-1.681286e-01	-2.555091e-01	8.738050e-02	-1.714448e-01	-7.031252e-03	-6.662689e-03	1.936269e-02	3.018658e-03	1.634404e-02
489           	3.396776e-01	1.628585e-01	1.768191e-01	-1.684641e-01	-2.557333e-01	8.726927e-02	-1.715013e-01	-6.980270e-03	-6.494052e-03	1.840259e-02	2.707244e-03	1.569535e-02
490           	3.398274e-01	1.630290e-01	1.767984e-01	-1.689125e-01	-2.560778e-01	8.716525e-02	-1.716215e-01	-6.884666e-03	-6.376726e-03	1.748897e-02	2.367758e-03	1.512121e-02
491           	3.399692e-01	1.632382e-01	1.767310e-01	-1.694488e-01	-2.565296e-01	8.708082e-02	-1.718052e-01	-6.746379e-03	-6.299092e-03	1.663209e-02	2.016953e-03	1.461514e-02
492           	3.400164e-01	1.634300e-01	1.765864e-01	-1.699829e-01	-2.570310e-01	8.704801e-02	-1.720395e-01	-6.578201e-03	-6.224361e-03	1.581929e-02	1.685284e-03	1.413401e-02
493           	3.399962e-01	1.636318e-01	1.763644e-01	-1.705685e-01	-2.576183e-01	8.704983e-02	-1.723341e-01	-6.366348e-03	-6.124246e-03	1.491296e-02	1.332233e-03	1.358072e-02
494           	3.398777e-01	1.637730e-01	1.761047e-01	-1.712020e-01	-2.582977e-01	8.709574e-02	-1.726967e-01	-6.165878e-03	-6.047489e-03	1.417005e-02	1.037536e-03	1.313251e-02
495           	3.396740e-01	1.638434e-01	1.758305e-01	-1.718713e-01	-2.590524e-01	8.718108e-02	-1.731167e-01	-5.993541e-03	-5.984792e-03	1.363373e-02	8.320722e-04	1.280166e-02
496           	3.394165e-01	1.638464e-01	1.755701e-01	-1.725659e-01	-2.598593e-01	8.729339e-02	-1.735763e-01	-5.861856e-03	-5.938624e-03	1.334821e-02	7.354805e-04	1.261273e-02
497           	3.391534e-01	1.637931e-01	1.753603e-01	-1.732527e-01	-2.606714e-01	8.741871e-02	-1.740451e-01	-5.783607e-03	-5.913970e-03	1.335903e-02	7.655439e-04	1.259348e-02
498           	3.389030e-01	1.636829e-01	1.752201e-01	-1.738821e-01	-2.614317e-01	8.754963e-02	-1.744907e-01	-5.768560e-03	-5.912342e-03	1.370714e-02	9.412301e-04	1.276591e-02
499           	3.387103e-01	1.635344e-01	1.751758e-01	-1.744118e-01	-2.620896e-01	8.767786e-02	-1.748837e-01	-5.820705e-03	-5.952362e-03	1.444639e-02	1.270833e-03	1.317556e-02
500           	3.386063e-01	1.633659e-01	1.752404e-01	-1.748105e-01	-2.626056e-01	8.779509e-02	-1.752003e-01	-5.937210e-03	-6.043523e-03	1.558704e-02	1.749995e-03	1.383704e-02
501           	3.386271e-01	1.632162e-01	1.754109e-01	-1.750267e-01	-2.629320e-01	8.790525e-02	-1.754186e-01	-6.097314e-03	-6.201271e-03	1.707069e-02	2.334074e-03	1.473662e-02
502           	3.387314e-01	1.630788e-01	1.756526e-01	-1.750240e-01	-2.630409e-01	8.801691e-02	-1.755289e-01	-6.286916e-03	-6.423002e-03	1.877343e-02	2.963715e-03	1.580972e-02
503           	3.388573e-01	1.629376e-01	1.759197e-01	-1.748093e-01	-2.629505e-01	8.814123e-02	-1.755459e-01	-6.491017e-03	-6.712618e-03	2.055347e-02	3.564115e-03	1.698935e-02
504           	3.388855e-01	1.627497e-01	1.761357e-01	-1.743612e-01	-2.626753e-01	8.831411e-02	-1.754947e-01	-6.692994e-03	-7.092477e-03	2.236444e-02	4.089740e-03	1.827470e-02
505           	3.388234e-01	1.625685e-01	1.762549e-01	-1.737768e-01	-2.622845e-01	8.850767e-02	-1.753961e-01	-6.843182e-03	-7.444482e-03	2.378110e-02	4.446068e-03	1.933503e-02
506           	3.386458e-01	1.623866e-01	1.762593e-01	-1.730331e-01	-2.617692e-01	8.873613e-02	-1.752527e-01	-6.936328e-03	-7.758117e-03	2.483203e-02	4.657899e-03	2.017413e-02
507           	3.383571e-01	1.622090e-01	1.761481e-01	-1.721567e-01	-2.611441e-01	8.898731e-02	-1.750657e-01	-6.969579e-03	-8.000484e-03	2.548240e-02	4.740715e-03	2.074168e-02
508           	3.379856e-01	1.620564e-01	1.759293e-01	-1.711733e-01	-2.604098e-01	8.923646e-02	-1.748231e-01	-6.936457e-03	-8.125131e-03	2.567603e-02	4.712883e-03	2.096314e-02
509           	3.375878e-01	1.619346e-01	1.756532e-01	-1.700983e-01	-2.595578e-01	8.945950e-02	-1.745086e-01	-6.859290e-03	-8.148731e-03	2.547345e-02	4.587994e-03	2.088545e-02
510           	3.371976e-01	1.618511e-01	1.753465e-01	-1.689979e-01	-2.586346e-01	8.963673e-02	-1.741357e-01	-6.747697e-03	-8.060622e-03	2.489601e-02	4.387383e-03	2.050863e-02
511           	3.368431e-01	1.618021e-01	1.750410e-01	-1.679133e-01	-2.576675e-01	8.975426e-02	-1.737109e-01	-6.619453e-03	-7.884890e-03	2.404378e-02	4.137001e-03	1.990678e-02
512           	3.365459e-01	1.617856e-01	1.747604e-01	-1.668526e-01	-2.566606e-01	8.980803e-02	-1.732343e-01	-6.487388e-03	-7.647377e-03	2.301849e-02	3.861870e-03	1.915662e-02
513           	3.364022e-01	1.618191e-01	1.745830e-01	-1.659183e-01	-2.556954e-01	8.977714e-02	-1.727363e-01	-6.381932e-03	-7.422314e-03	2.206236e-02	3.608865e-03	1.845349e-02
514           	3.362981e-01	1.618766e-01	1.744215e-01	-1.648720e-01	-2.545792e-01	8.970721e-02	-1.721432e-01	-6.272471e-03	-7.094066e-03	2.085674e-02	3.334306e-03	1.752244e-02
515           	3.362930e-01	1.619267e-01	1.743663e-01	-1.640904e-01	-2.536514e-01	8.956098e-02	-1.716062e-01	-6.219777e-03	-6.885718e-03	2.003071e-02	3.129636e-03	1.690107e-02
516           	3.363405e-01	1.619655e-01	1.743750e-01	-1.634031e-01	-2.527792e-01	8.937608e-02	-1.710776e-01	-6.204746e-03	-6.709137e-03	1.933110e-02	2.956413e-03	1.637469e-02
517           	3.364339e-01	1.619849e-01	1.744490e-01	-1.629125e-01	-2.520726e-01	8.916009e-02	-1.706163e-01	-6.232035e-03	-6.608059e-03	1.888889e-02	2.836388e-03	1.605251e-02
518           	3.365950e-01	1.620066e-01	1.745884e-01	-1.626766e-01	-2.515978e-01	8.892115e-02	-1.702595e-01	-6.290905e-03	-6.582654e-03	1.870046e-02	2.767576e-03	1.593288e-02
519           	3.368448e-01	1.620488e-01	1.747960e-01	-1.627470e-01	-2.514189e-01	8.867183e-02	-1.700453e-01	-6.373583e-03	-6.646660e-03	1.877006e-02	2.738370e-03	1.603169e-02
520           	3.371564e-01	1.621090e-01	1.750474e-01	-1.631321e-01	-2.515679e-01	8.843587e-02	-1.700019e-01	-6.469169e-03	-6.800994e-03	1.905890e-02	2.728455e-03	1.633044e-02
521           	3.375948e-01	1.622337e-01	1.753611e-01	-1.638706e-01	-2.520738e-01	8.820325e-02	-1.701385e-01	-6.563717e-03	-7.025559e-03	1.949101e-02	2.719948e-03	1.677107e-02
522           	3.379708e-01	1.623380e-01	1.756328e-01	-1.647968e-01	-2.528393e-01	8.804249e-02	-1.704409e-01	-6.647397e-03	-7.244548e-03	1.991008e-02	2.710494e-03	1.719959e-02
523           	3.382865e-01	1.624446e-01	1.758419e-01	-1.659275e-01	-2.538597e-01	8.793224e-02	-1.708960e-01	-6.698647e-03	-7.414335e-03	2.018044e-02	2.675884e-03	1.750455e-02
524           	3.385331e-01	1.625633e-01	1.759698e-01	-1.671971e-01	-2.550750e-01	8.787789e-02	-1.714764e-01	-6.703221e-03	-7.480836e-03	2.019902e-02	2.618673e-03	1.758035e-02
525           	3.386694e-01	1.626678e-01	1.760016e-01	-1.685641e-01	-2.564260e-01	8.786196e-02	-1.721440e-01	-6.666881e-03	-7.456832e-03	1.998045e-02	2.533395e-03	1.744706e-02
526           	3.387412e-01	1.627741e-01	1.759671e-01	-1.699446e-01	-2.578256e-01	8.788100e-02	-1.728533e-01	-6.596468e-03	-7.349664e-03	1.956537e-02	2.433020e-03	1.713235e-02
527           	3.387865e-01	1.628905e-01	1.758961e-01	-1.713063e-01	-2.592182e-01	8.791190e-02	-1.735650e-01	-6.502792e-03	-7.165536e-03	1.899501e-02	2.331970e-03	1.666304e-02
528           	3.388257e-01	1.630019e-01	1.758238e-01	-1.725692e-01	-2.605204e-01	8.795121e-02	-1.742358e-01	-6.410928e-03	-6.952117e-03	1.840610e-02	2.250933e-03	1.615517e-02
529           	3.388536e-01	1.630949e-01	1.757587e-01	-1.735712e-01	-2.615587e-01	8.798754e-02	-1.747731e-01	-6.331908e-03	-6.731474e-03	1.790086e-02	2.218956e-03	1.568190e-02
530           	3.389347e-01	1.632061e-01	1.757285e-01	-1.745285e-01	-2.625193e-01	8.799085e-02	-1.752551e-01	-6.261196e-03	-6.457563e-03	1.741800e-02	2.251439e-03	1.516656e-02
531           	3.390454e-01	1.633048e-01	1.757406e-01	-1.750860e-01	-2.630699e-01	8.798382e-02	-1.755268e-01	-6.217879e-03	-6.232707e-03	1.717502e-02	2.354801e-03	1.482021e-02
532           	3.391542e-01	1.633768e-01	1.757775e-01	-1.754810e-01	-2.634345e-01	8.795349e-02	-1.756940e-01	-6.200362e-03	-6.010513e-03	1.706536e-02	2.522169e-03	1.454320e-02
533           	3.392821e-01	1.634316e-01	1.758505e-01	-1.756817e-01	-2.635927e-01	8.791106e-02	-1.757519e-01	-6.209449e-03	-5.836427e-03	1.707862e-02	2.702884e-03	1.437574e-02
534           	3.393949e-01	1.634628e-01	1.759321e-01	-1.757092e-01	-2.635842e-01	8.787499e-02	-1.757296e-01	-6.234608e-03	-5.736128e-03	1.716529e-02	2.846519e-03	1.431877e-02
535           	3.394448e-01	1.634558e-01	1.759890e-01	-1.755906e-01	-2.634577e-01	8.786704e-02	-1.756623e-01	-6.266609e-03	-5.703337e-03	1.725982e-02	2.926571e-03	1.433324e-02
536           	3.393742e-01	1.633858e-01	1.759884e-01	-1.753462e-01	-2.632524e-01	8.790621e-02	-1.755793e-01	-6.301277e-03	-5.732354e-03	1.736238e-02	2.948836e-03	1.441354e-02
537           	3.392072e-01	1.632743e-01	1.759329e-01	-1.749394e-01	-2.629355e-01	8.799605e-02	-1.754658e-01	-6.329275e-03	-5.795447e-03	1.745797e-02	2.933536e-03	1.452443e-02
538           	3.389939e-01	1.631392e-01	1.758547e-01	-1.743426e-01	-2.624675e-01	8.812486e-02	-1.752962e-01	-6.357760e-03	-5.873446e-03	1.756725e-02	2.910182e-03	1.465707e-02
539           	3.387324e-01	1.629714e-01	1.757610e-01	-1.734927e-01	-2.617870e-01	8.829427e-02	-1.750406e-01	-6.394798e-03	-5.975851e-03	1.773083e-02	2.889563e-03	1.484126e-02
540           	3.385258e-01	1.628195e-01	1.757063e-01	-1.725791e-01	-2.610210e-01	8.844191e-02	-1.747315e-01	-6.443363e-03	-6.052484e-03	1.790266e-02	2.898845e-03	1.500381e-02
541           	3.382551e-01	1.626097e-01	1.756454e-01	-1.713282e-01	-2.599561e-01	8.862785e-02	-1.742920e-01	-6.517873e-03	-6.228960e-03	1.830014e-02	2.921113e-03	1.537903e-02
542           	3.380497e-01	1.624323e-01	1.756174e-01	-1.700615e-01	-2.588291e-01	8.876756e-02	-1.737983e-01	-6.592522e-03	-6.411475e-03	1.874254e-02	2.959794e-03	1.578274e-02
543           	3.379295e-01	1.623066e-01	1.756228e-01	-1.687446e-01	-2.576168e-01	8.887220e-02	-1.732445e-01	-6.658088e-03	-6.625524e-03	1.925869e-02	3.003818e-03	1.625487e-02
544           	3.378739e-01	1.622373e-01	1.756366e-01	-1.674732e-01	-2.564216e-01	8.894839e-02	-1.726850e-01	-6.699684e-03	-6.852157e-03	1.979212e-02	3.043901e-03	1.674821e-02
545           	3.378606e-01	1.622258e-01	1.756348e-01	-1.662875e-01	-2.552899e-01	8.900245e-02	-1.721462e-01	-6.704475e-03	-7.114087e-03	2.033994e-02	3.055883e-03	1.728406e-02
546           	3.378478e-01	1.622495e-01	1.755983e-01	-1.652231e-01	-2.542679e-01	8.904478e-02	-1.716563e-01	-6.674402e-03	-7.393301e-03	2.086414e-02	3.038767e-03	1.782537e-02
547           	3.378321e-01	1.623028e-01	1.755292e-01	-1.643189e-01	-2.533908e-01	8.907186e-02	-1.712313e-01	-6.613196e-03	-7.662579e-03	2.134675e-02	3.010794e-03	1.833595e-02
548           	3.377850e-01	1.623612e-01	1.754238e-01	-1.636111e-01	-2.526917e-01	8.908063e-02	-1.708862e-01	-6.531275e-03	-7.918884e-03	2.175242e-02	2.957324e-03	1.879509e-02
549           	3.377233e-01	1.624292e-01	1.752941e-01	-1.631452e-01	-2.522086e-01	8.906342e-02	-1.706360e-01	-6.432422e-03	-8.113239e-03	2.202635e-02	2.899937e-03	1.912642e-02
550           	3.376390e-01	1.624869e-01	1.751521e-01	-1.629942e-01	-2.520134e-01	8.901919e-02	-1.705163e-01	-6.332611e-03	-8.267837e-03	2.222952e-02	2.846924e-03	1.938260e-02
551           	3.375790e-01	1.625322e-01	1.750469e-01	-1.631802e-01	-2.521217e-01	8.894159e-02	-1.705317e-01	-6.257346e-03	-8.378108e-03	2.243266e-02	2.838221e-03	1.959444e-02
552           	3.375859e-01	1.625760e-01	1.750099e-01	-1.636862e-01	-2.525143e-01	8.882807e-02	-1.706712e-01	-6.216936e-03	-8.441728e-03	2.264350e-02	2.880020e-03	1.976348e-02
553           	3.376777e-01	1.626142e-01	1.750636e-01	-1.644501e-01	-2.531317e-01	8.868162e-02	-1.709067e-01	-6.224687e-03	-8.451000e-03	2.289615e-02	2.997074e-03	1.989907e-02
554           	3.378303e-01	1.626255e-01	1.752048e-01	-1.653768e-01	-2.538917e-01	8.851489e-02	-1.712033e-01	-6.289619e-03	-8.440939e-03	2.327067e-02	3.194397e-03	2.007627e-02
555           	3.380669e-01	1.626289e-01	1.754380e-01	-1.663962e-01	-2.547266e-01	8.833040e-02	-1.715285e-01	-6.404538e-03	-8.408554e-03	2.376600e-02	3.474446e-03	2.029155e-02
556           	3.383919e-01	1.626332e-01	1.757587e-01	-1.674355e-01	-2.555715e-01	8.813593e-02	-1.718537e-01	-6.562739e-03	-8.384890e-03	2.442256e-02	3.826392e-03	2.059617e-02
557           	3.387742e-01	1.626353e-01	1.761389e-01	-1.684560e-01	-2.564026e-01	8.794652e-02	-1.721745e-01	-6.751823e-03	-8.367868e-03	2.515341e-02	4.208838e-03	2.094457e-02
558           	3.391416e-01	1.626157e-01	1.765259e-01	-1.694263e-01	-2.572126e-01	8.778633e-02	-1.724995e-01	-6.955106e-03	-8.363698e-03	2.585925e-02	4.565927e-03	2.129332e-02
559           	3.394551e-01	1.625927e-01	1.768624e-01	-1.703496e-01	-2.580211e-01	8.767147e-02	-1.728463e-01	-7.134857e-03	-8.338506e-03	2.631831e-02	4.820650e-03	2.149766e-02
560           	3.396705e-01	1.625704e-01	1.771001e-01	-1.712362e-01	-2.588476e-01	8.761131e-02	-1.732294e-01	-7.264824e-03	-8.272839e-03	2.641971e-02	4.937017e-03	2.148269e-02
561           	3.397644e-01	1.625629e-01	1.772015e-01	-1.720377e-01	-2.596467e-01	8.760898e-02	-1.736278e-01	-7.319294e-03	-8.149788e-03	2.607976e-02	4.890093e-03	2.118967e-02
562           	3.397319e-01	1.625567e-01	1.771752e-01	-1.726950e-01	-2.603541e-01	8.765912e-02	-1.740066e-01	-7.309235e-03	-7.963878e-03	2.537226e-02	4.722251e-03	2.065001e-02
563           	3.396027e-01	1.625794e-01	1.770233e-01	-1.731793e-01	-2.609220e-01	8.774269e-02	-1.743323e-01	-7.221968e-03	-7.684958e-03	2.421537e-02	4.422727e-03	1.979264e-02
564           	3.393978e-01	1.626253e-01	1.767725e-01	-1.734879e-01	-2.613331e-01	8.784515e-02	-1.745891e-01	-7.073626e-03	-7.330550e-03	2.270278e-02	4.020838e-03	1.868194e-02
565           	3.391636e-01	1.627015e-01	1.764621e-01	-1.736216e-01	-2.615686e-01	8.794700e-02	-1.747578e-01	-6.880303e-03	-6.906833e-03	2.091973e-02	3.553031e-03	1.736670e-02
566           	3.389202e-01	1.627967e-01	1.761236e-01	-1.735846e-01	-2.616218e-01	8.803724e-02	-1.748295e-01	-6.663443e-03	-6.444006e-03	1.899181e-02	3.051898e-03	1.593991e-02
567           	3.387089e-01	1.629093e-01	1.757996e-01	-1.733925e-01	-2.614972e-01	8.810469e-02	-1.748010e-01	-6.445117e-03	-5.956645e-03	1.702976e-02	2.558233e-03	1.447152e-02
568           	3.385372e-01	1.630242e-01	1.755130e-01	-1.730621e-01	-2.612117e-01	8.814953e-02	-1.746806e-01	-6.244381e-03	-5.486043e-03	1.516587e-02	2.096891e-03	1.306898e-02
569           	3.384065e-01	1.631269e-01	1.752796e-01	-1.726356e-01	-2.608068e-01	8.817121e-02	-1.744890e-01	-6.076390e-03	-5.067336e-03	1.352633e-02	1.695831e-03	1.183050e-02
570           	3.383114e-01	1.631924e-01	1.751190e-01	-1.721781e-01	-2.603502e-01	8.817217e-02	-1.742612e-01	-5.963295e-03	-4.765108e-03	1.233800e-02	1.403892e-03	1.093411e-02
571           	3.382134e-01	1.632267e-01	1.749867e-01	-1.716620e-01	-2.598322e-01	8.817021e-02	-1.740012e-01	-5.880041e-03	-4.552972e-03	1.145041e-02	1.172235e-03	1.027818e-02
572           	3.381379e-01	1.632288e-01	1.749091e-01	-1.711906e-01	-2.593691e-01	8.817854e-02	-1.737738e-01	-5.840121e-03	-4.460591e-03	1.100065e-02	1.039732e-03	9.960915e-03
573           	3.380950e-01	1.632112e-01	1.748838e-01	-1.708105e-01	-2.590211e-01	8.821065e-02	-1.736159e-01	-5.836309e-03	-4.503623e-03	1.103371e-02	1.013233e-03	1.002048e-02
574           	3.380764e-01	1.631815e-01	1.748949e-01	-1.705116e-01	-2.587826e-01	8.827098e-02	-1.735268e-01	-5.856710e-03	-4.666412e-03	1.148050e-02	1.073837e-03	1.040666e-02
575           	3.380509e-01	1.631320e-01	1.749189e-01	-1.702547e-01	-2.586005e-01	8.834574e-02	-1.734731e-01	-5.893472e-03	-4.932002e-03	1.225093e-02	1.193461e-03	1.105746e-02
576           	3.380320e-01	1.630656e-01	1.749664e-01	-1.700757e-01	-2.585140e-01	8.843831e-02	-1.734762e-01	-5.950427e-03	-5.300168e-03	1.334786e-02	1.373761e-03	1.197410e-02
577           	3.380199e-01	1.629958e-01	1.750241e-01	-1.699970e-01	-2.585705e-01	8.857343e-02	-1.735719e-01	-6.014167e-03	-5.722622e-03	1.464522e-02	1.599987e-03	1.304523e-02
578           	3.379786e-01	1.628884e-01	1.750902e-01	-1.699239e-01	-2.587052e-01	8.878136e-02	-1.737433e-01	-6.100926e-03	-6.251242e-03	1.627698e-02	1.887247e-03	1.438973e-02
579           	3.379154e-01	1.628305e-01	1.750849e-01	-1.698309e-01	-2.588184e-01	8.898753e-02	-1.739030e-01	-6.127235e-03	-6.568423e-03	1.740051e-02	2.131830e-03	1.526868e-02
580           	3.377844e-01	1.626973e-01	1.750871e-01	-1.696673e-01	-2.588864e-01	8.921907e-02	-1.740527e-01	-6.194877e-03	-7.001116e-03	1.892079e-02	2.459278e-03	1.646151e-02
581           	3.376580e-01	1.625941e-01	1.750639e-01	-1.695419e-01	-2.589664e-01	8.942453e-02	-1.741955e-01	-6.234899e-03	-7.315182e-03	2.012648e-02	2.748058e-03	1.737842e-02
582           	3.375858e-01	1.625353e-01	1.750505e-01	-1.694054e-01	-2.589948e-01	8.958940e-02	-1.742921e-01	-6.257591e-03	-7.520735e-03	2.109545e-02	3.026988e-03	1.806846e-02
583           	3.375116e-01	1.624155e-01	1.750962e-01	-1.691367e-01	-2.588755e-01	8.973874e-02	-1.743071e-01	-6.340353e-03	-7.797413e-03	2.239846e-02	3.401817e-03	1.899664e-02
584           	3.374847e-01	1.623584e-01	1.751263e-01	-1.687954e-01	-2.585818e-01	8.978635e-02	-1.741841e-01	-6.383933e-03	-7.927537e-03	2.327501e-02	3.709967e-03	1.956504e-02
585           	3.375053e-01	1.622917e-01	1.752136e-01	-1.683752e-01	-2.581351e-01	8.975991e-02	-1.739475e-01	-6.460939e-03	-8.043860e-03	2.423942e-02	4.075850e-03	2.016357e-02
586           	3.376070e-01	1.622556e-01	1.753514e-01	-1.679294e-01	-2.575934e-01	8.966405e-02	-1.736287e-01	-6.547899e-03	-8.132781e-03	2.510055e-02	4.417495e-03	2.068306e-02
587           	3.377951e-01	1.622559e-01	1.755392e-01	-1.674250e-01	-2.569267e-01	8.950172e-02	-1.732142e-01	-6.641648e-03	-8.200199e-03	2.579141e-02	4.695508e-03	2.109591e-02
588           	3.379908e-01	1.622843e-01	1.757065e-01	-1.669222e-01	-2.562110e-01	8.928880e-02	-1.727499e-01	-6.711075e-03	-8.250445e-03	2.619529e-02	4.847199e-03	2.134809e-02
589           	3.381511e-01	1.623037e-01	1.758474e-01	-1.664852e-01	-2.555428e-01	8.905759e-02	-1.723002e-01	-6.771887e-03	-8.291011e-03	2.636391e-02	4.890945e-03	2.147297e-02
590           	3.382462e-01	1.623023e-01	1.759438e-01	-1.660956e-01	-2.549320e-01	8.883646e-02	-1.718842e-01	-6.820752e-03	-8.315982e-03	2.631150e-02	4.839769e-03	2.147173e-02
591           	3.383011e-01	1.622912e-01	1.760100e-01	-1.657346e-01	-2.543638e-01	8.862922e-02	-1.714965e-01	-6.859394e-03	-8.282479e-03	2.602278e-02	4.728911e-03	2.129387e-02
592           	3.383463e-01	1.622905e-01	1.760558e-01	-1.653836e-01	-2.538044e-01	8.842078e-02	-1.711126e-01	-6.882640e-03	-8.143993e-03	2.542536e-02	4.568687e-03	2.085667e-02
593           	3.383747e-01	1.622420e-01	1.761327e-01	-1.650829e-01	-2.533213e-01	8.823841e-02	-1.707799e-01	-6.945325e-03	-8.084825e-03	2.499247e-02	4.411409e-03	2.058106e-02
594           	3.384721e-01	1.622179e-01	1.762543e-01	-1.648462e-01	-2.529001e-01	8.805391e-02	-1.704770e-01	-7.018199e-03	-7.999688e-03	2.445059e-02	4.225606e-03	2.022498e-02
595           	3.386860e-01	1.622518e-01	1.764341e-01	-1.647461e-01	-2.525992e-01	8.785310e-02	-1.702262e-01	-7.091140e-03	-7.895987e-03	2.381149e-02	4.009759e-03	1.980173e-02
596           	3.389501e-01	1.623033e-01	1.766468e-01	-1.648048e-01	-2.524685e-01	8.766365e-02	-1.700661e-01	-7.171734e-03	-7.848031e-03	2.331837e-02	3.811156e-03	1.950722e-02
597           	3.392421e-01	1.623845e-01	1.768576e-01	-1.651385e-01	-2.526224e-01	8.748391e-02	-1.700532e-01	-7.236568e-03	-7.816230e-03	2.283421e-02	3.600875e-03	1.923333e-02
598           	3.395166e-01	1.625061e-01	1.770105e-01	-1.657045e-01	-2.530456e-01	8.734102e-02	-1.701933e-01	-7.252192e-03	-7.783227e-03	2.227440e-02	3.353974e-03	1.892043e-02
599           	3.397495e-01	1.626604e-01	1.770890e-01	-1.664428e-01	-2.536882e-01	8.724542e-02	-1.704668e-01	-7.214317e-03	-7.733169e-03	2.161919e-02	3.076427e-03	1.854276e-02
600           	3.398953e-01	1.628218e-01	1.770735e-01	-1.672789e-01	-2.544812e-01	8.720233e-02	-1.708418e-01	-7.125877e-03	-7.668198e-03	2.088982e-02	2.776709e-03	1.811311e-02
601           	3.398942e-01	1.629574e-01	1.769368e-01	-1.681346e-01	-2.553468e-01	8.721215e-02	-1.712795e-01	-6.989697e-03	-7.555301e-03	2.010017e-02	2.494784e-03	1.760539e-02
602           	3.397896e-01	1.630770e-01	1.767126e-01	-1.690858e-01	-2.563375e-01	8.725166e-02	-1.717946e-01	-6.817782e-03	-7.429035e-03	1.923491e-02	2.188419e-03	1.704649e-02
603           	3.396063e-01	1.631695e-01	1.764369e-01	-1.700431e-01	-2.573710e-01	8.732789e-02	-1.723494e-01	-6.633694e-03	-7.274294e-03	1.838215e-02	1.916783e-03	1.646537e-02
604           	3.393778e-01	1.632293e-01	1.761485e-01	-1.709961e-01	-2.584127e-01	8.741660e-02	-1.729147e-01	-6.459569e-03	-7.111823e-03	1.766761e-02	1.721981e-03	1.594563e-02
605           	3.391525e-01	1.632674e-01	1.758851e-01	-1.719238e-01	-2.594256e-01	8.750178e-02	-1.734637e-01	-6.308830e-03	-6.949360e-03	1.713127e-02	1.616277e-03	1.551500e-02
606           	3.389499e-01	1.632774e-01	1.756724e-01	-1.727794e-01	-2.603502e-01	8.757079e-02	-1.739605e-01	-6.197503e-03	-6.786749e-03	1.680845e-02	1.617475e-03	1.519097e-02
607           	3.388035e-01	1.632676e-01	1.755360e-01	-1.735732e-01	-2.611907e-01	8.761751e-02	-1.744041e-01	-6.134198e-03	-6.640424e-03	1.674775e-02	1.733449e-03	1.501430e-02
608           	3.387376e-01	1.632508e-01	1.754868e-01	-1.742691e-01	-2.619079e-01	8.763888e-02	-1.747734e-01	-6.118027e-03	-6.516406e-03	1.696345e-02	1.965317e-03	1.499813e-02
609           	3.387757e-01	1.632421e-01	1.755336e-01	-1.748779e-01	-2.625211e-01	8.764313e-02	-1.750821e-01	-6.145774e-03	-6.436474e-03	1.747223e-02	2.299643e-03	1.517259e-02
610           	3.388677e-01	1.632195e-01	1.756482e-01	-1.753470e-01	-2.629893e-01	8.764226e-02	-1.753158e-01	-6.214316e-03	-6.408405e-03	1.820159e-02	2.692388e-03	1.550920e-02
611           	3.390047e-01	1.631890e-01	1.758157e-01	-1.756652e-01	-2.633237e-01	8.765852e-02	-1.754911e-01	-6.313389e-03	-6.451777e-03	1.907643e-02	3.086438e-03	1.598999e-02
612           	3.391277e-01	1.631332e-01	1.759944e-01	-1.757987e-01	-2.635133e-01	8.771454e-02	-1.756139e-01	-6.430599e-03	-6.586296e-03	2.001835e-02	3.422879e-03	1.659547e-02
613           	3.392104e-01	1.630652e-01	1.761451e-01	-1.757458e-01	-2.635694e-01	8.782359e-02	-1.756965e-01	-6.539949e-03	-6.768159e-03	2.090941e-02	3.686547e-03	1.722287e-02
614           	3.391998e-01	1.629662e-01	1.762335e-01	-1.754867e-01	-2.634795e-01	8.799283e-02	-1.757362e-01	-6.633645e-03	-6.975706e-03	2.169729e-02	3.872940e-03	1.782435e-02
615           	3.390741e-01	1.628360e-01	1.762381e-01	-1.750025e-01	-2.632258e-01	8.822332e-02	-1.757246e-01	-6.701023e-03	-7.184328e-03	2.233401e-02	3.982675e-03	1.835133e-02
616           	3.387701e-01	1.626493e-01	1.761208e-01	-1.741980e-01	-2.627306e-01	8.853264e-02	-1.756316e-01	-6.735753e-03	-7.377664e-03	2.281292e-02	4.028797e-03	1.878413e-02
617           	3.384047e-01	1.624768e-01	1.759278e-01	-1.731797e-01	-2.620233e-01	8.884352e-02	-1.754334e-01	-6.725512e-03	-7.481143e-03	2.296937e-02	4.003543e-03	1.896583e-02
618           	3.380181e-01	1.623270e-01	1.756911e-01	-1.719390e-01	-2.610908e-01	8.915182e-02	-1.751213e-01	-6.682024e-03	-7.503611e-03	2.285523e-02	3.924006e-03	1.893123e-02
619           	3.376223e-01	1.622022e-01	1.754202e-01	-1.705717e-01	-2.600053e-01	8.943369e-02	-1.747195e-01	-6.609004e-03	-7.452493e-03	2.251016e-02	3.802589e-03	1.870757e-02
620           	3.372142e-01	1.620858e-01	1.751283e-01	-1.690839e-01	-2.587580e-01	8.967410e-02	-1.742160e-01	-6.521249e-03	-7.350822e-03	2.200499e-02	3.651675e-03	1.835332e-02
621           	3.368539e-01	1.620039e-01	1.748499e-01	-1.675660e-01	-2.574150e-01	8.984907e-02	-1.736320e-01	-6.422995e-03	-7.189855e-03	2.136362e-02	3.491953e-03	1.787166e-02
622           	3.365698e-01	1.619579e-01	1.746119e-01	-1.660520e-01	-2.559978e-01	8.994580e-02	-1.729718e-01	-6.326988e-03	-7.013267e-03	2.066226e-02	3.317863e-03	1.734440e-02
623           	3.363703e-01	1.619389e-01	1.744314e-01	-1.646082e-01	-2.545638e-01	8.995559e-02	-1.722597e-01	-6.246236e-03	-6.850972e-03	1.999693e-02	3.147493e-03	1.684944e-02
624           	3.362352e-01	1.619238e-01	1.743114e-01	-1.633443e-01	-2.532239e-01	8.987959e-02	-1.715517e-01	-6.193817e-03	-6.731579e-03	1.945760e-02	2.997223e-03	1.646038e-02
625           	3.361987e-01	1.619283e-01	1.742703e-01	-1.623606e-01	-2.520769e-01	8.971630e-02	-1.708966e-01	-6.171001e-03	-6.673439e-03	1.909416e-02	2.873641e-03	1.622052e-02
626           	3.362911e-01	1.619672e-01	1.743239e-01	-1.617322e-01	-2.512168e-01	8.948461e-02	-1.703507e-01	-6.178374e-03	-6.680803e-03	1.894116e-02	2.789778e-03	1.615138e-02
627           	3.365240e-01	1.620600e-01	1.744640e-01	-1.614209e-01	-2.506060e-01	8.918509e-02	-1.698955e-01	-6.201999e-03	-6.718092e-03	1.889270e-02	2.728259e-03	1.616444e-02
628           	3.368192e-01	1.621621e-01	1.746572e-01	-1.615546e-01	-2.504197e-01	8.886505e-02	-1.696424e-01	-6.247562e-03	-6.829642e-03	1.904786e-02	2.694288e-03	1.635357e-02
629           	3.371628e-01	1.622785e-01	1.748843e-01	-1.620855e-01	-2.506345e-01	8.854895e-02	-1.695917e-01	-6.302888e-03	-6.991547e-03	1.932923e-02	2.673066e-03	1.665616e-02
630           	3.375277e-01	1.623922e-01	1.751355e-01	-1.629134e-01	-2.511833e-01	8.826994e-02	-1.697266e-01	-6.371682e-03	-7.197877e-03	1.971394e-02	2.659094e-03	1.705485e-02
631           	3.378895e-01	1.625018e-01	1.753877e-01	-1.639738e-01	-2.520218e-01	8.804793e-02	-1.700348e-01	-6.442978e-03	-7.416449e-03	2.012771e-02	2.647407e-03	1.748030e-02
632           	3.381933e-01	1.625903e-01	1.756030e-01	-1.651907e-01	-2.530916e-01	8.790094e-02	-1.704963e-01	-6.506366e-03	-7.594142e-03	2.046515e-02	2.638431e-03	1.782672e-02
633           	3.384220e-01	1.626622e-01	1.757599e-01	-1.665250e-01	-2.543578e-01	8.783279e-02	-1.710953e-01	-6.548846e-03	-7.684321e-03	2.064561e-02	2.638486e-03	1.800713e-02
634           	3.385825e-01	1.627269e-01	1.758557e-01	-1.679312e-01	-2.557647e-01	8.783351e-02	-1.717991e-01	-6.564399e-03	-7.672009e-03	2.062444e-02	2.640209e-03	1.798423e-02
635           	3.387006e-01	1.627881e-01	1.759125e-01	-1.693361e-01	-2.572173e-01	8.788118e-02	-1.725492e-01	-6.562203e-03	-7.575050e-03	2.045460e-02	2.652251e-03	1.780235e-02
636           	3.387855e-01	1.628374e-01	1.759480e-01	-1.706557e-01	-2.586136e-01	8.795790e-02	-1.732857e-01	-6.555300e-03	-7.433746e-03	2.020992e-02	2.671214e-03	1.753871e-02
637           	3.388670e-01	1.628827e-01	1.759843e-01	-1.718318e-01	-2.598601e-01	8.802837e-02	-1.739443e-01	-6.550819e-03	-7.253300e-03	1.992629e-02	2.709845e-03	1.721645e-02
638           	3.389635e-01	1.629405e-01	1.760230e-01	-1.728170e-01	-2.608903e-01	8.807335e-02	-1.744818e-01	-6.541217e-03	-7.028744e-03	1.963295e-02	2.787732e-03	1.684522e-02
639           	3.390903e-01	1.630168e-01	1.760735e-01	-1.735948e-01	-2.616721e-01	8.807730e-02	-1.748747e-01	-6.528372e-03	-6.775297e-03	1.935001e-02	2.899706e-03	1.645030e-02
640           	3.392093e-01	1.630798e-01	1.761295e-01	-1.741381e-01	-2.621804e-01	8.804225e-02	-1.751113e-01	-6.524850e-03	-6.571129e-03	1.918903e-02	3.023386e-03	1.616564e-02
641           	3.393474e-01	1.631618e-01	1.761857e-01	-1.745410e-01	-2.625082e-01	8.796714e-02	-1.752377e-01	-6.511933e-03	-6.346004e-03	1.893914e-02	3.123567e-03	1.581557e-02
642           	3.394804e-01	1.632445e-01	1.762359e-01	-1.747781e-01	-2.626594e-01	8.788135e-02	-1.752704e-01	-6.495693e-03	-6.158347e-03	1.864815e-02	3.165729e-03	1.548242e-02
643           	3.395441e-01	1.633002e-01	1.762439e-01	-1.748867e-01	-2.626929e-01	8.780620e-02	-1.752496e-01	-6.471836e-03	-6.018240e-03	1.828532e-02	3.124418e-03	1.516090e-02
644           	3.395034e-01	1.633123e-01	1.761911e-01	-1.748684e-01	-2.626322e-01	8.776387e-02	-1.751981e-01	-6.439378e-03	-5.920597e-03	1.786664e-02	3.012723e-03	1.485392e-02
645           	3.393611e-01	1.632886e-01	1.760725e-01	-1.746998e-01	-2.624626e-01	8.776284e-02	-1.751127e-01	-6.391933e-03	-5.835043e-03	1.738557e-02	2.857743e-03	1.452783e-02
646           	3.391460e-01	1.632315e-01	1.759146e-01	-1.743583e-01	-2.621593e-01	8.780096e-02	-1.749801e-01	-6.341541e-03	-5.742015e-03	1.687664e-02	2.696308e-03	1.418034e-02
647           	3.389014e-01	1.631475e-01	1.757540e-01	-1.738390e-01	-2.617092e-01	8.787021e-02	-1.747897e-01	-6.303253e-03	-5.653202e-03	1.640261e-02	2.548106e-03	1.385451e-02
648           	3.386474e-01	1.630310e-01	1.756165e-01	-1.731517e-01	-2.611130e-01	8.796123e-02	-1.745371e-01	-6.292738e-03	-5.597572e-03	1.606909e-02	2.436973e-03	1.363212e-02
649           	3.383741e-01	1.628646e-01	1.755095e-01	-1.722654e-01	-2.603402e-01	8.807472e-02	-1.742074e-01	-6.322471e-03	-5.632745e-03	1.599483e-02	2.364671e-03	1.363016e-02
650           	3.382423e-01	1.627375e-01	1.755047e-01	-1.713743e-01	-2.595354e-01	8.816104e-02	-1.738482e-01	-6.383584e-03	-5.703224e-03	1.615619e-02	2.374871e-03	1.378132e-02
651           	3.382012e-01	1.626364e-01	1.755648e-01	-1.703519e-01	-2.586103e-01	8.825842e-02	-1.734344e-01	-6.464215e-03	-5.878162e-03	1.660459e-02	2.424132e-03	1.418046e-02
652           	3.381522e-01	1.625142e-01	1.756380e-01	-1.692202e-01	-2.576124e-01	8.839227e-02	-1.730024e-01	-6.561905e-03	-6.218411e-03	1.741402e-02	2.488602e-03	1.492542e-02
653           	3.381416e-01	1.624410e-01	1.757006e-01	-1.682000e-01	-2.567307e-01	8.853069e-02	-1.726307e-01	-6.629778e-03	-6.558652e-03	1.823217e-02	2.557432e-03	1.567474e-02
654           	3.381250e-01	1.623970e-01	1.757280e-01	-1.672435e-01	-2.559338e-01	8.869023e-02	-1.723120e-01	-6.665488e-03	-6.910550e-03	1.907395e-02	2.626426e-03	1.644753e-02
655           	3.380481e-01	1.623538e-01	1.756943e-01	-1.663680e-01	-2.552380e-01	8.887000e-02	-1.720540e-01	-6.670224e-03	-7.275652e-03	1.994144e-02	2.695070e-03	1.724637e-02
656           	3.378699e-01	1.622951e-01	1.755749e-01	-1.656099e-01	-2.546731e-01	8.906325e-02	-1.718682e-01	-6.639905e-03	-7.611032e-03	2.076138e-02	2.769658e-03	1.799172e-02
657           	3.376063e-01	1.622239e-01	1.753824e-01	-1.650181e-01	-2.542620e-01	8.924392e-02	-1.717530e-01	-6.579231e-03	-7.890632e-03	2.144950e-02	2.834119e-03	1.861538e-02
658           	3.372849e-01	1.621295e-01	1.751553e-01	-1.646631e-01	-2.540574e-01	8.939437e-02	-1.717259e-01	-6.512911e-03	-8.142108e-03	2.210623e-02	2.911008e-03	1.919522e-02
659           	3.369638e-01	1.620372e-01	1.749266e-01	-1.645602e-01	-2.540552e-01	8.949495e-02	-1.717751e-01	-6.444717e-03	-8.336014e-03	2.268866e-02	3.008318e-03	1.968035e-02
660           	3.367190e-01	1.619643e-01	1.747547e-01	-1.646848e-01	-2.542108e-01	8.952598e-02	-1.718684e-01	-6.395168e-03	-8.490410e-03	2.325436e-02	3.136771e-03	2.011759e-02
661           	3.366021e-01	1.619254e-01	1.746767e-01	-1.649989e-01	-2.544756e-01	8.947670e-02	-1.719761e-01	-6.375656e-03	-8.593798e-03	2.381795e-02	3.315174e-03	2.050277e-02
662           	3.366223e-01	1.619174e-01	1.747049e-01	-1.654448e-01	-2.547954e-01	8.935060e-02	-1.720730e-01	-6.393735e-03	-8.661336e-03	2.442766e-02	3.552494e-03	2.087517e-02
663           	3.368160e-01	1.619584e-01	1.748576e-01	-1.659737e-01	-2.551225e-01	8.914888e-02	-1.721357e-01	-6.449570e-03	-8.686997e-03	2.508963e-02	3.857819e-03	2.123181e-02
664           	3.371603e-01	1.620371e-01	1.751233e-01	-1.665393e-01	-2.554270e-01	8.888775e-02	-1.721574e-01	-6.543093e-03	-8.690906e-03	2.582947e-02	4.223827e-03	2.160564e-02
665           	3.376006e-01	1.621214e-01	1.754792e-01	-1.671105e-01	-2.557061e-01	8.859556e-02	-1.721508e-01	-6.678904e-03	-8.696415e-03	2.662052e-02	4.613846e-03	2.200668e-02
666           	3.380637e-01	1.621887e-01	1.758749e-01	-1.676773e-01	-2.559844e-01	8.830705e-02	-1.721457e-01	-6.843101e-03	-8.730541e-03	2.739403e-02	4.966475e-03	2.242756e-02
667           	3.385109e-01	1.622443e-01	1.762665e-01	-1.682306e-01	-2.562825e-01	8.805189e-02	-1.721672e-01	-7.011102e-03	-8.788899e-03	2.800919e-02	5.215698e-03	2.279350e-02
668           	3.388734e-01	1.622752e-01	1.765982e-01	-1.687646e-01	-2.566268e-01	8.786215e-02	-1.722445e-01	-7.161500e-03	-8.855217e-03	2.837420e-02	5.331884e-03	2.304232e-02
669           	3.391457e-01	1.622994e-01	1.768463e-01	-1.692662e-01	-2.570133e-01	8.774715e-02	-1.723802e-01	-7.273444e-03	-8.894069e-03	2.843809e-02	5.324975e-03	2.311311e-02
670           	3.392839e-01	1.623025e-01	1.769813e-01	-1.697274e-01	-2.574373e-01	8.770992e-02	-1.725736e-01	-7.339412e-03	-8.867804e-03	2.817276e-02	5.218576e-03	2.295418e-02
671           	3.393117e-01	1.623026e-01	1.770091e-01	-1.701343e-01	-2.578711e-01	8.773676e-02	-1.728039e-01	-7.353250e-03	-8.732404e-03	2.748621e-02	5.010700e-03	2.247551e-02
672           	3.392323e-01	1.623120e-01	1.769203e-01	-1.704849e-01	-2.583007e-01	8.781578e-02	-1.730582e-01	-7.304132e-03	-8.464194e-03	2.631991e-02	4.695763e-03	2.162415e-02
673           	3.390641e-01	1.623201e-01	1.767440e-01	-1.707625e-01	-2.586833e-01	8.792082e-02	-1.733021e-01	-7.211913e-03	-8.083727e-03	2.481447e-02	4.323509e-03	2.049096e-02
674           	3.388379e-01	1.623284e-01	1.765094e-01	-1.709539e-01	-2.589830e-01	8.802909e-02	-1.735060e-01	-7.090491e-03	-7.631966e-03	2.309746e-02	3.916763e-03	1.918069e-02
675           	3.386205e-01	1.623585e-01	1.762620e-01	-1.710556e-01	-2.591694e-01	8.811376e-02	-1.736416e-01	-6.951737e-03	-7.131959e-03	2.125602e-02	3.496052e-03	1.775997e-02
676           	3.384494e-01	1.624208e-01	1.760286e-01	-1.710681e-01	-2.592294e-01	8.816131e-02	-1.736954e-01	-6.803891e-03	-6.624107e-03	1.939661e-02	3.074198e-03	1.632241e-02
677           	3.383367e-01	1.625112e-01	1.758255e-01	-1.710025e-01	-2.591672e-01	8.816469e-02	-1.736660e-01	-6.657153e-03	-6.149018e-03	1.764304e-02	2.672499e-03	1.497054e-02
678           	3.382693e-01	1.625952e-01	1.756741e-01	-1.708831e-01	-2.590142e-01	8.813103e-02	-1.735726e-01	-6.539435e-03	-5.786293e-03	1.624913e-02	2.338272e-03	1.391086e-02
679           	3.382287e-01	1.627100e-01	1.755187e-01	-1.707306e-01	-2.587997e-01	8.806909e-02	-1.734344e-01	-6.404351e-03	-5.462053e-03	1.492342e-02	1.999656e-03	1.292376e-02
680           	3.382328e-01	1.628340e-01	1.753988e-01	-1.705909e-01	-2.585818e-01	8.799091e-02	-1.732863e-01	-6.282378e-03	-5.231670e-03	1.390903e-02	1.722843e-03	1.218618e-02
681           	3.383000e-01	1.629643e-01	1.753357e-01	-1.705282e-01	-2.584338e-01	8.790564e-02	-1.731697e-01	-6.185707e-03	-5.106885e-03	1.325076e-02	1.518497e-03	1.173227e-02
682           	3.383863e-01	1.630960e-01	1.752903e-01	-1.705828e-01	-2.584134e-01	8.783067e-02	-1.731220e-01	-6.097137e-03	-5.079408e-03	1.288920e-02	1.365192e-03	1.152401e-02
683           	3.384808e-01	1.632221e-01	1.752588e-01	-1.707568e-01	-2.585351e-01	8.777830e-02	-1.731567e-01	-6.018344e-03	-5.135819e-03	1.279135e-02	1.259858e-03	1.153149e-02
684           	3.385436e-01	1.633150e-01	1.752287e-01	-1.710444e-01	-2.588098e-01	8.776532e-02	-1.732875e-01	-5.956856e-03	-5.271602e-03	1.295042e-02	1.203610e-03	1.174681e-02
685           	3.385618e-01	1.633708e-01	1.751911e-01	-1.714144e-01	-2.592141e-01	8.779974e-02	-1.735069e-01	-5.910158e-03	-5.462940e-03	1.329958e-02	1.186849e-03	1.211273e-02
686           	3.385511e-01	1.633942e-01	1.751570e-01	-1.718111e-01	-2.597003e-01	8.788925e-02	-1.737948e-01	-5.881386e-03	-5.684297e-03	1.382063e-02	1.226019e-03	1.259461e-02
687           	3.385271e-01	1.633915e-01	1.751356e-01	-1.721867e-01	-2.602179e-01	8.803129e-02	-1.741246e-01	-5.872061e-03	-5.913944e-03	1.449937e-02	1.335739e-03	1.316363e-02
688           	3.384849e-01	1.633567e-01	1.751282e-01	-1.724829e-01	-2.607035e-01	8.822059e-02	-1.744620e-01	-5.885733e-03	-6.139424e-03	1.532289e-02	1.522019e-03	1.380087e-02
689           	3.384503e-01	1.632941e-01	1.751563e-01	-1.726407e-01	-2.610853e-01	8.844461e-02	-1.747649e-01	-5.931094e-03	-6.364395e-03	1.632880e-02	1.800003e-03	1.452879e-02
690           	3.384014e-01	1.631854e-01	1.752160e-01	-1.726396e-01	-2.613240e-01	8.868436e-02	-1.750042e-01	-6.015310e-03	-6.628088e-03	1.754331e-02	2.143566e-03	1.539974e-02
691           	3.383594e-01	1.630603e-01	1.752992e-01	-1.724170e-01	-2.613318e-01	8.891478e-02	-1.751233e-01	-6.119455e-03	-6.888230e-03	1.886199e-02	2.542766e-03	1.631922e-02
692           	3.382633e-01	1.628761e-01	1.753871e-01	-1.718981e-01	-2.610442e-01	8.914617e-02	-1.750952e-01	-6.255490e-03	-7.180592e-03	2.042612e-02	3.032471e-03	1.739365e-02
693           	3.382608e-01	1.627839e-01	1.754769e-01	-1.712883e-01	-2.605623e-01	8.927396e-02	-1.749181e-01	-6.346521e-03	-7.343825e-03	2.161527e-02	3.463813e-03	1.815146e-02
694           	3.382233e-01	1.626301e-01	1.755932e-01	-1.703539e-01	-2.597298e-01	8.937586e-02	-1.745528e-01	-6.481533e-03	-7.562847e-03	2.307855e-02	3.976428e-03	1.910212e-02
695           	3.382946e-01	1.625756e-01	1.757191e-01	-1.694960e-01	-2.588699e-01	8.937388e-02	-1.741219e-01	-6.571738e-03	-7.715793e-03	2.411674e-02	4.342575e-03	1.977416e-02
696           	3.383700e-01	1.625289e-01	1.758411e-01	-1.684949e-01	-2.578268e-01	8.933189e-02	-1.735793e-01	-6.656082e-03	-7.880966e-03	2.500845e-02	4.623259e-03	2.038519e-02
697           	3.384136e-01	1.624891e-01	1.759244e-01	-1.674953e-01	-2.567451e-01	8.924981e-02	-1.729975e-01	-6.717666e-03	-8.041119e-03	2.561188e-02	4.764822e-03	2.084706e-02
698           	3.383901e-01	1.624426e-01	1.759475e-01	-1.665423e-01	-2.556800e-01	8.913764e-02	-1.724088e-01	-6.752458e-03	-8.164538e-03	2.589154e-02	4.781233e-03	2.111031e-02
699           	3.383328e-01	1.624141e-01	1.759187e-01	-1.656769e-01	-2.546669e-01	8.898998e-02	-1.718284e-01	-6.752274e-03	-8.205943e-03	2.580571e-02	4.696913e-03	2.110880e-02
700           	3.382713e-01	1.624090e-01	1.758624e-01	-1.649024e-01	-2.537030e-01	8.880059e-02	-1.712518e-01	-6.726692e-03	-8.129231e-03	2.532546e-02	4.533501e-03	2.079196e-02
701           	3.382620e-01	1.624093e-01	1.758527e-01	-1.643468e-01	-2.529323e-01	8.858550e-02	-1.707589e-01	-6.721705e-03	-8.055152e-03	2.479905e-02	4.344375e-03	2.045468e-02
702           	3.383117e-01	1.624335e-01	1.758781e-01	-1.638898e-01	-2.522236e-01	8.833375e-02	-1.702787e-01	-6.722294e-03	-7.880787e-03	2.399304e-02	4.115732e-03	1.987731e-02
703           	3.384117e-01	1.624298e-01	1.759819e-01	-1.636101e-01	-2.516884e-01	8.807827e-02	-1.698833e-01	-6.776024e-03	-7.799553e-03	2.344158e-02	3.921239e-03	1.952034e-02
704           	3.386351e-01	1.624885e-01	1.761466e-01	-1.635557e-01	-2.513467e-01	8.779100e-02	-1.695689e-01	-6.829027e-03	-7.676671e-03	2.273180e-02	3.689230e-03	1.904257e-02
705           	3.389168e-01	1.625540e-01	1.763628e-01	-1.637318e-01	-2.512668e-01	8.753507e-02	-1.694009e-01	-6.904372e-03	-7.645102e-03	2.226179e-02	3.485792e-03	1.877600e-02
706           	3.392174e-01	1.626352e-01	1.765822e-01	-1.641160e-01	-2.514496e-01	8.733355e-02	-1.693916e-01	-6.973468e-03	-7.664511e-03	2.189697e-02	3.283974e-03	1.861300e-02
707           	3.394901e-01	1.627343e-01	1.767557e-01	-1.646813e-01	-2.518850e-01	8.720363e-02	-1.695443e-01	-7.010704e-03	-7.679153e-03	2.151969e-02	3.080693e-03	1.843900e-02
708           	3.396987e-01	1.628355e-01	1.768632e-01	-1.654156e-01	-2.525629e-01	8.714728e-02	-1.698551e-01	-7.013876e-03	-7.675761e-03	2.110045e-02	2.874464e-03	1.822599e-02
709           	3.398049e-01	1.629295e-01	1.768754e-01	-1.662585e-01	-2.534225e-01	8.716399e-02	-1.702933e-01	-6.972936e-03	-7.642284e-03	2.060843e-02	2.661928e-03	1.794650e-02
710           	3.397488e-01	1.629802e-01	1.767686e-01	-1.671547e-01	-2.543995e-01	8.724478e-02	-1.708221e-01	-6.894189e-03	-7.563619e-03	2.006797e-02	2.470368e-03	1.759761e-02
711           	3.395958e-01	1.630110e-01	1.765848e-01	-1.681639e-01	-2.555173e-01	8.735341e-02	-1.714354e-01	-6.786910e-03	-7.475619e-03	1.949017e-02	2.269465e-03	1.722070e-02
712           	3.393702e-01	1.630207e-01	1.763495e-01	-1.692307e-01	-2.567079e-01	8.747715e-02	-1.720925e-01	-6.664414e-03	-7.357666e-03	1.891666e-02	2.100666e-03	1.681600e-02
713           	3.391507e-01	1.630433e-01	1.761074e-01	-1.703198e-01	-2.579124e-01	8.759257e-02	-1.727525e-01	-6.532064e-03	-7.203584e-03	1.834736e-02	1.970097e-03	1.637726e-02
714           	3.389806e-01	1.630778e-01	1.759029e-01	-1.714158e-01	-2.590873e-01	8.767146e-02	-1.733794e-01	-6.412550e-03	-7.033436e-03	1.787940e-02	1.906262e-03	1.597313e-02
715           	3.388648e-01	1.631169e-01	1.757479e-01	-1.724639e-01	-2.601754e-01	8.771147e-02	-1.739434e-01	-6.315487e-03	-6.850871e-03	1.753782e-02	1.918039e-03	1.561978e-02
716           	3.388082e-01	1.631572e-01	1.756510e-01	-1.734295e-01	-2.611427e-01	8.771316e-02	-1.744279e-01	-6.246910e-03	-6.658930e-03	1.734837e-02	2.015253e-03	1.533311e-02
717           	3.388476e-01	1.632114e-01	1.756363e-01	-1.742905e-01	-2.619673e-01	8.767679e-02	-1.748220e-01	-6.212442e-03	-6.482017e-03	1.736444e-02	2.200204e-03	1.516424e-02
718           	3.389694e-01	1.632724e-01	1.756970e-01	-1.749990e-01	-2.626132e-01	8.761417e-02	-1.751137e-01	-6.212323e-03	-6.335656e-03	1.757603e-02	2.452360e-03	1.512367e-02
719           	3.391173e-01	1.633068e-01	1.758105e-01	-1.755428e-01	-2.630869e-01	8.754406e-02	-1.753155e-01	-6.251837e-03	-6.247620e-03	1.796877e-02	2.736765e-03	1.523201e-02
720           	3.392443e-01	1.633062e-01	1.759381e-01	-1.758953e-01	-2.633986e-01	8.750335e-02	-1.754510e-01	-6.315923e-03	-6.237123e-03	1.845810e-02	2.991924e-03	1.546617e-02
721           	3.393065e-01	1.632670e-01	1.760395e-01	-1.760655e-01	-2.635809e-01	8.751542e-02	-1.755482e-01	-6.386275e-03	-6.278863e-03	1.893889e-02	3.190580e-03	1.574831e-02
722           	3.392805e-01	1.631886e-01	1.760919e-01	-1.760440e-01	-2.636424e-01	8.759838e-02	-1.756204e-01	-6.451634e-03	-6.372892e-03	1.940547e-02	3.329841e-03	1.607563e-02
723           	3.391711e-01	1.630814e-01	1.760897e-01	-1.758194e-01	-2.635735e-01	8.775418e-02	-1.756639e-01	-6.504134e-03	-6.499137e-03	1.983060e-02	3.416161e-03	1.641444e-02
724           	3.389748e-01	1.629500e-01	1.760248e-01	-1.753572e-01	-2.633408e-01	8.798363e-02	-1.756622e-01	-6.537421e-03	-6.630015e-03	2.018395e-02	3.461959e-03	1.672199e-02
725           	3.386429e-01	1.627687e-01	1.758742e-01	-1.745678e-01	-2.628726e-01	8.830475e-02	-1.755887e-01	-6.552727e-03	-6.751373e-03	2.046292e-02	3.480087e-03	1.698283e-02
726           	3.382126e-01	1.625548e-01	1.756578e-01	-1.735788e-01	-2.622240e-01	8.864512e-02	-1.754345e-01	-6.551465e-03	-6.824486e-03	2.059204e-02	3.471532e-03	1.712050e-02
727           	3.378224e-01	1.623718e-01	1.754506e-01	-1.723764e-01	-2.613746e-01	8.899820e-02	-1.751864e-01	-6.539362e-03	-6.864590e-03	2.060872e-02	3.439771e-03	1.716895e-02
728           	3.374838e-01	1.622233e-01	1.752605e-01	-1.710118e-01	-2.603604e-01	8.934864e-02	-1.748545e-01	-6.518600e-03	-6.871582e-03	2.053801e-02	3.397423e-03	1.714059e-02
729           	3.370848e-01	1.620521e-01	1.750328e-01	-1.695483e-01	-2.592240e-01	8.967572e-02	-1.744499e-01	-6.490350e-03	-6.848687e-03	2.039224e-02	3.347431e-03	1.704480e-02
730           	3.366984e-01	1.618973e-01	1.748011e-01	-1.680630e-01	-2.580066e-01	8.994358e-02	-1.739751e-01	-6.451905e-03	-6.782386e-03	2.017173e-02	3.303480e-03	1.686825e-02
731           	3.363659e-01	1.617669e-01	1.745990e-01	-1.666007e-01	-2.567312e-01	9.013044e-02	-1.734308e-01	-6.416030e-03	-6.719913e-03	1.996111e-02	3.260640e-03	1.670047e-02
732           	3.360755e-01	1.616493e-01	1.744262e-01	-1.652358e-01	-2.554665e-01	9.023074e-02	-1.728486e-01	-6.388410e-03	-6.676586e-03	1.981494e-02	3.230884e-03	1.658406e-02
733           	3.358517e-01	1.615528e-01	1.742989e-01	-1.640321e-01	-2.542705e-01	9.023848e-02	-1.722545e-01	-6.373055e-03	-6.683590e-03	1.979575e-02	3.214287e-03	1.658147e-02
734           	3.357242e-01	1.614891e-01	1.742350e-01	-1.630560e-01	-2.532068e-01	9.015080e-02	-1.716788e-01	-6.372950e-03	-6.757051e-03	1.992923e-02	3.207562e-03	1.672166e-02
735           	3.357453e-01	1.614921e-01	1.742533e-01	-1.623721e-01	-2.523438e-01	8.997167e-02	-1.711577e-01	-6.380618e-03	-6.890575e-03	2.019548e-02	3.207166e-03	1.698832e-02
736           	3.359218e-01	1.615688e-01	1.743530e-01	-1.620115e-01	-2.517254e-01	8.971394e-02	-1.707197e-01	-6.392113e-03	-7.071864e-03	2.056262e-02	3.209447e-03	1.735318e-02
737           	3.362368e-01	1.617178e-01	1.745190e-01	-1.619921e-01	-2.513945e-01	8.940244e-02	-1.703985e-01	-6.400610e-03	-7.277981e-03	2.097419e-02	3.209114e-03	1.776508e-02
738           	3.366251e-01	1.619055e-01	1.747196e-01	-1.623049e-01	-2.513766e-01	8.907173e-02	-1.702242e-01	-6.407023e-03	-7.495911e-03	2.139266e-02	3.200420e-03	1.819224e-02
739           	3.370509e-01	1.621014e-01	1.749495e-01	-1.628828e-01	-2.516435e-01	8.876071e-02	-1.702021e-01	-6.424066e-03	-7.720089e-03	2.182377e-02	3.191796e-03	1.863197e-02
740           	3.374525e-01	1.622788e-01	1.751738e-01	-1.636739e-01	-2.521701e-01	8.849616e-02	-1.703331e-01	-6.447491e-03	-7.921894e-03	2.220788e-02	3.182044e-03	1.902583e-02
741           	3.378207e-01	1.624376e-01	1.753830e-01	-1.646198e-01	-2.529102e-01	8.829042e-02	-1.706003e-01	-6.472690e-03	-8.077662e-03	2.249272e-02	3.168700e-03	1.932402e-02
742           	3.381358e-01	1.625639e-01	1.755719e-01	-1.656708e-01	-2.538265e-01	8.815579e-02	-1.709912e-01	-6.503986e-03	-8.189229e-03	2.270375e-02	3.162645e-03	1.954110e-02
743           	3.384314e-01	1.626681e-01	1.757633e-01	-1.667821e-01	-2.548701e-01	8.808804e-02	-1.714791e-01	-6.547635e-03	-8.241622e-03	2.283971e-02	3.178232e-03	1.966147e-02
744           	3.386890e-01	1.627417e-01	1.759473e-01	-1.679067e-01	-2.559837e-01	8.807700e-02	-1.720304e-01	-6.602812e-03	-8.241964e-03	2.291990e-02	3.217985e-03	1.970191e-02
745           	3.389084e-01	1.627843e-01	1.761240e-01	-1.689964e-01	-2.570968e-01	8.810041e-02	-1.725986e-01	-6.669861e-03	-8.186765e-03	2.294144e-02	3.283954e-03	1.965748e-02
746           	3.390816e-01	1.628070e-01	1.762746e-01	-1.700049e-01	-2.581411e-01	8.813613e-02	-1.731386e-01	-6.733776e-03	-8.046059e-03	2.285836e-02	3.383122e-03	1.947524e-02
747           	3.392267e-01	1.628194e-01	1.764073e-01	-1.709124e-01	-2.590762e-01	8.816381e-02	-1.736200e-01	-6.793937e-03	-7.828736e-03	2.268884e-02	3.515682e-03	1.917315e-02
748           	3.393562e-01	1.628274e-01	1.765288e-01	-1.716690e-01	-2.598402e-01	8.817121e-02	-1.740057e-01	-6.850727e-03	-7.573865e-03	2.249200e-02	3.672136e-03	1.881987e-02
749           	3.394875e-01	1.628464e-01	1.766410e-01	-1.722866e-01	-2.604238e-01	8.813715e-02	-1.742805e-01	-6.897321e-03	-7.298701e-03	2.221268e-02	3.807639e-03	1.840504e-02
750           	3.396103e-01	1.628846e-01	1.767257e-01	-1.727656e-01	-2.608357e-01	8.807016e-02	-1.744529e-01	-6.920531e-03	-7.043706e-03	2.181763e-02	3.865111e-03	1.795252e-02
751           	3.396316e-01	1.628912e-01	1.767404e-01	-1.731231e-01	-2.611209e-01	8.799776e-02	-1.745593e-01	-6.924610e-03	-6.873100e-03	2.137668e-02	3.815238e-03	1.756144e-02
752           	3.395620e-01	1.629065e-01	1.766555e-01	-1.733756e-01	-2.612998e-01	8.792423e-02	-1.746120e-01	-6.874480e-03	-6.676246e-03	2.065269e-02	3.650101e-03	1.700259e-02
753           	3.394455e-01	1.629319e-01	1.765136e-01	-1.734623e-01	-2.613214e-01	8.785910e-02	-1.745903e-01	-6.790855e-03	-6.467906e-03	1.978464e-02	3.424413e-03	1.636022e-02
754           	3.392974e-01	1.629684e-01	1.763290e-01	-1.733779e-01	-2.611780e-01	8.780004e-02	-1.744890e-01	-6.680295e-03	-6.233745e-03	1.879029e-02	3.161401e-03	1.562889e-02
755           	3.391485e-01	1.630061e-01	1.761425e-01	-1.731370e-01	-2.608808e-01	8.774373e-02	-1.743123e-01	-6.568195e-03	-5.999243e-03	1.777503e-02	2.888270e-03	1.488676e-02
756           	3.390137e-01	1.630309e-01	1.759828e-01	-1.727560e-01	-2.604421e-01	8.768605e-02	-1.740641e-01	-6.475954e-03	-5.797957e-03	1.684842e-02	2.626253e-03	1.422217e-02
757           	3.389247e-01	1.630469e-01	1.758777e-01	-1.722827e-01	-2.599052e-01	8.762250e-02	-1.737638e-01	-6.415396e-03	-5.654823e-03	1.610330e-02	2.396826e-03	1.370647e-02
758           	3.388913e-01	1.630610e-01	1.758303e-01	-1.717735e-01	-2.593344e-01	8.756089e-02	-1.734476e-01	-6.384657e-03	-5.579982e-03	1.556349e-02	2.201763e-03	1.336173e-02
759           	3.389251e-01	1.630847e-01	1.758403e-01	-1.712871e-01	-2.588005e-01	8.751340e-02	-1.731569e-01	-6.377805e-03	-5.596800e-03	1.528701e-02	2.046704e-03	1.324030e-02
760           	3.390067e-01	1.631153e-01	1.758914e-01	-1.708300e-01	-2.583338e-01	8.750381e-02	-1.729188e-01	-6.388023e-03	-5.721954e-03	1.530614e-02	1.931118e-03	1.337503e-02
761           	3.391339e-01	1.631593e-01	1.759746e-01	-1.703878e-01	-2.579356e-01	8.754784e-02	-1.727417e-01	-6.407639e-03	-5.940691e-03	1.560218e-02	1.860399e-03	1.374178e-02
762           	3.392257e-01	1.631896e-01	1.760360e-01	-1.699376e-01	-2.575992e-01	8.766155e-02	-1.726304e-01	-6.423187e-03	-6.226819e-03	1.612186e-02	1.834111e-03	1.428775e-02
763           	3.391955e-01	1.631560e-01	1.760395e-01	-1.693827e-01	-2.572506e-01	8.786791e-02	-1.725593e-01	-6.441746e-03	-6.620486e-03	1.694582e-02	1.852421e-03	1.509339e-02
764           	3.390061e-01	1.630688e-01	1.759373e-01	-1.688225e-01	-2.569637e-01	8.814116e-02	-1.725524e-01	-6.434265e-03	-6.948113e-03	1.771939e-02	1.911582e-03	1.580781e-02
765           	3.387008e-01	1.629253e-01	1.757754e-01	-1.682927e-01	-2.567462e-01	8.845350e-02	-1.725998e-01	-6.425046e-03	-7.283367e-03	1.863175e-02	2.032507e-03	1.659924e-02
766           	3.382897e-01	1.627271e-01	1.755626e-01	-1.678178e-01	-2.565951e-01	8.877730e-02	-1.726862e-01	-6.417753e-03	-7.608717e-03	1.963322e-02	2.207894e-03	1.742533e-02
767           	3.378567e-01	1.625191e-01	1.753376e-01	-1.674385e-01	-2.565107e-01	8.907220e-02	-1.727914e-01	-6.409267e-03	-7.888373e-03	2.065852e-02	2.440887e-03	1.821763e-02
768           	3.374666e-01	1.623170e-01	1.751496e-01	-1.671415e-01	-2.564439e-01	8.930234e-02	-1.728731e-01	-6.416288e-03	-8.146466e-03	2.173045e-02	2.718760e-03	1.901169e-02
769           	3.371689e-01	1.621411e-01	1.750278e-01	-1.669326e-01	-2.563754e-01	8.944278e-02	-1.729091e-01	-6.443345e-03	-8.356624e-03	2.282798e-02	3.057367e-03	1.977061e-02
770           	3.370029e-01	1.620113e-01	1.749916e-01	-1.668068e-01	-2.562860e-01	8.947920e-02	-1.728826e-01	-6.490175e-03	-8.516890e-03	2.394724e-02	3.456730e-03	2.049051e-02
771           	3.370211e-01	1.619521e-01	1.750690e-01	-1.667603e-01	-2.561619e-01	8.940164e-02	-1.727818e-01	-6.558473e-03	-8.645029e-03	2.510660e-02	3.908270e-03	2.119833e-02
772           	3.372161e-01	1.619631e-01	1.752530e-01	-1.668010e-01	-2.560232e-01	8.922220e-02	-1.726227e-01	-6.644971e-03	-8.753298e-03	2.626608e-02	4.379741e-03	2.188634e-02
773           	3.375514e-01	1.620307e-01	1.755207e-01	-1.669384e-01	-2.559018e-01	8.896340e-02	-1.724326e-01	-6.745028e-03	-8.839134e-03	2.731931e-02	4.820522e-03	2.249879e-02
774           	3.379413e-01	1.621123e-01	1.758291e-01	-1.671709e-01	-2.558382e-01	8.866728e-02	-1.722527e-01	-6.858408e-03	-8.943748e-03	2.822447e-02	5.168486e-03	2.305598e-02
775           	3.383271e-01	1.622043e-01	1.761228e-01	-1.674892e-01	-2.558633e-01	8.837414e-02	-1.721187e-01	-6.959242e-03	-9.033897e-03	2.882049e-02	5.376346e-03	2.344414e-02
776           	3.386274e-01	1.622776e-01	1.763498e-01	-1.678582e-01	-2.559834e-01	8.812515e-02	-1.720543e-01	-7.036126e-03	-9.078318e-03	2.903854e-02	5.440951e-03	2.359759e-02
777           	3.388404e-01	1.623354e-01	1.765049e-01	-1.682479e-01	-2.561854e-01	8.793747e-02	-1.720614e-01	-7.084742e-03	-9.079210e-03	2.891740e-02	5.379491e-03	2.353791e-02
778           	3.389416e-01	1.623669e-01	1.765747e-01	-1.686142e-01	-2.564395e-01	8.782526e-02	-1.721324e-01	-7.103917e-03	-9.016614e-03	2.845491e-02	5.210840e-03	2.324407e-02
779           	3.389604e-01	1.623811e-01	1.765792e-01	-1.689356e-01	-2.567176e-01	8.778196e-02	-1.722498e-01	-7.099046e-03	-8.891850e-03	2.771980e-02	4.968049e-03	2.275175e-02
780           	3.389313e-01	1.623897e-01	1.765415e-01	-1.691868e-01	-2.569910e-01	8.780418e-02	-1.723976e-01	-7.075908e-03	-8.682985e-03	2.668407e-02	4.659049e-03	2.202502e-02
781           	3.388608e-01	1.623998e-01	1.764610e-01	-1.693513e-01	-2.572350e-01	8.788366e-02	-1.725593e-01	-7.030573e-03	-8.364457e-03	2.532317e-02	4.297126e-03	2.102604e-02
782           	3.387129e-01	1.623942e-01	1.763188e-01	-1.694448e-01	-2.574522e-01	8.800738e-02	-1.727298e-01	-6.962293e-03	-7.943256e-03	2.371628e-02	3.914883e-03	1.980139e-02
783           	3.385122e-01	1.623750e-01	1.761372e-01	-1.694688e-01	-2.576210e-01	8.815219e-02	-1.728866e-01	-6.881068e-03	-7.448197e-03	2.197993e-02	3.541769e-03	1.843816e-02
784           	3.382923e-01	1.623583e-01	1.759340e-01	-1.694037e-01	-2.576979e-01	8.829424e-02	-1.729961e-01	-6.787830e-03	-6.915870e-03	2.018315e-02	3.175704e-03	1.700744e-02
785           	3.380971e-01	1.623613e-01	1.757358e-01	-1.692645e-01	-2.576705e-01	8.840600e-02	-1.730382e-01	-6.687225e-03	-6.388601e-03	1.841529e-02	2.819044e-03	1.559625e-02
786           	3.379155e-01	1.623720e-01	1.755434e-01	-1.691116e-01	-2.575840e-01	8.847239e-02	-1.730282e-01	-6.585710e-03	-5.909942e-03	1.678325e-02	2.481684e-03	1.430157e-02
787           	3.377652e-01	1.623877e-01	1.753775e-01	-1.690401e-01	-2.575163e-01	8.847615e-02	-1.729962e-01	-6.494921e-03	-5.554357e-03	1.549134e-02	2.191315e-03	1.330003e-02
788           	3.376479e-01	1.624421e-01	1.752058e-01	-1.689993e-01	-2.574321e-01	8.843284e-02	-1.729325e-01	-6.381860e-03	-5.239404e-03	1.424899e-02	1.885092e-03	1.236390e-02
789           	3.376221e-01	1.625393e-01	1.750829e-01	-1.690509e-01	-2.573904e-01	8.833948e-02	-1.728649e-01	-6.271815e-03	-5.011390e-03	1.327206e-02	1.624639e-03	1.164742e-02
790           	3.376856e-01	1.626742e-01	1.750114e-01	-1.692546e-01	-2.574632e-01	8.820853e-02	-1.728358e-01	-6.168619e-03	-4.888761e-03	1.260377e-02	1.413123e-03	1.119065e-02
791           	3.378182e-01	1.628300e-01	1.749883e-01	-1.696156e-01	-2.576801e-01	8.806452e-02	-1.728723e-01	-6.079164e-03	-4.857282e-03	1.221114e-02	1.248290e-03	1.096285e-02
792           	3.379829e-01	1.629997e-01	1.749832e-01	-1.701292e-01	-2.580563e-01	8.792712e-02	-1.729917e-01	-5.991745e-03	-4.910634e-03	1.204515e-02	1.111941e-03	1.093321e-02
793           	3.381512e-01	1.631635e-01	1.749877e-01	-1.707490e-01	-2.585654e-01	8.781643e-02	-1.731909e-01	-5.912112e-03	-5.027683e-03	1.207992e-02	1.012275e-03	1.106764e-02
794           	3.382769e-01	1.632959e-01	1.749810e-01	-1.714209e-01	-2.591773e-01	8.775646e-02	-1.734669e-01	-5.842542e-03	-5.179885e-03	1.226700e-02	9.536172e-04	1.131339e-02
795           	3.383415e-01	1.633917e-01	1.749499e-01	-1.720935e-01	-2.598524e-01	8.775893e-02	-1.738057e-01	-5.779095e-03	-5.328338e-03	1.252003e-02	9.316767e-04	1.158835e-02
796           	3.383405e-01	1.634354e-01	1.749051e-01	-1.727025e-01	-2.605346e-01	8.783212e-02	-1.741834e-01	-5.734822e-03	-5.479962e-03	1.290199e-02	9.710309e-04	1.193096e-02
797           	3.383065e-01	1.634355e-01	1.748710e-01	-1.731963e-01	-2.611665e-01	8.797018e-02	-1.745683e-01	-5.717769e-03	-5.631538e-03	1.343613e-02	1.086526e-03	1.234960e-02
798           	3.382678e-01	1.633934e-01	1.748745e-01	-1.735303e-01	-2.616927e-01	8.816237e-02	-1.749275e-01	-5.740548e-03	-5.801929e-03	1.417528e-02	1.285712e-03	1.288957e-02
799           	3.382422e-01	1.633073e-01	1.749349e-01	-1.736638e-01	-2.620566e-01	8.839279e-02	-1.752247e-01	-5.813787e-03	-6.017984e-03	1.517903e-02	1.571533e-03	1.360750e-02
800           	3.382162e-01	1.631785e-01	1.750377e-01	-1.735542e-01	-2.621997e-01	8.864553e-02	-1.754226e-01	-5.929607e-03	-6.259175e-03	1.640754e-02	1.944595e-03	1.446295e-02
801           	3.382092e-01	1.630287e-01	1.751805e-01	-1.731643e-01	-2.620671e-01	8.890274e-02	-1.754849e-01	-6.075912e-03	-6.503263e-03	1.786180e-02	2.427637e-03	1.543416e-02
802           	3.381337e-01	1.628023e-01	1.753314e-01	-1.724452e-01	-2.616160e-01	8.917078e-02	-1.753934e-01	-6.264551e-03	-6.797605e-03	1.964128e-02	3.023033e-03	1.661824e-02
803           	3.380961e-01	1.626118e-01	1.754843e-01	-1.716035e-01	-2.609611e-01	8.935765e-02	-1.751594e-01	-6.436282e-03	-7.052057e-03	2.127651e-02	3.586200e-03	1.769031e-02
804           	3.380681e-01	1.624336e-01	1.756344e-01	-1.706545e-01	-2.601458e-01	8.949126e-02	-1.748185e-01	-6.600404e-03	-7.305103e-03	2.282963e-02	4.109712e-03	1.871992e-02
805           	3.380406e-01	1.622848e-01	1.757558e-01	-1.696582e-01	-2.592335e-01	8.957531e-02	-1.744044e-01	-6.735523e-03	-7.558075e-03	2.415854e-02	4.521194e-03	1.963734e-02
806           	3.379461e-01	1.621351e-01	1.758110e-01	-1.686497e-01	-2.582740e-01	8.962430e-02	-1.739492e-01	-6.837964e-03	-7.808260e-03	2.519358e-02	4.788529e-03	2.040505e-02
807           	3.377594e-01	1.619866e-01	1.757727e-01	-1.676778e-01	-2.573202e-01	8.964242e-02	-1.734813e-01	-6.893053e-03	-8.012343e-03	2.587487e-02	4.925094e-03	2.094978e-02
808           	3.375071e-01	1.618521e-01	1.756549e-01	-1.667350e-01	-2.563612e-01	8.962616e-02	-1.729937e-01	-6.901389e-03	-8.164391e-03	2.620548e-02	4.938352e-03	2.126713e-02
809           	3.372693e-01	1.617587e-01	1.755106e-01	-1.658477e-01	-2.554050e-01	8.955737e-02	-1.724812e-01	-6.875948e-03	-8.236854e-03	2.619668e-02	4.861484e-03	2.133519e-02
810           	3.371100e-01	1.617196e-01	1.753905e-01	-1.650236e-01	-2.544535e-01	8.942993e-02	-1.719417e-01	-6.835458e-03	-8.238187e-03	2.589191e-02	4.707765e-03	2.118414e-02
811           	3.370565e-01	1.617265e-01	1.753300e-01	-1.643441e-01	-2.535850e-01	8.924091e-02	-1.714130e-01	-6.801752e-03	-8.199997e-03	2.544704e-02	4.523525e-03	2.092352e-02
812           	3.371160e-01	1.617830e-01	1.753330e-01	-1.637599e-01	-2.527394e-01	8.897956e-02	-1.708595e-01	-6.775027e-03	-8.094168e-03	2.478613e-02	4.298899e-03	2.048724e-02
813           	3.372524e-01	1.618366e-01	1.754158e-01	-1.634080e-01	-2.520944e-01	8.868643e-02	-1.703904e-01	-6.789598e-03	-8.043928e-03	2.428987e-02	4.101007e-03	2.018886e-02
814           	3.375452e-01	1.619682e-01	1.755770e-01	-1.632445e-01	-2.515979e-01	8.835339e-02	-1.699757e-01	-6.804402e-03	-7.934129e-03	2.363705e-02	3.884395e-03	1.975265e-02
815           	3.378638e-01	1.620834e-01	1.757804e-01	-1.632329e-01	-2.512966e-01	8.806378e-02	-1.696802e-01	-6.848484e-03	-7.920490e-03	2.325270e-02	3.705861e-03	1.954684e-02
816           	3.382951e-01	1.622677e-01	1.760275e-01	-1.634855e-01	-2.512650e-01	8.777951e-02	-1.695223e-01	-6.879898e-03	-7.925783e-03	2.284748e-02	3.497957e-03	1.934952e-02
817           	3.386822e-01	1.624258e-01	1.762564e-01	-1.638447e-01	-2.514376e-01	8.759289e-02	-1.695152e-01	-6.915291e-03	-8.000198e-03	2.262157e-02	3.310586e-03	1.931098e-02
818           	3.389853e-01	1.625528e-01	1.764325e-01	-1.643422e-01	-2.518363e-01	8.749411e-02	-1.696652e-01	-6.939873e-03	-8.088309e-03	2.245280e-02	3.138092e-03	1.931471e-02
819           	3.391218e-01	1.626154e-01	1.765065e-01	-1.649673e-01	-2.524507e-01	8.748334e-02	-1.699670e-01	-6.945558e-03	-8.147252e-03	2.227067e-02	2.988084e-03	1.928259e-02
820           	3.391814e-01	1.626778e-01	1.765036e-01	-1.657767e-01	-2.532995e-01	8.752284e-02	-1.704112e-01	-6.912908e-03	-8.138326e-03	2.193532e-02	2.829334e-03	1.910599e-02
821           	3.391021e-01	1.626902e-01	1.764119e-01	-1.666980e-01	-2.543169e-01	8.761891e-02	-1.709679e-01	-6.860882e-03	-8.068005e-03	2.156096e-02	2.712475e-03	1.884849e-02
822           	3.389339e-01	1.626766e-01	1.762573e-01	-1.677905e-01	-2.555188e-01	8.772830e-02	-1.716236e-01	-6.790327e-03	-7.955506e-03	2.112967e-02	2.609330e-03	1.852034e-02
823           	3.387550e-01	1.626659e-01	1.760891e-01	-1.690144e-01	-2.568389e-01	8.782449e-02	-1.723317e-01	-6.711615e-03	-7.798133e-03	2.067668e-02	2.540207e-03	1.813647e-02
824           	3.386150e-01	1.626710e-01	1.759439e-01	-1.702950e-01	-2.581864e-01	8.789139e-02	-1.730389e-01	-6.636448e-03	-7.602135e-03	2.023543e-02	2.515582e-03	1.771985e-02
825           	3.385401e-01	1.627000e-01	1.758401e-01	-1.715628e-01	-2.594798e-01	8.791703e-02	-1.736984e-01	-6.570045e-03	-7.386632e-03	1.985604e-02	2.541386e-03	1.731465e-02
826           	3.385564e-01	1.627627e-01	1.757937e-01	-1.727469e-01	-2.606428e-01	8.789591e-02	-1.742694e-01	-6.515471e-03	-7.157612e-03	1.957316e-02	2.628968e-03	1.694419e-02
827           	3.386778e-01	1.628653e-01	1.758125e-01	-1.737908e-01	-2.616186e-01	8.782778e-02	-1.747232e-01	-6.473619e-03	-6.926295e-03	1.942562e-02	2.786514e-03	1.663910e-02
828           	3.388622e-01	1.629795e-01	1.758827e-01	-1.746479e-01	-2.623778e-01	8.772989e-02	-1.750538e-01	-6.451635e-03	-6.710473e-03	1.939738e-02	2.988217e-03	1.640916e-02
829           	3.390744e-01	1.630848e-01	1.759895e-01	-1.753050e-01	-2.629279e-01	8.762285e-02	-1.752754e-01	-6.452365e-03	-6.542928e-03	1.946658e-02	3.190362e-03	1.627622e-02
830           	3.392584e-01	1.631672e-01	1.760912e-01	-1.757716e-01	-2.633079e-01	8.753625e-02	-1.754221e-01	-6.461990e-03	-6.433038e-03	1.952419e-02	3.329056e-03	1.619513e-02
831           	3.393802e-01	1.632203e-01	1.761599e-01	-1.760730e-01	-2.635673e-01	8.749431e-02	-1.755308e-01	-6.469829e-03	-6.373960e-03	1.952341e-02	3.387743e-03	1.613566e-02
832           	3.394006e-01	1.632382e-01	1.761625e-01	-1.761958e-01	-2.637152e-01	8.751942e-02	-1.756173e-01	-6.462132e-03	-6.341597e-03	1.941296e-02	3.364882e-03	1.604808e-02
833           	3.393229e-01	1.632238e-01	1.760990e-01	-1.761183e-01	-2.637348e-01	8.761652e-02	-1.756757e-01	-6.437577e-03	-6.318597e-03	1.919760e-02	3.280204e-03	1.591740e-02
834           	3.391610e-01	1.631745e-01	1.759865e-01	-1.758139e-01	-2.635975e-01	8.778356e-02	-1.756905e-01	-6.405989e-03	-6.297797e-03	1.891561e-02	3.160009e-03	1.575560e-02
835           	3.389419e-01	1.630979e-01	1.758440e-01	-1.752802e-01	-2.632887e-01	8.800854e-02	-1.756486e-01	-6.373065e-03	-6.275831e-03	1.860207e-02	3.025205e-03	1.557687e-02
836           	3.385834e-01	1.629498e-01	1.756336e-01	-1.744271e-01	-2.627411e-01	8.831398e-02	-1.755276e-01	-6.341910e-03	-6.240804e-03	1.827128e-02	2.894836e-03	1.537644e-02
837           	3.381972e-01	1.627680e-01	1.754291e-01	-1.733912e-01	-2.620115e-01	8.862032e-02	-1.753159e-01	-6.330544e-03	-6.210291e-03	1.805270e-02	2.816059e-03	1.523664e-02
838           	3.378472e-01	1.625909e-01	1.752562e-01	-1.721432e-01	-2.610625e-01	8.891929e-02	-1.749909e-01	-6.332629e-03	-6.186241e-03	1.791714e-02	2.772331e-03	1.514481e-02
839           	3.375697e-01	1.624442e-01	1.751255e-01	-1.707403e-01	-2.599269e-01	8.918666e-02	-1.745568e-01	-6.340626e-03	-6.174596e-03	1.786647e-02	2.758637e-03	1.510783e-02
840           	3.373128e-01	1.622990e-01	1.750137e-01	-1.692388e-01	-2.586534e-01	8.941457e-02	-1.740340e-01	-6.357350e-03	-6.195032e-03	1.793533e-02	2.772633e-03	1.516270e-02
841           	3.370743e-01	1.621625e-01	1.749119e-01	-1.677351e-01	-2.573244e-01	8.958930e-02	-1.734569e-01	-6.374692e-03	-6.255887e-03	1.813748e-02	2.812854e-03	1.532463e-02
842           	3.368675e-01	1.620413e-01	1.748263e-01	-1.662912e-01	-2.559920e-01	8.970078e-02	-1.728464e-01	-6.392497e-03	-6.385834e-03	1.848963e-02	2.858982e-03	1.563065e-02
843           	3.367405e-01	1.619690e-01	1.747715e-01	-1.649849e-01	-2.547249e-01	8.974001e-02	-1.722325e-01	-6.401246e-03	-6.565301e-03	1.895539e-02	2.912392e-03	1.604299e-02
844           	3.367116e-01	1.619580e-01	1.747537e-01	-1.639103e-01	-2.536123e-01	8.970194e-02	-1.716571e-01	-6.397861e-03	-6.780418e-03	1.947908e-02	2.959121e-03	1.651996e-02
845           	3.367860e-01	1.620127e-01	1.747733e-01	-1.631216e-01	-2.527144e-01	8.959283e-02	-1.711536e-01	-6.380290e-03	-7.028872e-03	2.003069e-02	2.986473e-03	1.704422e-02
846           	3.369370e-01	1.621171e-01	1.748199e-01	-1.626579e-01	-2.520848e-01	8.942696e-02	-1.707559e-01	-6.351422e-03	-7.289719e-03	2.056592e-02	2.993243e-03	1.757268e-02
847           	3.371485e-01	1.622593e-01	1.748892e-01	-1.625501e-01	-2.517681e-01	8.921800e-02	-1.704930e-01	-6.314961e-03	-7.541020e-03	2.104873e-02	2.983346e-03	1.806539e-02
848           	3.373862e-01	1.624156e-01	1.749706e-01	-1.627936e-01	-2.517816e-01	8.898799e-02	-1.703848e-01	-6.277526e-03	-7.758170e-03	2.144447e-02	2.964064e-03	1.848040e-02
849           	3.376482e-01	1.625829e-01	1.750653e-01	-1.633574e-01	-2.521118e-01	8.875443e-02	-1.704331e-01	-6.241206e-03	-7.910426e-03	2.170874e-02	2.943943e-03	1.876480e-02
850           	3.378956e-01	1.627325e-01	1.751631e-01	-1.641929e-01	-2.527344e-01	8.854153e-02	-1.706380e-01	-6.215340e-03	-7.998406e-03	2.187583e-02	2.939509e-03	1.893632e-02
851           	3.381583e-01	1.628589e-01	1.752995e-01	-1.652009e-01	-2.535594e-01	8.835846e-02	-1.709589e-01	-6.220313e-03	-8.035937e-03	2.202488e-02	2.976505e-03	1.904838e-02
852           	3.384227e-01	1.629454e-01	1.754773e-01	-1.663008e-01	-2.545153e-01	8.821446e-02	-1.713649e-01	-6.265966e-03	-8.051370e-03	2.220618e-02	3.051719e-03	1.915446e-02
853           	3.387001e-01	1.629934e-01	1.757067e-01	-1.674059e-01	-2.555130e-01	8.810715e-02	-1.718101e-01	-6.356627e-03	-8.066831e-03	2.246433e-02	3.165333e-03	1.929900e-02
854           	3.389711e-01	1.630073e-01	1.759638e-01	-1.684363e-01	-2.564700e-01	8.803368e-02	-1.722518e-01	-6.478214e-03	-8.048433e-03	2.276135e-02	3.332242e-03	1.942911e-02
855           	3.392319e-01	1.629949e-01	1.762370e-01	-1.693679e-01	-2.573533e-01	8.798531e-02	-1.726693e-01	-6.621035e-03	-7.972893e-03	2.305328e-02	3.553749e-03	1.949953e-02
856           	3.394629e-01	1.629639e-01	1.764990e-01	-1.701890e-01	-2.581405e-01	8.795149e-02	-1.730460e-01	-6.767575e-03	-7.835786e-03	2.328547e-02	3.806950e-03	1.947852e-02
857           	3.396916e-01	1.629450e-01	1.767466e-01	-1.708802e-01	-2.587986e-01	8.791841e-02	-1.733585e-01	-6.900777e-03	-7.647708e-03	2.337541e-02	4.039996e-03	1.933541e-02
858           	3.398793e-01	1.629349e-01	1.769444e-01	-1.714364e-01	-2.593253e-01	8.788890e-02	-1.736071e-01	-7.004721e-03	-7.448962e-03	2.327269e-02	4.187385e-03	1.908531e-02
859           	3.399643e-01	1.629136e-01	1.770507e-01	-1.718916e-01	-2.597573e-01	8.786567e-02	-1.738115e-01	-7.068588e-03	-7.262178e-03	2.292609e-02	4.200869e-03	1.872522e-02
860           	3.399302e-01	1.628814e-01	1.770488e-01	-1.722214e-01	-2.600767e-01	8.785528e-02	-1.739660e-01	-7.083720e-03	-7.063835e-03	2.232947e-02	4.100898e-03	1.822857e-02
861           	3.397859e-01	1.628430e-01	1.769428e-01	-1.724086e-01	-2.602588e-01	8.785018e-02	-1.740545e-01	-7.049914e-03	-6.874368e-03	2.155567e-02	3.903466e-03	1.765220e-02
862           	3.396114e-01	1.628811e-01	1.767303e-01	-1.724671e-01	-2.602942e-01	8.782709e-02	-1.740606e-01	-6.924579e-03	-6.557840e-03	2.023062e-02	3.557470e-03	1.667315e-02
863           	3.394582e-01	1.629162e-01	1.765420e-01	-1.723480e-01	-2.601382e-01	8.779024e-02	-1.739642e-01	-6.812926e-03	-6.288392e-03	1.906578e-02	3.244500e-03	1.582128e-02
864           	3.393258e-01	1.630025e-01	1.763234e-01	-1.721067e-01	-2.598292e-01	8.772248e-02	-1.737758e-01	-6.660436e-03	-5.969808e-03	1.760671e-02	2.833544e-03	1.477316e-02
865           	3.392609e-01	1.630759e-01	1.761850e-01	-1.717814e-01	-2.594133e-01	8.763193e-02	-1.735226e-01	-6.554590e-03	-5.718438e-03	1.645739e-02	2.510258e-03	1.394713e-02
866           	3.392716e-01	1.631875e-01	1.760842e-01	-1.714413e-01	-2.589500e-01	8.750868e-02	-1.732293e-01	-6.448356e-03	-5.529945e-03	1.533547e-02	2.137788e-03	1.319768e-02
867           	3.393462e-01	1.633049e-01	1.760413e-01	-1.711606e-01	-2.585549e-01	8.739431e-02	-1.729746e-01	-6.368192e-03	-5.383264e-03	1.449286e-02	1.863165e-03	1.262969e-02
868           	3.394437e-01	1.634254e-01	1.760183e-01	-1.709363e-01	-2.582386e-01	8.730231e-02	-1.727705e-01	-6.296431e-03	-5.354721e-03	1.392238e-02	1.606468e-03	1.231591e-02
869           	3.395179e-01	1.635260e-01	1.759919e-01	-1.707675e-01	-2.580300e-01	8.726255e-02	-1.726463e-01	-6.232964e-03	-5.418593e-03	1.363849e-02	1.400654e-03	1.223784e-02
870           	3.395398e-01	1.635874e-01	1.759524e-01	-1.706387e-01	-2.579375e-01	8.729880e-02	-1.726181e-01	-6.182508e-03	-5.557999e-03	1.362584e-02	1.254919e-03	1.237092e-02
871           	3.394911e-01	1.636034e-01	1.758876e-01	-1.705082e-01	-2.579274e-01	8.741914e-02	-1.726732e-01	-6.142098e-03	-5.761402e-03	1.390988e-02	1.193538e-03	1.271634e-02
872           	3.393256e-01	1.635540e-01	1.757716e-01	-1.703281e-01	-2.579542e-01	8.762614e-02	-1.727902e-01	-6.108841e-03	-6.003333e-03	1.442261e-02	1.207973e-03	1.321464e-02
873           	3.390713e-01	1.634277e-01	1.756436e-01	-1.701132e-01	-2.580158e-01	8.790266e-02	-1.729592e-01	-6.107976e-03	-6.306612e-03	1.525961e-02	1.323195e-03	1.393642e-02
874           	3.386631e-01	1.631735e-01	1.754896e-01	-1.698337e-01	-2.580866e-01	8.825289e-02	-1.731697e-01	-6.158029e-03	-6.717902e-03	1.653563e-02	1.549913e-03	1.498572e-02
875           	3.382441e-01	1.629143e-01	1.753298e-01	-1.695969e-01	-2.581972e-01	8.860029e-02	-1.733987e-01	-6.207720e-03	-7.070204e-03	1.778239e-02	1.820990e-03	1.596140e-02
876           	3.378567e-01	1.626459e-01	1.752108e-01	-1.693738e-01	-2.582961e-01	8.892234e-02	-1.736092e-01	-6.282418e-03	-7.412842e-03	1.918991e-02	2.182115e-03	1.700780e-02
877           	3.375236e-01	1.623791e-01	1.751445e-01	-1.691555e-01	-2.583467e-01	8.919120e-02	-1.737689e-01	-6.382719e-03	-7.733541e-03	2.072044e-02	2.626678e-03	1.809376e-02
878           	3.372768e-01	1.621410e-01	1.751357e-01	-1.689421e-01	-2.583289e-01	8.938674e-02	-1.738578e-01	-6.497371e-03	-8.009932e-03	2.231508e-02	3.147609e-03	1.916747e-02
879           	3.371638e-01	1.619687e-01	1.751951e-01	-1.687440e-01	-2.582308e-01	8.948680e-02	-1.738588e-01	-6.613218e-03	-8.236698e-03	2.391056e-02	3.718582e-03	2.019198e-02
880           	3.371665e-01	1.618498e-01	1.753168e-01	-1.685619e-01	-2.580578e-01	8.949594e-02	-1.737769e-01	-6.733494e-03	-8.447773e-03	2.549780e-02	4.301129e-03	2.119668e-02
881           	3.372611e-01	1.617875e-01	1.754735e-01	-1.684258e-01	-2.578512e-01	8.942541e-02	-1.736383e-01	-6.842996e-03	-8.620497e-03	2.691681e-02	4.837906e-03	2.207890e-02
882           	3.374013e-01	1.617551e-01	1.756462e-01	-1.683359e-01	-2.576320e-01	8.929604e-02	-1.734640e-01	-6.945573e-03	-8.808016e-03	2.813412e-02	5.259045e-03	2.287508e-02
883           	3.375519e-01	1.617609e-01	1.757910e-01	-1.682875e-01	-2.574227e-01	8.913520e-02	-1.732789e-01	-7.015077e-03	-8.970022e-03	2.896137e-02	5.510663e-03	2.345071e-02
884           	3.376778e-01	1.617921e-01	1.758857e-01	-1.682381e-01	-2.572161e-01	8.897798e-02	-1.730970e-01	-7.046780e-03	-9.107069e-03	2.940353e-02	5.594698e-03	2.380884e-02
885           	3.378179e-01	1.618658e-01	1.759521e-01	-1.682034e-01	-2.570202e-01	8.881677e-02	-1.729185e-01	-7.043152e-03	-9.171793e-03	2.944447e-02	5.550440e-03	2.389403e-02
886           	3.379093e-01	1.619542e-01	1.759550e-01	-1.681896e-01	-2.568598e-01	8.867024e-02	-1.727650e-01	-7.000394e-03	-9.158364e-03	2.909405e-02	5.388662e-03	2.370539e-02
887           	3.379781e-01	1.620482e-01	1.759299e-01	-1.681472e-01	-2.566966e-01	8.854940e-02	-1.726230e-01	-6.940826e-03	-9.052999e-03	2.839530e-02	5.144652e-03	2.325065e-02
888           	3.380152e-01	1.621335e-01	1.758817e-01	-1.680588e-01	-2.565234e-01	8.846465e-02	-1.724940e-01	-6.874113e-03	-8.852193e-03	2.738474e-02	4.840180e-03	2.254456e-02
889           	3.380275e-01	1.622244e-01	1.758031e-01	-1.679284e-01	-2.563429e-01	8.841452e-02	-1.723787e-01	-6.789378e-03	-8.482836e-03	2.592240e-02	4.478364e-03	2.144404e-02
890           	3.380023e-01	1.622348e-01	1.757676e-01	-1.677627e-01	-2.561584e-01	8.839575e-02	-1.722771e-01	-6.766398e-03	-8.249279e-03	2.482438e-02	4.162911e-03	2.066147e-02
891           	3.379602e-01	1.622699e-01	1.756903e-01	-1.674961e-01	-2.559181e-01	8.842202e-02	-1.721701e-01	-6.710202e-03	-7.810136e-03	2.321474e-02	3.797232e-03	1.941750e-02
892           	3.379190e-01	1.622598e-01	1.756592e-01	-1.672143e-01	-2.556760e-01	8.846172e-02	-1.720689e-01	-6.699713e-03	-7.458056e-03	2.190270e-02	3.493296e-03	1.840941e-02
893           	3.378792e-01	1.622423e-01	1.756370e-01	-1.669338e-01	-2.554420e-01	8.850814e-02	-1.719751e-01	-6.697342e-03	-7.093297e-03	2.061073e-02	3.212071e-03	1.739866e-02
894           	3.377996e-01	1.622042e-01	1.755954e-01	-1.667171e-01	-2.552674e-01	8.855037e-02	-1.719089e-01	-6.695604e-03	-6.731870e-03	1.936473e-02	2.950493e-03	1.641423e-02
895           	3.377079e-01	1.621476e-01	1.755603e-01	-1.666634e-01	-2.552248e-01	8.856140e-02	-1.718931e-01	-6.706324e-03	-6.433843e-03	1.835398e-02	2.743146e-03	1.561083e-02
896           	3.376157e-01	1.621169e-01	1.754988e-01	-1.666998e-01	-2.552435e-01	8.854371e-02	-1.718936e-01	-6.690943e-03	-6.156384e-03	1.734784e-02	2.517535e-03	1.483030e-02
897           	3.375841e-01	1.621317e-01	1.754524e-01	-1.668968e-01	-2.553787e-01	8.848191e-02	-1.719303e-01	-6.660385e-03	-5.940220e-03	1.650032e-02	2.309939e-03	1.419038e-02
898           	3.376208e-01	1.622004e-01	1.754205e-01	-1.673278e-01	-2.557057e-01	8.837790e-02	-1.720418e-01	-6.610048e-03	-5.802809e-03	1.583355e-02	2.113965e-03	1.371958e-02
899           	3.377263e-01	1.623320e-01	1.753943e-01	-1.679801e-01	-2.562243e-01	8.824420e-02	-1.722342e-01	-6.531181e-03	-5.729584e-03	1.529579e-02	1.918311e-03	1.337748e-02
900           	3.378824e-01	1.625136e-01	1.753688e-01	-1.688015e-01	-2.569001e-01	8.809863e-02	-1.724994e-01	-6.427626e-03	-5.711033e-03	1.486949e-02	1.723713e-03	1.314578e-02
901           	3.380641e-01	1.627268e-01	1.753373e-01	-1.697251e-01	-2.576836e-01	8.795859e-02	-1.728211e-01	-6.305282e-03	-5.727201e-03	1.453044e-02	1.538019e-03	1.299242e-02
902           	3.382270e-01	1.629432e-01	1.752838e-01	-1.706908e-01	-2.585371e-01	8.784627e-02	-1.731917e-01	-6.170309e-03	-5.749237e-03	1.423815e-02	1.369838e-03	1.286831e-02
903           	3.383473e-01	1.631418e-01	1.752054e-01	-1.716484e-01	-2.594267e-01	8.777834e-02	-1.736025e-01	-6.031811e-03	-5.752555e-03	1.396811e-02	1.231499e-03	1.273661e-02
904           	3.384035e-01	1.632982e-01	1.751053e-01	-1.725603e-01	-2.603265e-01	8.776613e-02	-1.740463e-01	-5.903569e-03	-5.745360e-03	1.376311e-02	1.136194e-03	1.262691e-02
905           	3.384067e-01	1.634073e-01	1.749994e-01	-1.733832e-01	-2.611927e-01	8.780956e-02	-1.745012e-01	-5.796043e-03	-5.726499e-03	1.365800e-02	1.102499e-03	1.255550e-02
906           	3.383733e-01	1.634588e-01	1.749145e-01	-1.740899e-01	-2.619927e-01	8.790284e-02	-1.749478e-01	-5.727874e-03	-5.712828e-03	1.372235e-02	1.148346e-03	1.257400e-02
907           	3.383287e-01	1.634500e-01	1.748787e-01	-1.746470e-01	-2.626823e-01	8.803522e-02	-1.753587e-01	-5.714327e-03	-5.736925e-03	1.403799e-02	1.282071e-03	1.275592e-02
908           	3.383025e-01	1.633944e-01	1.749080e-01	-1.750047e-01	-2.631997e-01	8.819502e-02	-1.756974e-01	-5.756785e-03	-5.796492e-03	1.462743e-02	1.517223e-03	1.311021e-02
909           	3.383419e-01	1.633210e-01	1.750208e-01	-1.751291e-01	-2.634928e-01	8.836375e-02	-1.759283e-01	-5.849906e-03	-5.897431e-03	1.553602e-02	1.870577e-03	1.366544e-02
910           	3.384253e-01	1.632272e-01	1.751982e-01	-1.749934e-01	-2.635292e-01	8.853582e-02	-1.760325e-01	-5.985494e-03	-6.035554e-03	1.672632e-02	2.327608e-03	1.439872e-02
911           	3.385147e-01	1.631019e-01	1.754128e-01	-1.746031e-01	-2.633058e-01	8.870271e-02	-1.760043e-01	-6.155440e-03	-6.215215e-03	1.814390e-02	2.856734e-03	1.528716e-02
912           	3.385827e-01	1.629476e-01	1.756351e-01	-1.739872e-01	-2.628522e-01	8.886495e-02	-1.758586e-01	-6.343783e-03	-6.455842e-03	1.967017e-02	3.379242e-03	1.629093e-02
913           	3.385879e-01	1.627546e-01	1.758333e-01	-1.731135e-01	-2.621540e-01	8.904053e-02	-1.755973e-01	-6.539390e-03	-6.779852e-03	2.129428e-02	3.867287e-03	1.742699e-02
914           	3.385763e-01	1.626124e-01	1.759639e-01	-1.722556e-01	-2.614303e-01	8.917467e-02	-1.753025e-01	-6.675719e-03	-7.056910e-03	2.246857e-02	4.177376e-03	1.829120e-02
915           	3.383916e-01	1.624023e-01	1.759893e-01	-1.711013e-01	-2.604574e-01	8.935613e-02	-1.749068e-01	-6.793491e-03	-7.382200e-03	2.362918e-02	4.432389e-03	1.919679e-02
916           	3.380986e-01	1.622030e-01	1.758956e-01	-1.699462e-01	-2.594511e-01	8.950481e-02	-1.744779e-01	-6.846270e-03	-7.632723e-03	2.436396e-02	4.549259e-03	1.981470e-02
917           	3.377658e-01	1.620274e-01	1.757384e-01	-1.687163e-01	-2.583387e-01	8.962238e-02	-1.739805e-01	-6.855516e-03	-7.818099e-03	2.479356e-02	4.578682e-03	2.021488e-02
918           	3.374549e-01	1.618987e-01	1.755563e-01	-1.674590e-01	-2.571463e-01	8.968727e-02	-1.734168e-01	-6.828813e-03	-7.911626e-03	2.490187e-02	4.539311e-03	2.036256e-02
919           	3.372333e-01	1.618299e-01	1.754034e-01	-1.662056e-01	-2.558858e-01	8.968016e-02	-1.727830e-01	-6.786732e-03	-7.958338e-03	2.477452e-02	4.428924e-03	2.034560e-02
920           	3.371048e-01	1.618085e-01	1.752962e-01	-1.650497e-01	-2.546364e-01	8.958669e-02	-1.721115e-01	-6.743849e-03	-7.961321e-03	2.447308e-02	4.275220e-03	2.019786e-02
921           	3.371231e-01	1.618459e-01	1.752771e-01	-1.641055e-01	-2.535114e-01	8.940595e-02	-1.714587e-01	-6.715590e-03	-7.946746e-03	2.412345e-02	4.114980e-03	2.000847e-02
922           	3.372591e-01	1.619284e-01	1.753307e-01	-1.632918e-01	-2.524518e-01	8.915999e-02	-1.708059e-01	-6.701117e-03	-7.927143e-03	2.372886e-02	3.937289e-03	1.979157e-02
923           	3.375097e-01	1.620590e-01	1.754507e-01	-1.627338e-01	-2.515943e-01	8.886050e-02	-1.702274e-01	-6.695851e-03	-7.910679e-03	2.332787e-02	3.753258e-03	1.957462e-02
924           	3.378347e-01	1.622196e-01	1.756151e-01	-1.624645e-01	-2.510097e-01	8.854516e-02	-1.697774e-01	-6.697772e-03	-7.905407e-03	2.295826e-02	3.573725e-03	1.938454e-02
925           	3.381753e-01	1.623850e-01	1.757903e-01	-1.624755e-01	-2.507265e-01	8.825101e-02	-1.694887e-01	-6.702616e-03	-7.928196e-03	2.266056e-02	3.402083e-03	1.925848e-02
926           	3.385302e-01	1.625586e-01	1.759716e-01	-1.627698e-01	-2.507606e-01	8.799077e-02	-1.693757e-01	-6.706469e-03	-7.966370e-03	2.239802e-02	3.232640e-03	1.916538e-02
927           	3.387429e-01	1.626394e-01	1.761035e-01	-1.631932e-01	-2.510333e-01	8.784004e-02	-1.694367e-01	-6.732092e-03	-8.076722e-03	2.234851e-02	3.097532e-03	1.925098e-02
928           	3.388806e-01	1.626921e-01	1.761884e-01	-1.638781e-01	-2.516261e-01	8.774798e-02	-1.696870e-01	-6.748153e-03	-8.170397e-03	2.228595e-02	2.972579e-03	1.931337e-02
929           	3.389332e-01	1.627123e-01	1.762209e-01	-1.647528e-01	-2.524758e-01	8.772302e-02	-1.700994e-01	-6.754324e-03	-8.209189e-03	2.217617e-02	2.878896e-03	1.929727e-02
930           	3.389075e-01	1.627046e-01	1.762029e-01	-1.658112e-01	-2.535696e-01	8.775839e-02	-1.706640e-01	-6.749128e-03	-8.180575e-03	2.200831e-02	2.823577e-03	1.918473e-02
931           	3.388673e-01	1.626977e-01	1.761695e-01	-1.670930e-01	-2.549196e-01	8.782664e-02	-1.713731e-01	-6.735892e-03	-8.093229e-03	2.178481e-02	2.799174e-03	1.898563e-02
932           	3.387745e-01	1.626719e-01	1.761026e-01	-1.683690e-01	-2.562927e-01	8.792366e-02	-1.721082e-01	-6.715363e-03	-7.952036e-03	2.152343e-02	2.809680e-03	1.871375e-02
933           	3.387258e-01	1.626558e-01	1.760699e-01	-1.698492e-01	-2.578433e-01	8.799412e-02	-1.729187e-01	-6.707037e-03	-7.787075e-03	2.127973e-02	2.852787e-03	1.842694e-02
934           	3.386937e-01	1.626485e-01	1.760452e-01	-1.711035e-01	-2.591547e-01	8.805117e-02	-1.736029e-01	-6.698359e-03	-7.604798e-03	2.106919e-02	2.929795e-03	1.813939e-02
935           	3.387565e-01	1.626901e-01	1.760664e-01	-1.723351e-01	-2.603852e-01	8.805011e-02	-1.742177e-01	-6.688157e-03	-7.383963e-03	2.086160e-02	3.046838e-03	1.781476e-02
936           	3.389054e-01	1.627815e-01	1.761239e-01	-1.734134e-01	-2.614092e-01	8.799581e-02	-1.747025e-01	-6.671214e-03	-7.137114e-03	2.066886e-02	3.197315e-03	1.747154e-02
937           	3.391273e-01	1.629067e-01	1.762206e-01	-1.742988e-01	-2.621959e-01	8.789709e-02	-1.750465e-01	-6.656958e-03	-6.897217e-03	2.051020e-02	3.357881e-03	1.715231e-02
938           	3.393675e-01	1.630407e-01	1.763267e-01	-1.749813e-01	-2.627605e-01	8.777917e-02	-1.752698e-01	-6.643008e-03	-6.692584e-03	2.034346e-02	3.479147e-03	1.686432e-02
939           	3.395630e-01	1.631590e-01	1.764040e-01	-1.754937e-01	-2.631596e-01	8.766582e-02	-1.754127e-01	-6.622541e-03	-6.531763e-03	2.009958e-02	3.518028e-03	1.658155e-02
940           	3.396871e-01	1.632577e-01	1.764294e-01	-1.758256e-01	-2.634146e-01	8.758903e-02	-1.755018e-01	-6.585886e-03	-6.401291e-03	1.972547e-02	3.461443e-03	1.626402e-02
941           	3.397149e-01	1.633323e-01	1.763826e-01	-1.759522e-01	-2.635173e-01	8.756511e-02	-1.755412e-01	-6.525179e-03	-6.278596e-03	1.919225e-02	3.317528e-03	1.587472e-02
942           	3.396110e-01	1.633582e-01	1.762529e-01	-1.758703e-01	-2.634746e-01	8.760435e-02	-1.755395e-01	-6.447349e-03	-6.153504e-03	1.853860e-02	3.115797e-03	1.542281e-02
943           	3.393897e-01	1.633323e-01	1.760575e-01	-1.755822e-01	-2.632868e-01	8.770466e-02	-1.754958e-01	-6.362593e-03	-6.015199e-03	1.781803e-02	2.893815e-03	1.492421e-02
944           	3.390255e-01	1.632365e-01	1.757890e-01	-1.750534e-01	-2.629258e-01	8.787232e-02	-1.753990e-01	-6.276243e-03	-5.850651e-03	1.703486e-02	2.666776e-03	1.436808e-02
945           	3.386352e-01	1.630895e-01	1.755457e-01	-1.743260e-01	-2.623935e-01	8.806753e-02	-1.752305e-01	-6.228126e-03	-5.716360e-03	1.645940e-02	2.513338e-03	1.394606e-02
946           	3.382914e-01	1.629279e-01	1.753635e-01	-1.733874e-01	-2.616627e-01	8.827531e-02	-1.749690e-01	-6.217816e-03	-5.620378e-03	1.607275e-02	2.415998e-03	1.365675e-02
947           	3.380202e-01	1.627691e-01	1.752510e-01	-1.722698e-01	-2.607505e-01	8.848070e-02	-1.746156e-01	-6.240949e-03	-5.586936e-03	1.592545e-02	2.375790e-03	1.354966e-02
948           	3.378029e-01	1.626044e-01	1.751985e-01	-1.710152e-01	-2.596929e-01	8.867772e-02	-1.741853e-01	-6.297049e-03	-5.632448e-03	1.605512e-02	2.395112e-03	1.366001e-02
949           	3.376191e-01	1.624355e-01	1.751836e-01	-1.696772e-01	-2.585431e-01	8.886592e-02	-1.737045e-01	-6.374082e-03	-5.780874e-03	1.648058e-02	2.459417e-03	1.402116e-02
950           	3.374793e-01	1.622806e-01	1.751987e-01	-1.683351e-01	-2.573714e-01	8.903625e-02	-1.732038e-01	-6.459040e-03	-6.007564e-03	1.713515e-02	2.560010e-03	1.457514e-02
951           	3.373976e-01	1.621677e-01	1.752299e-01	-1.670762e-01	-2.562602e-01	8.918400e-02	-1.727221e-01	-6.531117e-03	-6.301021e-03	1.795686e-02	2.677408e-03	1.527945e-02
952           	3.373227e-01	1.620815e-01	1.752413e-01	-1.659626e-01	-2.552749e-01	8.931235e-02	-1.722936e-01	-6.579896e-03	-6.639236e-03	1.886202e-02	2.791774e-03	1.607025e-02
953           	3.372658e-01	1.620426e-01	1.752233e-01	-1.650664e-01	-2.544780e-01	8.941160e-02	-1.719448e-01	-6.590363e-03	-6.969404e-03	1.972402e-02	2.892607e-03	1.683141e-02
954           	3.371902e-01	1.620204e-01	1.751698e-01	-1.644006e-01	-2.538832e-01	8.948262e-02	-1.716829e-01	-6.574699e-03	-7.317040e-03	2.059040e-02	2.978160e-03	1.761224e-02
955           	3.370821e-01	1.620079e-01	1.750742e-01	-1.639982e-01	-2.535183e-01	8.952009e-02	-1.715192e-01	-6.533166e-03	-7.635916e-03	2.136226e-02	3.045213e-03	1.831704e-02
956           	3.369487e-01	1.620050e-01	1.749436e-01	-1.638670e-01	-2.533893e-01	8.952226e-02	-1.714558e-01	-6.469289e-03	-7.897450e-03	2.199116e-02	3.098128e-03	1.889303e-02
957           	3.368349e-01	1.620221e-01	1.748128e-01	-1.640035e-01	-2.534866e-01	8.948305e-02	-1.714848e-01	-6.395379e-03	-8.114931e-03	2.251229e-02	3.141216e-03	1.937108e-02
958           	3.367869e-01	1.620603e-01	1.747266e-01	-1.643830e-01	-2.537831e-01	8.940009e-02	-1.715916e-01	-6.333134e-03	-8.284112e-03	2.297492e-02	3.203348e-03	1.977157e-02
959           	3.368558e-01	1.621354e-01	1.747204e-01	-1.649413e-01	-2.542130e-01	8.927169e-02	-1.717423e-01	-6.292498e-03	-8.393556e-03	2.337874e-02	3.295815e-03	2.008293e-02
960           	3.370250e-01	1.622205e-01	1.748045e-01	-1.655988e-01	-2.547067e-01	8.910792e-02	-1.719073e-01	-6.292036e-03	-8.473081e-03	2.380123e-02	3.427536e-03	2.037370e-02
961           	3.373038e-01	1.623150e-01	1.749888e-01	-1.662742e-01	-2.551887e-01	8.891451e-02	-1.720516e-01	-6.336857e-03	-8.512855e-03	2.425162e-02	3.612955e-03	2.063867e-02
962           	3.376592e-01	1.624032e-01	1.752561e-01	-1.669125e-01	-2.556153e-01	8.870280e-02	-1.721590e-01	-6.426446e-03	-8.512864e-03	2.477191e-02	3.873091e-03	2.089882e-02
963           	3.380729e-01	1.624812e-01	1.755917e-01	-1.674952e-01	-2.559764e-01	8.848122e-02	-1.722288e-01	-6.555236e-03	-8.479424e-03	2.533454e-02	4.187847e-03	2.114670e-02
964           	3.385054e-01	1.625359e-01	1.759695e-01	-1.680103e-01	-2.562723e-01	8.826202e-02	-1.722672e-01	-6.716784e-03	-8.445966e-03	2.593384e-02	4.520955e-03	2.141289e-02
965           	3.389277e-01	1.625660e-01	1.763617e-01	-1.684678e-01	-2.565337e-01	8.806587e-02	-1.722998e-01	-6.897859e-03	-8.439039e-03	2.647750e-02	4.799710e-03	2.167779e-02
966           	3.393127e-01	1.625858e-01	1.767269e-01	-1.688846e-01	-2.567951e-01	8.791049e-02	-1.723528e-01	-7.070573e-03	-8.454356e-03	2.686597e-02	4.978631e-03	2.188734e-02
967           	3.395960e-01	1.625873e-01	1.770087e-01	-1.692665e-01	-2.570783e-01	8.781175e-02	-1.724450e-01	-7.210698e-03	-8.441198e-03	2.695268e-02	5.035142e-03	2.191754e-02
968           	3.397084e-01	1.625528e-01	1.771556e-01	-1.696267e-01	-2.574012e-01	8.777451e-02	-1.725878e-01	-7.301414e-03	-8.370191e-03	2.667874e-02	4.969178e-03	2.170956e-02
969           	3.396599e-01	1.625043e-01	1.771556e-01	-1.699520e-01	-2.577396e-01	8.778759e-02	-1.727636e-01	-7.325687e-03	-8.198631e-03	2.598493e-02	4.793835e-03	2.119110e-02
970           	3.394977e-01	1.624544e-01	1.770432e-01	-1.702089e-01	-2.580372e-01	8.782829e-02	-1.729327e-01	-7.294400e-03	-7.929461e-03	2.492764e-02	4.534360e-03	2.039328e-02
971           	3.392973e-01	1.624267e-01	1.768706e-01	-1.703741e-01	-2.582423e-01	8.786819e-02	-1.730553e-01	-7.221928e-03	-7.584442e-03	2.358186e-02	4.206486e-03	1.937537e-02
972           	3.390916e-01	1.624230e-01	1.766686e-01	-1.704547e-01	-2.583406e-01	8.788587e-02	-1.731132e-01	-7.122786e-03	-7.200034e-03	2.205434e-02	3.827139e-03	1.822721e-02
973           	3.389278e-01	1.624526e-01	1.764752e-01	-1.704738e-01	-2.583366e-01	8.786280e-02	-1.730997e-01	-7.011311e-03	-6.800197e-03	2.044415e-02	3.421878e-03	1.702227e-02
974           	3.388491e-01	1.625345e-01	1.763145e-01	-1.704445e-01	-2.582367e-01	8.779221e-02	-1.730145e-01	-6.889992e-03	-6.428834e-03	1.887767e-02	3.010000e-03	1.586767e-02
975           	3.388738e-01	1.626753e-01	1.761985e-01	-1.703953e-01	-2.580753e-01	8.768007e-02	-1.728777e-01	-6.761566e-03	-6.108365e-03	1.743719e-02	2.610231e-03	1.482696e-02
976           	3.389657e-01	1.628456e-01	1.761201e-01	-1.703441e-01	-2.578995e-01	8.755541e-02	-1.727275e-01	-6.637267e-03	-5.863419e-03	1.627299e-02	2.273077e-03	1.399992e-02
977           	3.390997e-01	1.630537e-01	1.760460e-01	-1.703653e-01	-2.577968e-01	8.743156e-02	-1.726142e-01	-6.496182e-03	-5.700258e-03	1.525783e-02	1.928659e-03	1.332917e-02
978           	3.392220e-01	1.632579e-01	1.759640e-01	-1.704525e-01	-2.577963e-01	8.734386e-02	-1.725701e-01	-6.353045e-03	-5.623798e-03	1.448424e-02	1.618325e-03	1.286592e-02
979           	3.393124e-01	1.634409e-01	1.758715e-01	-1.706009e-01	-2.579075e-01	8.730660e-02	-1.726070e-01	-6.215288e-03	-5.621722e-03	1.396188e-02	1.359218e-03	1.260266e-02
980           	3.393315e-01	1.635720e-01	1.757596e-01	-1.708048e-01	-2.581362e-01	8.733143e-02	-1.727338e-01	-6.093807e-03	-5.674633e-03	1.368279e-02	1.166763e-03	1.251603e-02
981           	3.392494e-01	1.636419e-01	1.756075e-01	-1.710545e-01	-2.584748e-01	8.742036e-02	-1.729476e-01	-5.982811e-03	-5.747984e-03	1.357921e-02	1.041623e-03	1.253759e-02
982           	3.390728e-01	1.636327e-01	1.754400e-01	-1.713620e-01	-2.589324e-01	8.757037e-02	-1.732514e-01	-5.903661e-03	-5.867920e-03	1.375972e-02	1.011940e-03	1.274778e-02
983           	3.388502e-01	1.635569e-01	1.752933e-01	-1.716956e-01	-2.594662e-01	8.777064e-02	-1.736184e-01	-5.868174e-03	-6.034779e-03	1.423983e-02	1.085138e-03	1.315470e-02
984           	3.386147e-01	1.634336e-01	1.751811e-01	-1.720206e-01	-2.600283e-01	8.800773e-02	-1.740180e-01	-5.873750e-03	-6.236655e-03	1.499318e-02	1.259933e-03	1.373324e-02
985           	3.384244e-01	1.632764e-01	1.751479e-01	-1.722990e-01	-2.605509e-01	8.825195e-02	-1.744014e-01	-5.935739e-03	-6.463947e-03	1.606344e-02	1.567771e-03	1.449566e-02
986           	3.382514e-01	1.630849e-01	1.751665e-01	-1.724551e-01	-2.609545e-01	8.849942e-02	-1.747270e-01	-6.040795e-03	-6.709769e-03	1.737035e-02	1.975404e-03	1.539494e-02
987           	3.381328e-01	1.628866e-01	1.752462e-01	-1.724477e-01	-2.611768e-01	8.872906e-02	-1.749529e-01	-6.179770e-03	-6.973583e-03	1.889833e-02	2.475584e-03	1.642275e-02
988           	3.380516e-01	1.626763e-01	1.753753e-01	-1.722130e-01	-2.611587e-01	8.894572e-02	-1.750522e-01	-6.349536e-03	-7.298894e-03	2.074803e-02	3.075120e-03	1.767291e-02
989           	3.380883e-01	1.625699e-01	1.755185e-01	-1.718520e-01	-2.609218e-01	8.906985e-02	-1.749958e-01	-6.474317e-03	-7.501145e-03	2.221531e-02	3.606509e-03	1.860880e-02
990           	3.381101e-01	1.624222e-01	1.756880e-01	-1.712493e-01	-2.604209e-01	8.917156e-02	-1.747962e-01	-6.632901e-03	-7.766784e-03	2.396154e-02	4.213984e-03	1.974755e-02
991           	3.381587e-01	1.623194e-01	1.758393e-01	-1.705915e-01	-2.597995e-01	8.920797e-02	-1.745037e-01	-6.759958e-03	-8.023414e-03	2.538103e-02	4.667101e-03	2.071393e-02
992           	3.382026e-01	1.622634e-01	1.759391e-01	-1.699313e-01	-2.591408e-01	8.920949e-02	-1.741751e-01	-6.837839e-03	-8.232905e-03	2.636412e-02	4.949157e-03	2.141497e-02
993           	3.382225e-01	1.622230e-01	1.759995e-01	-1.691743e-01	-2.583731e-01	8.919875e-02	-1.737859e-01	-6.888270e-03	-8.438969e-03	2.710770e-02	5.114879e-03	2.199282e-02
994           	3.381949e-01	1.622071e-01	1.759878e-01	-1.684144e-01	-2.575856e-01	8.917116e-02	-1.733784e-01	-6.890326e-03	-8.593002e-03	2.745498e-02	5.134486e-03	2.232049e-02
995           	3.381323e-01	1.622170e-01	1.759154e-01	-1.676850e-01	-2.568094e-01	8.912447e-02	-1.729670e-01	-6.849217e-03	-8.661234e-03	2.738785e-02	5.032689e-03	2.235516e-02
996           	3.380539e-01	1.622525e-01	1.758014e-01	-1.670264e-01	-2.560847e-01	8.905830e-02	-1.725715e-01	-6.774477e-03	-8.623496e-03	2.691273e-02	4.832871e-03	2.207986e-02
997           	3.379901e-01	1.623078e-01	1.756823e-01	-1.664680e-01	-2.554398e-01	8.897183e-02	-1.722058e-01	-6.687242e-03	-8.491456e-03	2.611232e-02	4.564706e-03	2.154762e-02
998           	3.379431e-01	1.623652e-01	1.755779e-01	-1.660247e-01	-2.548975e-01	8.887278e-02	-1.718851e-01	-6.606345e-03	-8.276404e-03	2.507497e-02	4.261081e-03	2.081389e-02
999           	3.379042e-01	1.624091e-01	1.754950e-01	-1.656978e-01	-2.544631e-01	8.876535e-02	-1.716142e-01	-6.542946e-03	-7.998852e-03	2.391849e-02	3.960391e-03	1.995810e-02
1000          	3.378831e-01	1.624346e-01	1.754485e-01	-1.654731e-01	-2.541240e-01	8.865091e-02	-1.713875e-01	-6.506972e-03	-7.697539e-03	2.276236e-02	3.683641e-03	1.907872e-02
